# Messy Silver Hair - Roblox UGC (hair accessory)
# 1 unit = 1 stud, +Y up, front faces -Z, classic head centred at the origin
mtllib messy_hair.mtl
o MessyHair
v 0.06350 0.63500 -0.12700
v 0.06350 0.63500 -0.26516
v 0.11063 0.63500 -0.25930
v 0.16068 0.63500 -0.24642
v 0.21721 0.63500 -0.22008
v 0.27625 0.63500 -0.16927
v 0.32034 0.63500 -0.08614
v 0.32422 0.63500 0.02056
v 0.27468 0.63500 0.12416
v 0.18116 0.63500 0.19865
v 0.06350 0.63500 0.22605
v -0.05295 0.63500 0.19990
v -0.14562 0.63500 0.12999
v -0.19903 0.63500 0.03198
v -0.20359 0.63500 -0.07393
v -0.16595 0.63500 -0.16350
v -0.10600 0.63500 -0.22293
v -0.04296 0.63500 -0.25361
v 0.01372 0.63500 -0.26476
v 0.06344 0.63437 -0.39278
v 0.15428 0.63299 -0.38200
v 0.25106 0.62867 -0.35700
v 0.35939 0.61835 -0.30386
v 0.46845 0.59951 -0.20107
v 0.54296 0.57504 -0.03778
v 0.54111 0.55513 0.16379
v 0.44659 0.54874 0.35611
v 0.27463 0.55302 0.49642
v 0.05653 0.56531 0.55229
v -0.16417 0.58338 0.50796
v -0.34367 0.59970 0.37609
v -0.44824 0.61223 0.18606
v -0.45695 0.62295 -0.02142
v -0.38209 0.63009 -0.19683
v -0.26411 0.63337 -0.31199
v -0.14151 0.63445 -0.37064
v -0.03224 0.63466 -0.39180
v 0.05996 0.59961 -0.50607
v 0.19047 0.59120 -0.48697
v 0.32501 0.57029 -0.44338
v 0.46549 0.53040 -0.35584
v 0.58638 0.46687 -0.20061
v 0.63465 0.38771 0.01726
v 0.58432 0.32003 0.24858
v 0.45122 0.28170 0.44679
v 0.25560 0.26451 0.58129
v 0.02679 0.26790 0.63443
v -0.20553 0.29533 0.60082
v -0.41344 0.33855 0.48197
v -0.56570 0.39484 0.28750
v -0.61994 0.46270 0.03983
v -0.55479 0.52431 -0.20147
v -0.40709 0.56643 -0.37573
v -0.23666 0.58929 -0.46940
v -0.07907 0.59903 -0.50443
v 0.05259 0.52587 -0.58681
v 0.21388 0.51118 -0.55916
v 0.37208 0.47124 -0.49358
v 0.51660 0.39736 -0.36824
v 0.61059 0.29451 -0.17437
v 0.63225 0.19224 0.05908
v 0.56419 0.10873 0.29140
v 0.41702 0.05354 0.47888
v 0.21903 0.02133 0.59603
v 0.00145 0.01451 0.63500
v -0.21210 0.03846 0.59853
v -0.40396 0.08402 0.48994
v -0.55208 0.14748 0.31375
v -0.62958 0.23488 0.08279
v -0.61179 0.33701 -0.17010
v -0.49415 0.43150 -0.39038
v -0.30981 0.49092 -0.52502
v -0.12037 0.51977 -0.58094
v 0.04275 0.42754 -0.62908
v 0.22295 0.40784 -0.59295
v 0.38741 0.35072 -0.50313
v 0.52641 0.26072 -0.35513
v 0.61717 0.14867 -0.14941
v 0.62811 0.03062 0.09331
v 0.54421 -0.07489 0.32721
v 0.38403 -0.15359 0.50571
v 0.18404 -0.20638 0.60775
v -0.02243 -0.22432 0.63460
v -0.21810 -0.19671 0.59637
v -0.39558 -0.13761 0.49673
v -0.53967 -0.05624 0.33464
v -0.62447 0.04958 0.11515
v -0.62055 0.16662 -0.13470
v -0.51964 0.27618 -0.36496
v -0.34899 0.36198 -0.53050
v -0.15087 0.41327 -0.61457
v 0.03200 0.32000 -0.63419
v 0.22072 0.29995 -0.59541
v 0.39164 0.24061 -0.49984
v 0.53401 0.14500 -0.34359
v 0.62213 0.01999 -0.12721
v 0.62248 -0.12240 0.12546
v 0.52108 -0.26500 0.36290
v 0.34449 -0.38755 0.53330
v 0.13682 -0.47059 0.60304
v -0.05000 -0.50000 0.60293
v -0.21947 -0.47059 0.57811
v -0.38592 -0.38755 0.50413
v -0.52613 -0.26500 0.35555
v -0.61825 -0.12240 0.14489
v -0.62643 0.01999 -0.10397
v -0.53597 0.14500 -0.34054
v -0.36963 0.24061 -0.51633
v -0.16945 0.29995 -0.61197
v 0.06100 0.61000 -0.12200
v 0.06100 0.60999 -0.37768
v 0.14853 0.60940 -0.36776
v 0.24214 0.60633 -0.34431
v 0.34728 0.59751 -0.29362
v 0.45332 0.58015 -0.19457
v 0.52579 0.55685 -0.03658
v 0.52403 0.53761 0.15863
v 0.43248 0.53140 0.34486
v 0.26596 0.53556 0.48075
v 0.05475 0.54747 0.53486
v -0.15895 0.56484 0.49182
v -0.33257 0.58033 0.36394
v -0.43340 0.59197 0.17990
v -0.44126 0.60156 -0.02068
v -0.36835 0.60742 -0.18975
v -0.25420 0.60961 -0.30029
v -0.13606 0.61000 -0.35636
v -0.03098 0.61000 -0.37658
v 0.05091 0.50909 -0.56808
v 0.20698 0.49470 -0.54112
v 0.35955 0.45537 -0.47696
v 0.49672 0.38206 -0.35406
v 0.58655 0.28291 -0.16751
v 0.60735 0.18467 0.05675
v 0.54198 0.10445 0.27993
v 0.40060 0.05143 0.46002
v 0.21041 0.02049 0.57256
v 0.00139 0.01394 0.61000
v -0.20375 0.03694 0.57497
v -0.38805 0.08072 0.47065
v -0.53034 0.14168 0.30139
v -0.60479 0.22563 0.07953
v -0.58771 0.32375 -0.16340
v -0.47642 0.41603 -0.37638
v -0.29962 0.47477 -0.50776
v -0.11651 0.50312 -0.56233
v 0.03074 0.30740 -0.60922
v 0.21203 0.28814 -0.57196
v 0.37622 0.23113 -0.48016
v 0.51299 0.13929 -0.33006
v 0.59763 0.01920 -0.12221
v 0.59798 -0.11758 0.12052
v 0.50057 -0.25457 0.34862
v 0.33099 -0.37236 0.51239
v 0.13221 -0.45473 0.58271
v -0.04837 -0.48371 0.58329
v -0.21207 -0.45473 0.55862
v -0.37079 -0.37236 0.48437
v -0.50541 -0.25457 0.34155
v -0.59391 -0.11758 0.13919
v -0.60177 0.01920 -0.09988
v -0.51487 0.13929 -0.32713
v -0.35508 0.23113 -0.49600
v -0.16278 0.28814 -0.58788
v 0.06534 0.64700 -0.15918
v -0.02732 0.04548 -0.68262
v -0.07055 0.65016 -0.33042
v 0.06680 0.68501 -0.33563
v 0.20424 0.65016 -0.33434
v -0.14065 0.63224 -0.50153
v 0.06245 0.64511 -0.52565
v 0.26133 0.59647 -0.51661
v -0.13648 0.52331 -0.62370
v 0.04502 0.51150 -0.65286
v 0.22100 0.46835 -0.61967
v -0.10982 0.36151 -0.65844
v 0.02286 0.34537 -0.68451
v 0.14967 0.32089 -0.64132
v -0.08238 0.22661 -0.66371
v 0.00225 0.21565 -0.68427
v 0.08332 0.19943 -0.65479
v -0.05447 0.12024 -0.67794
v -0.01525 0.11514 -0.68803
v 0.02253 0.10704 -0.67490
v 0.07714 0.64700 -0.15665
v 0.24077 -0.04551 -0.64031
v 0.02725 0.64971 -0.38579
v 0.15634 0.68430 -0.33690
v 0.28127 0.64971 -0.27821
v 0.03554 0.59474 -0.57793
v 0.23205 0.61707 -0.52140
v 0.41121 0.58382 -0.42599
v 0.08498 0.44564 -0.65964
v 0.26603 0.44793 -0.62221
v 0.42110 0.42903 -0.52333
v 0.12522 0.27499 -0.65007
v 0.26094 0.26988 -0.63489
v 0.37118 0.26059 -0.55465
v 0.16505 0.14125 -0.64297
v 0.25299 0.13891 -0.63790
v 0.32347 0.13087 -0.58563
v 0.20660 0.03170 -0.64561
v 0.24751 0.03067 -0.64391
v 0.28067 0.02663 -0.62020
v 0.08946 0.64700 -0.14586
v 0.68266 -0.27666 -0.25785
v 0.23311 0.64611 -0.38786
v 0.30257 0.68270 -0.27758
v 0.35763 0.65143 -0.15794
v 0.39247 0.49969 -0.52233
v 0.50623 0.55571 -0.37376
v 0.57607 0.56866 -0.19181
v 0.47100 0.28280 -0.49391
v 0.58653 0.32879 -0.36987
v 0.64631 0.35738 -0.20722
v 0.56473 0.11347 -0.44676
v 0.64989 0.14861 -0.35498
v 0.67564 0.16909 -0.22917
v 0.63270 -0.04161 -0.38774
v 0.68478 -0.02021 -0.32603
v 0.69381 -0.00577 -0.24425
v 0.68134 -0.18358 -0.32428
v 0.70409 -0.17488 -0.29404
v 0.70584 -0.16606 -0.25626
v 0.09391 0.64700 -0.12935
v 0.57933 -0.58879 0.14441
v 0.41017 0.64032 -0.24961
v 0.41332 0.68037 -0.12751
v 0.39398 0.65418 -0.00317
v 0.62916 0.41686 -0.25871
v 0.66417 0.48518 -0.09029
v 0.64503 0.51133 0.09194
v 0.75718 0.17538 -0.18403
v 0.79882 0.22323 -0.03008
v 0.77361 0.25201 0.13197
v 0.79601 -0.07093 -0.08378
v 0.83144 -0.04632 0.03196
v 0.79689 -0.02008 0.14760
v 0.75710 -0.29694 0.00883
v 0.77527 -0.28697 0.08507
v 0.75032 -0.26366 0.15632
v 0.65812 -0.47132 0.08554
v 0.66612 -0.46868 0.12129
v 0.65568 -0.45617 0.15422
v 0.09100 0.64700 -0.11728
v 0.44090 -0.60196 0.38012
v 0.43633 0.64997 -0.09821
v 0.38096 0.68385 0.01954
v 0.31022 0.64997 0.12876
v 0.67572 0.44262 -0.00116
v 0.63009 0.51731 0.17193
v 0.53147 0.54712 0.33628
v 0.74912 0.18498 0.12679
v 0.71879 0.23759 0.29030
v 0.62424 0.27190 0.43280
v 0.74877 -0.06551 0.24763
v 0.72468 -0.03622 0.37111
v 0.63835 -0.00678 0.46257
v 0.67001 -0.29727 0.32325
v 0.64836 -0.28259 0.40196
v 0.58914 -0.25630 0.45373
v 0.54979 -0.48443 0.36178
v 0.53919 -0.47923 0.39848
v 0.51294 -0.46462 0.42265
v 0.07918 0.64700 -0.10427
v 0.18291 -0.55625 0.59856
v 0.33172 0.65273 0.10246
v 0.22812 0.68748 0.16054
v 0.12066 0.65273 0.21111
v 0.51286 0.53792 0.36446
v 0.37559 0.60052 0.45873
v 0.21009 0.60613 0.52376
v 0.52845 0.28347 0.54914
v 0.42200 0.33631 0.65640
v 0.27478 0.36068 0.71440
v 0.48295 0.01964 0.67427
v 0.40363 0.04707 0.75819
v 0.28951 0.06705 0.78392
v 0.39502 -0.23796 0.71188
v 0.33969 -0.22860 0.76288
v 0.26767 -0.20827 0.77514
v 0.27299 -0.42920 0.64545
v 0.24573 -0.42672 0.66767
v 0.21310 -0.41449 0.67296
v 0.06536 0.64700 -0.10016
v 0.00777 -0.50041 0.66144
v 0.21579 0.65443 0.18050
v 0.07729 0.68939 0.18877
v -0.06138 0.65443 0.19337
v 0.29659 0.60071 0.49530
v 0.09666 0.64596 0.52314
v -0.10948 0.62927 0.51897
v 0.26912 0.36372 0.69068
v 0.09379 0.40105 0.74002
v -0.09190 0.40174 0.73061
v 0.20793 0.10251 0.81615
v 0.07818 0.12043 0.85768
v -0.05663 0.12278 0.83115
v 0.13886 -0.16581 0.83584
v 0.05429 -0.16149 0.86200
v -0.03013 -0.14949 0.83780
v 0.06702 -0.37769 0.75040
v 0.02699 -0.37724 0.76017
v -0.01107 -0.36626 0.74882
v 0.05025 0.64700 -0.10383
v -0.23715 -0.56286 0.57197
v 0.03031 0.65243 0.22052
v -0.09054 0.68737 0.16241
v -0.20965 0.65243 0.10084
v -0.05382 0.61621 0.54594
v -0.24083 0.64219 0.47964
v -0.41218 0.60743 0.38229
v -0.14177 0.36248 0.71498
v -0.31513 0.36919 0.66736
v -0.46042 0.34345 0.56443
v -0.21095 0.07713 0.78600
v -0.34231 0.07684 0.76456
v -0.44475 0.06526 0.68038
v -0.24001 -0.20090 0.76617
v -0.32455 -0.20951 0.75541
v -0.39029 -0.20684 0.70058
v -0.23111 -0.41196 0.65070
v -0.27008 -0.41792 0.64511
v -0.30119 -0.41367 0.62062
v 0.03969 0.64700 -0.11430
v -0.45828 -0.53525 0.44449
v -0.13626 0.65233 0.15004
v -0.21077 0.68725 0.04685
v -0.28142 0.65233 -0.05902
v -0.36013 0.62655 0.38927
v -0.48871 0.63474 0.24929
v -0.58425 0.58341 0.09297
v -0.50061 0.38149 0.51587
v -0.61783 0.36475 0.39235
v -0.67910 0.31765 0.23969
v -0.56551 0.09992 0.56558
v -0.66597 0.08651 0.48936
v -0.71017 0.06092 0.37330
v -0.56544 -0.17060 0.56349
v -0.63222 -0.18726 0.52021
v -0.66483 -0.19547 0.44620
v -0.49692 -0.38280 0.49624
v -0.52792 -0.39337 0.47740
v -0.54534 -0.39540 0.44392
v 0.03576 0.64700 -0.12792
v -0.69993 -0.39319 -0.00015
v -0.22803 0.65181 0.01402
v -0.23133 0.68670 -0.12437
v -0.22910 0.65181 -0.26279
v -0.52455 0.63119 0.07553
v -0.53640 0.63235 -0.13050
v -0.51083 0.57510 -0.32712
v -0.69377 0.40839 0.07624
v -0.69679 0.39066 -0.10838
v -0.63908 0.34166 -0.27772
v -0.77868 0.16569 0.05253
v -0.79782 0.15619 -0.08290
v -0.74987 0.12932 -0.20849
v -0.79757 -0.06721 0.03237
v -0.81639 -0.07829 -0.05330
v -0.78454 -0.08907 -0.13508
v -0.76765 -0.26891 0.01592
v -0.77726 -0.27801 -0.02300
v -0.76417 -0.28054 -0.06188
v 0.03976 0.64700 -0.14414
v -0.68171 -0.19277 -0.33411
v -0.22181 0.65099 -0.14188
v -0.15889 0.68587 -0.26133
v -0.09079 0.65099 -0.37790
v -0.46383 0.64295 -0.20061
v -0.38463 0.63648 -0.38569
v -0.27866 0.57113 -0.54401
v -0.60597 0.47360 -0.26214
v -0.53175 0.43996 -0.42383
v -0.40919 0.37947 -0.54260
v -0.63684 0.26175 -0.27919
v -0.59683 0.23831 -0.40484
v -0.50138 0.19976 -0.49051
v -0.66575 0.08414 -0.30251
v -0.64777 0.07092 -0.38580
v -0.58862 0.04687 -0.44374
v -0.68578 -0.07635 -0.32268
v -0.67987 -0.08349 -0.36168
v -0.65358 -0.09336 -0.39029
v 0.04965 0.64700 -0.15454
v -0.30934 0.04531 -0.61352
v -0.16081 0.65058 -0.23512
v -0.03887 0.68553 -0.30813
v 0.08496 0.65058 -0.37789
v -0.31184 0.64960 -0.36340
v -0.13636 0.65953 -0.48149
v 0.04694 0.60533 -0.57262
v -0.37539 0.54940 -0.49198
v -0.22122 0.53509 -0.60262
v -0.04623 0.48416 -0.65736
v -0.37474 0.38063 -0.54536
v -0.26501 0.36433 -0.63164
v -0.12905 0.33665 -0.65402
v -0.35222 0.23508 -0.56276
v -0.28605 0.22564 -0.62420
v -0.19785 0.20982 -0.63878
v -0.33249 0.12292 -0.59257
v -0.30246 0.11922 -0.62199
v -0.26166 0.11190 -0.62998
v 0.07168 0.64700 -0.15848
v 0.44913 -0.09956 -0.61216
v 0.04299 0.65080 -0.32241
v 0.11183 0.67226 -0.30256
v 0.18001 0.65080 -0.28057
v 0.03428 0.63106 -0.49715
v 0.16562 0.66357 -0.46404
v 0.28825 0.63106 -0.40651
v 0.06570 0.53603 -0.61521
v 0.21363 0.56206 -0.58713
v 0.34247 0.54585 -0.50660
v 0.09957 0.39716 -0.65832
v 0.24221 0.41416 -0.63943
v 0.36095 0.41634 -0.55643
v 0.13670 0.25882 -0.65195
v 0.25541 0.27256 -0.64101
v 0.34867 0.28219 -0.56610
v 0.17936 0.13757 -0.64647
v 0.26909 0.16297 -0.63657
v 0.33926 0.18092 -0.57700
v 0.24928 0.04019 -0.64113
v 0.30451 0.07971 -0.63437
v 0.34855 0.10919 -0.59138
v 0.33932 -0.01615 -0.63601
v 0.36926 0.01518 -0.63123
v 0.39251 0.03937 -0.60339
v 0.41315 -0.05759 -0.62644
v 0.42884 -0.04555 -0.62203
v 0.43965 -0.03647 -0.60748
v 0.07779 0.64700 -0.15634
v 0.32893 -0.03943 -0.68842
v 0.05891 0.65189 -0.32105
v 0.13781 0.67750 -0.28826
v 0.21587 0.65189 -0.25350
v 0.04514 0.63802 -0.48688
v 0.20014 0.66747 -0.44004
v 0.34516 0.63124 -0.37118
v 0.06656 0.56418 -0.60139
v 0.24323 0.57535 -0.56450
v 0.39867 0.54123 -0.47865
v 0.08835 0.44380 -0.66020
v 0.25689 0.43679 -0.63033
v 0.39910 0.41211 -0.53806
v 0.10786 0.30883 -0.66233
v 0.24776 0.29758 -0.64442
v 0.36146 0.28132 -0.56180
v 0.12754 0.18861 -0.66278
v 0.23899 0.19185 -0.65390
v 0.32751 0.18448 -0.58591
v 0.17304 0.08753 -0.67033
v 0.24800 0.11842 -0.66316
v 0.31189 0.13110 -0.61436
v 0.24497 0.03362 -0.68375
v 0.28645 0.06457 -0.67873
v 0.32414 0.08190 -0.64737
v 0.30241 0.00236 -0.69277
v 0.32445 0.01150 -0.68883
v 0.34197 0.01570 -0.67271
v 0.08741 0.64700 -0.14871
v 0.60124 -0.15459 -0.58829
v 0.15420 0.65303 -0.31403
v 0.20832 0.67591 -0.25998
v 0.26006 0.65303 -0.20364
v 0.22312 0.61953 -0.47801
v 0.33733 0.65445 -0.39037
v 0.43143 0.62650 -0.27943
v 0.28813 0.51244 -0.56884
v 0.42695 0.53129 -0.48630
v 0.52645 0.51348 -0.35892
v 0.32082 0.36681 -0.59705
v 0.45649 0.37078 -0.52403
v 0.54735 0.35680 -0.40031
v 0.35640 0.23422 -0.60666
v 0.47231 0.23453 -0.55331
v 0.54326 0.22117 -0.44809
v 0.38289 0.10482 -0.60752
v 0.47450 0.11306 -0.56799
v 0.53049 0.10847 -0.48512
v 0.43267 -0.00196 -0.60495
v 0.49335 0.02773 -0.57767
v 0.53422 0.03901 -0.51842
v 0.51309 -0.06022 -0.60378
v 0.54632 -0.03179 -0.58783
v 0.57024 -0.01691 -0.55078
v 0.57790 -0.10037 -0.60041
v 0.59556 -0.09220 -0.59093
v 0.60605 -0.08858 -0.57236
v 0.09231 0.64700 -0.13988
v 0.72510 -0.25854 -0.48933
v 0.22488 0.65565 -0.28156
v 0.25629 0.68030 -0.20539
v 0.28460 0.65565 -0.12801
v 0.36936 0.60802 -0.41323
v 0.43886 0.65426 -0.27797
v 0.48199 0.63788 -0.12586
v 0.47836 0.47901 -0.45806
v 0.57247 0.52658 -0.31891
v 0.61990 0.53066 -0.15093
v 0.56126 0.33767 -0.46392
v 0.66182 0.37850 -0.33907
v 0.70931 0.38816 -0.18090
v 0.64033 0.20246 -0.44917
v 0.72924 0.22850 -0.34860
v 0.75970 0.23407 -0.21542
v 0.68372 0.07701 -0.42413
v 0.75787 0.08089 -0.34592
v 0.77782 0.07245 -0.24027
v 0.70923 -0.00956 -0.42167
v 0.76366 -0.03152 -0.36958
v 0.77815 -0.06543 -0.30030
v 0.72378 -0.08899 -0.46138
v 0.75899 -0.11245 -0.43447
v 0.76874 -0.14376 -0.39654
v 0.72431 -0.18043 -0.50061
v 0.74243 -0.18836 -0.48829
v 0.74968 -0.19793 -0.46830
v 0.09380 0.64700 -0.12756
v 0.86156 -0.37537 0.25310
v 0.29621 0.65534 -0.18763
v 0.28762 0.67834 -0.11133
v 0.27669 0.65534 -0.03532
v 0.51840 0.60351 -0.21673
v 0.50622 0.65815 -0.07898
v 0.46499 0.64929 0.06360
v 0.65638 0.45251 -0.16996
v 0.66368 0.52470 -0.02376
v 0.61904 0.55076 0.13105
v 0.76158 0.30254 -0.09658
v 0.78375 0.37090 0.04041
v 0.74408 0.40746 0.18540
v 0.83238 0.14948 -0.00753
v 0.84993 0.19577 0.11059
v 0.79973 0.22488 0.22476
v 0.84981 -0.00630 0.07348
v 0.85894 0.02462 0.16868
v 0.81179 0.04616 0.25480
v 0.86777 -0.12610 0.13602
v 0.87074 -0.10732 0.20665
v 0.83393 -0.09960 0.26938
v 0.89472 -0.21565 0.18025
v 0.89574 -0.20662 0.22608
v 0.87151 -0.20452 0.26598
v 0.89905 -0.30281 0.21877
v 0.89938 -0.29898 0.24015
v 0.88781 -0.29425 0.25791
v 0.09173 0.64700 -0.11895
v 0.76424 -0.37975 0.45242
v 0.30298 0.65649 -0.11667
v 0.27054 0.67999 -0.04535
v 0.23736 0.65649 0.02563
v 0.53114 0.62194 -0.07694
v 0.47080 0.67303 0.05238
v 0.38706 0.65825 0.17785
v 0.66461 0.47948 0.01795
v 0.61967 0.55393 0.15983
v 0.52555 0.57906 0.29475
v 0.74024 0.32556 0.12517
v 0.71806 0.39970 0.26259
v 0.63528 0.44008 0.39062
v 0.79369 0.17763 0.24181
v 0.77031 0.22781 0.35999
v 0.68467 0.25703 0.45402
v 0.79225 0.02382 0.33030
v 0.76661 0.05255 0.42537
v 0.69059 0.06990 0.49201
v 0.79459 -0.09549 0.38692
v 0.77126 -0.08795 0.45743
v 0.71353 -0.09102 0.50463
v 0.81525 -0.19750 0.41630
v 0.80037 -0.19961 0.46156
v 0.76367 -0.20696 0.49110
v 0.81194 -0.30187 0.43378
v 0.80512 -0.30105 0.45485
v 0.78794 -0.29871 0.46867
v 0.08848 0.64700 -0.11294
v 0.57070 -0.47436 0.61232
v 0.30835 0.66490 -0.06864
v 0.26177 0.68992 0.00054
v 0.21466 0.66490 0.06937
v 0.53692 0.62476 0.00292
v 0.45740 0.67432 0.13364
v 0.35456 0.65836 0.25628
v 0.67061 0.47647 0.10803
v 0.60731 0.54436 0.25837
v 0.49736 0.56174 0.39557
v 0.75973 0.31380 0.21937
v 0.71789 0.37407 0.36983
v 0.61779 0.40046 0.50138
v 0.79443 0.13176 0.32160
v 0.76283 0.16915 0.45098
v 0.66963 0.19142 0.55075
v 0.77631 -0.06103 0.39494
v 0.75338 -0.03060 0.49727
v 0.67562 -0.00478 0.56943
v 0.74401 -0.22023 0.47610
v 0.72678 -0.18773 0.54653
v 0.67041 -0.15724 0.59350
v 0.69762 -0.32452 0.55824
v 0.68512 -0.30072 0.60129
v 0.64929 -0.27545 0.62688
v 0.63854 -0.40575 0.60979
v 0.63029 -0.39852 0.63069
v 0.61315 -0.38711 0.64222
v 0.07860 0.64700 -0.10393
v 0.41687 -0.53862 0.59023
v 0.25167 0.66254 0.03479
v 0.18444 0.68602 0.07483
v 0.11751 0.66254 0.11536
v 0.43020 0.64803 0.19565
v 0.30858 0.68618 0.27731
v 0.17620 0.65670 0.34454
v 0.53294 0.52060 0.36008
v 0.41651 0.57543 0.46524
v 0.26831 0.57555 0.54046
v 0.58445 0.35250 0.49818
v 0.48741 0.40019 0.61271
v 0.34819 0.41060 0.68564
v 0.59524 0.16341 0.60943
v 0.51649 0.19003 0.70981
v 0.39547 0.19836 0.75749
v 0.56729 -0.03264 0.65994
v 0.50438 -0.02368 0.74028
v 0.40738 -0.01849 0.77278
v 0.54499 -0.20229 0.67868
v 0.49928 -0.20797 0.73729
v 0.42870 -0.21007 0.76119
v 0.52222 -0.34299 0.65689
v 0.49424 -0.35298 0.69410
v 0.44980 -0.35455 0.71114
v 0.47938 -0.46138 0.62020
v 0.46591 -0.46497 0.63739
v 0.44576 -0.46191 0.64605
v 0.07130 0.64700 -0.10101
v 0.23053 -0.46995 0.73644
v 0.20490 0.66798 0.07084
v 0.12171 0.69371 0.09183
v 0.03883 0.66798 0.11401
v 0.33163 0.65687 0.25873
v 0.17642 0.69134 0.30366
v 0.01827 0.65687 0.33683
v 0.39597 0.57202 0.46085
v 0.23362 0.62277 0.52427
v 0.05516 0.61312 0.55618
v 0.41095 0.41793 0.61623
v 0.26437 0.46494 0.69292
v 0.09466 0.46762 0.72063
v 0.39713 0.24574 0.74972
v 0.27688 0.27479 0.81952
v 0.13514 0.27686 0.82842
v 0.36194 0.05447 0.80996
v 0.26568 0.06595 0.86667
v 0.15349 0.06738 0.86164
v 0.33482 -0.11687 0.83598
v 0.26356 -0.11855 0.87596
v 0.18208 -0.12101 0.87010
v 0.31615 -0.26760 0.82814
v 0.27085 -0.27334 0.85347
v 0.21873 -0.27268 0.85028
v 0.28133 -0.39274 0.78651
v 0.25998 -0.39465 0.79791
v 0.23618 -0.38994 0.79728
v 0.05997 0.64700 -0.10046
v -0.32162 -0.51512 0.64234
v 0.09798 0.67161 0.12237
v 0.02163 0.69509 0.10501
v -0.05499 0.67161 0.08894
v 0.11006 0.65901 0.35940
v -0.03339 0.69355 0.32521
v -0.17379 0.65901 0.28013
v 0.05496 0.58381 0.58788
v -0.10244 0.62827 0.55786
v -0.25518 0.61145 0.49433
v -0.01979 0.41763 0.74124
v -0.17063 0.46160 0.72898
v -0.31363 0.46169 0.66273
v -0.10567 0.22629 0.84515
v -0.23277 0.25539 0.84304
v -0.34514 0.25998 0.77703
v -0.17099 0.01244 0.86738
v -0.27165 0.03159 0.86541
v -0.35518 0.04453 0.80744
v -0.23826 -0.18002 0.85697
v -0.31094 -0.16396 0.85226
v -0.36780 -0.14515 0.80780
v -0.29623 -0.33078 0.80223
v -0.34251 -0.32146 0.79578
v -0.37586 -0.30385 0.76666
v -0.32255 -0.44205 0.71885
v -0.34426 -0.44065 0.71470
v -0.36010 -0.43239 0.70160
v 0.05062 0.64700 -0.10362
v -0.21808 -0.46317 0.76275
v 0.02792 0.66550 0.11080
v -0.04103 0.68844 0.07768
v -0.11045 0.66550 0.04556
v 0.00593 0.65696 0.32832
v -0.12888 0.69167 0.27761
v -0.26027 0.65696 0.21860
v -0.06152 0.61331 0.54367
v -0.21677 0.63926 0.50277
v -0.35875 0.60327 0.43210
v -0.11904 0.46224 0.69632
v -0.26994 0.47379 0.66703
v -0.39857 0.44040 0.58891
v -0.17580 0.27648 0.80908
v -0.30258 0.28100 0.79513
v -0.40452 0.25754 0.72201
v -0.20155 0.06995 0.84555
v -0.30145 0.06656 0.83962
v -0.38130 0.05345 0.78064
v -0.21589 -0.10822 0.86135
v -0.28840 -0.11487 0.85881
v -0.34718 -0.12451 0.81683
v -0.22093 -0.25460 0.86066
v -0.26689 -0.26197 0.86012
v -0.30528 -0.26614 0.83412
v -0.21927 -0.37785 0.82452
v -0.24043 -0.38239 0.82414
v -0.25885 -0.38175 0.81280
v 0.04122 0.64700 -0.11195
v -0.80936 -0.28498 0.45658
v -0.06377 0.66768 0.06332
v -0.11057 0.69266 -0.00563
v -0.15862 0.66768 -0.07371
v -0.18270 0.65855 0.23379
v -0.27339 0.69337 0.10578
v -0.35821 0.65855 -0.02618
v -0.35155 0.63700 0.36542
v -0.45920 0.65847 0.22718
v -0.54045 0.61637 0.07623
v -0.48673 0.51048 0.45088
v -0.59166 0.51744 0.32083
v -0.65018 0.47648 0.16961
v -0.60576 0.35233 0.50221
v -0.69596 0.35621 0.39756
v -0.73090 0.32546 0.26742
v -0.67153 0.17014 0.52104
v -0.74647 0.17443 0.44188
v -0.76804 0.15952 0.33599
v -0.71846 0.01633 0.51500
v -0.77166 0.02586 0.45687
v -0.78622 0.02137 0.37897
v -0.77731 -0.09503 0.50176
v -0.81006 -0.08642 0.46400
v -0.81810 -0.08719 0.41393
v -0.81684 -0.19550 0.48274
v -0.83209 -0.19446 0.46479
v -0.83495 -0.19414 0.44139
v 0.03786 0.64700 -0.11805
v -0.88627 -0.24828 0.39027
v -0.10193 0.67688 0.02001
v -0.13177 0.69872 -0.04648
v -0.16332 0.67688 -0.11217
v -0.23873 0.66324 0.16138
v -0.30752 0.69797 0.04264
v -0.36854 0.66324 -0.08027
v -0.40775 0.64416 0.27224
v -0.49645 0.65832 0.14555
v -0.55680 0.60894 0.01125
v -0.54674 0.53595 0.36111
v -0.63332 0.52800 0.24228
v -0.67107 0.47127 0.11175
v -0.66359 0.38497 0.42870
v -0.73765 0.37382 0.33234
v -0.75308 0.32775 0.22037
v -0.71895 0.19933 0.46905
v -0.78082 0.19705 0.39647
v -0.79486 0.17633 0.30441
v -0.76705 0.03879 0.46758
v -0.81076 0.05350 0.41571
v -0.82102 0.05442 0.34705
v -0.83781 -0.06926 0.43590
v -0.86325 -0.05331 0.40326
v -0.86769 -0.04675 0.35962
v -0.88968 -0.15983 0.40554
v -0.90169 -0.15706 0.38901
v -0.90271 -0.15607 0.36844
v 0.03582 0.64700 -0.12684
v -0.95227 -0.20693 0.12158
v -0.13822 0.66230 -0.03870
v -0.14251 0.68560 -0.11624
v -0.14775 0.66230 -0.19373
v -0.32169 0.65467 0.04157
v -0.33765 0.68929 -0.10382
v -0.34343 0.65467 -0.24997
v -0.51922 0.62922 0.07173
v -0.54475 0.63550 -0.09117
v -0.53501 0.58174 -0.24686
v -0.66305 0.50203 0.08827
v -0.68429 0.49072 -0.06626
v -0.65174 0.43614 -0.20916
v -0.77631 0.34848 0.08751
v -0.79759 0.33760 -0.03969
v -0.75749 0.29517 -0.15521
v -0.83194 0.18362 0.08868
v -0.85355 0.17012 -0.00975
v -0.81991 0.13917 -0.10056
v -0.86821 0.06150 0.09321
v -0.88496 0.04413 0.02327
v -0.86241 0.01218 -0.03953
v -0.91610 -0.02495 0.10746
v -0.92768 -0.03927 0.06393
v -0.91495 -0.06434 0.02594
v -0.95355 -0.11720 0.12321
v -0.95993 -0.12262 0.10290
v -0.95396 -0.13060 0.08331
v 0.03734 0.64700 -0.13877
v -0.97345 -0.06820 -0.04252
v -0.14329 0.66189 -0.11310
v -0.12138 0.68599 -0.19042
v -0.10038 0.66189 -0.26800
v -0.32117 0.65367 -0.08183
v -0.30007 0.68823 -0.23171
v -0.26809 0.65367 -0.37966
v -0.49527 0.64253 -0.09192
v -0.48646 0.63489 -0.26202
v -0.44526 0.56810 -0.41338
v -0.63122 0.54134 -0.09535
v -0.62050 0.50684 -0.25283
v -0.56113 0.43055 -0.38229
v -0.74003 0.41144 -0.10249
v -0.73009 0.37534 -0.23075
v -0.66664 0.30757 -0.32685
v -0.80735 0.26948 -0.09200
v -0.80898 0.23948 -0.19283
v -0.76025 0.18638 -0.26948
v -0.85804 0.16397 -0.08154
v -0.86247 0.13528 -0.15238
v -0.83170 0.08818 -0.20431
v -0.91566 0.09191 -0.06935
v -0.92015 0.07040 -0.11306
v -0.90301 0.03647 -0.14383
v -0.96126 0.01338 -0.05168
v -0.96470 0.00496 -0.07252
v -0.95625 -0.00741 -0.08963
v 0.04342 0.64700 -0.14922
v -0.39469 -0.11721 -0.67801
v -0.11817 0.65271 -0.20924
v -0.06734 0.67410 -0.25927
v -0.01647 0.65271 -0.30925
v -0.28209 0.65387 -0.28908
v -0.19100 0.68046 -0.39026
v -0.09089 0.63916 -0.47695
v -0.40504 0.59867 -0.38877
v -0.30777 0.59955 -0.50578
v -0.18568 0.54957 -0.58159
v -0.47495 0.46276 -0.45013
v -0.38242 0.44967 -0.56006
v -0.25331 0.41504 -0.61433
v -0.48317 0.30404 -0.46527
v -0.41129 0.29356 -0.56011
v -0.30021 0.27376 -0.59937
v -0.48694 0.16734 -0.48709
v -0.43172 0.17269 -0.56218
v -0.34481 0.16612 -0.59564
v -0.47237 0.05321 -0.53377
v -0.43515 0.08015 -0.58382
v -0.37281 0.09408 -0.60695
v -0.44079 -0.01451 -0.60418
v -0.41897 0.01069 -0.63198
v -0.38047 0.02709 -0.64348
v -0.41184 -0.06345 -0.65898
v -0.39929 -0.05578 -0.67278
v -0.38020 -0.05124 -0.67752
v 0.05194 0.64700 -0.15587
v -0.49162 0.08715 -0.62782
v -0.06991 0.65662 -0.24545
v -0.00796 0.67758 -0.27778
v 0.05381 0.65662 -0.31045
v -0.19090 0.65493 -0.33609
v -0.08090 0.68386 -0.41083
v 0.03386 0.64422 -0.47233
v -0.27487 0.62710 -0.43846
v -0.15931 0.62975 -0.53287
v -0.03244 0.57482 -0.58911
v -0.33512 0.53935 -0.51565
v -0.23021 0.52185 -0.60905
v -0.10314 0.47095 -0.64506
v -0.36163 0.41435 -0.55081
v -0.27685 0.39041 -0.62789
v -0.16691 0.35354 -0.64393
v -0.37042 0.30586 -0.55669
v -0.30902 0.28091 -0.61975
v -0.22697 0.24388 -0.63600
v -0.38950 0.24392 -0.57920
v -0.35044 0.21387 -0.62395
v -0.30359 0.16785 -0.63482
v -0.43116 0.19817 -0.60447
v -0.41052 0.17341 -0.63222
v -0.38741 0.13819 -0.63802
v -0.47704 0.14263 -0.61908
v -0.46727 0.13390 -0.63388
v -0.45367 0.12051 -0.63905
v 0.05995 0.64700 -0.15866
v -0.18926 0.03842 -0.71090
v -0.03741 0.65449 -0.27977
v 0.04143 0.67836 -0.29065
v 0.12030 0.65449 -0.30133
v -0.12572 0.65131 -0.41166
v 0.02270 0.67972 -0.44048
v 0.17094 0.64030 -0.45201
v -0.16033 0.60295 -0.53538
v 0.00341 0.61483 -0.57513
v 0.16687 0.57246 -0.57064
v -0.16873 0.50012 -0.61829
v -0.01451 0.49906 -0.66123
v 0.14147 0.46995 -0.64005
v -0.15276 0.37185 -0.64476
v -0.02727 0.36466 -0.68640
v 0.10123 0.34876 -0.65864
v -0.13382 0.27135 -0.64987
v -0.03806 0.25446 -0.68730
v 0.06086 0.23017 -0.66538
v -0.12718 0.21416 -0.66444
v -0.06592 0.18040 -0.69368
v -0.00612 0.13560 -0.68080
v -0.15369 0.15942 -0.68607
v -0.12114 0.12997 -0.70656
v -0.09062 0.09287 -0.70038
v -0.18957 0.09419 -0.70228
v -0.17304 0.08380 -0.71350
v -0.15530 0.06999 -0.71229
v 0.09094 0.66442 -0.15117
v 0.62321 -0.14021 -0.54536
v 0.16478 0.67248 -0.32050
v 0.21997 0.70000 -0.24674
v 0.27129 0.67248 -0.17023
v 0.25103 0.62572 -0.47658
v 0.35845 0.66918 -0.34301
v 0.44463 0.64885 -0.18994
v 0.34643 0.52234 -0.55071
v 0.47449 0.57161 -0.41300
v 0.56566 0.57206 -0.24131
v 0.42653 0.39851 -0.57384
v 0.55680 0.44527 -0.45244
v 0.64314 0.45597 -0.29018
v 0.51124 0.28327 -0.57298
v 0.62377 0.31811 -0.47715
v 0.68708 0.32619 -0.33936
v 0.57278 0.17669 -0.55972
v 0.66702 0.18940 -0.48561
v 0.70692 0.18534 -0.37191
v 0.60275 0.09303 -0.54906
v 0.67150 0.07866 -0.49648
v 0.69890 0.05718 -0.41596
v 0.60796 0.01303 -0.55476
v 0.65156 -0.00586 -0.52504
v 0.66920 -0.02759 -0.47648
v 0.60891 -0.07370 -0.56078
v 0.63030 -0.07927 -0.54697
v 0.64011 -0.08561 -0.52368
v 0.09419 0.66196 -0.14383
v 0.63784 -0.24018 -0.50811
v 0.20750 0.67224 -0.30029
v 0.25004 0.70054 -0.21568
v 0.28823 0.67224 -0.12903
v 0.31803 0.62185 -0.44577
v 0.41252 0.66479 -0.29677
v 0.48221 0.64464 -0.13030
v 0.41709 0.51467 -0.51296
v 0.53863 0.55408 -0.35955
v 0.61878 0.54521 -0.17690
v 0.50118 0.39010 -0.54374
v 0.62707 0.41707 -0.40527
v 0.70315 0.40890 -0.23237
v 0.57414 0.25754 -0.54609
v 0.68529 0.27012 -0.43752
v 0.74095 0.26099 -0.29221
v 0.61430 0.12661 -0.53393
v 0.70932 0.12403 -0.45468
v 0.74652 0.11096 -0.33737
v 0.63173 0.01915 -0.52396
v 0.70202 0.00271 -0.46991
v 0.72972 -0.01847 -0.38674
v 0.63735 -0.07511 -0.52709
v 0.68284 -0.09166 -0.49583
v 0.70190 -0.11014 -0.44470
v 0.63758 -0.16828 -0.52751
v 0.65939 -0.17509 -0.51353
v 0.66962 -0.18091 -0.48946
v 0.09767 0.67332 -0.13344
v 0.86802 -0.16675 0.38952
v 0.28242 0.69246 -0.21656
v 0.27420 0.71999 -0.12507
v 0.26373 0.69246 -0.03382
v 0.47625 0.64082 -0.26709
v 0.45763 0.69198 -0.09932
v 0.41655 0.67692 0.07154
v 0.63233 0.53311 -0.23698
v 0.62375 0.61201 -0.06007
v 0.57597 0.63375 0.12658
v 0.75204 0.41151 -0.16977
v 0.76407 0.49757 -0.00801
v 0.72319 0.53948 0.16605
v 0.83826 0.28597 -0.07979
v 0.86449 0.35487 0.05253
v 0.82737 0.39535 0.19370
v 0.88876 0.14503 0.01253
v 0.91401 0.20169 0.11553
v 0.87178 0.24355 0.22004
v 0.90342 0.02186 0.12317
v 0.91954 0.07517 0.19064
v 0.88572 0.12328 0.25543
v 0.90109 -0.05305 0.24153
v 0.90925 -0.01441 0.28110
v 0.88566 0.02211 0.31624
v 0.88821 -0.10966 0.33604
v 0.88977 -0.09451 0.35710
v 0.87692 -0.07982 0.37425
v 0.09224 0.67121 -0.11782
v 0.62825 -0.34751 0.63702
v 0.30436 0.70035 -0.08159
v 0.25848 0.72478 -0.01430
v 0.21220 0.70035 0.05271
v 0.51138 0.65643 -0.01535
v 0.42673 0.70074 0.10953
v 0.32353 0.67808 0.22597
v 0.65519 0.54472 0.09715
v 0.57925 0.61480 0.23550
v 0.46505 0.62703 0.36445
v 0.75000 0.40785 0.22072
v 0.69902 0.48022 0.35834
v 0.59499 0.50934 0.48125
v 0.79912 0.25509 0.34158
v 0.76750 0.30649 0.46266
v 0.67573 0.33239 0.55862
v 0.80005 0.08511 0.43363
v 0.77539 0.12002 0.53130
v 0.69770 0.14523 0.59984
v 0.77208 -0.06461 0.50996
v 0.75233 -0.03678 0.57963
v 0.69490 -0.01228 0.62569
v 0.73665 -0.17934 0.58087
v 0.72226 -0.16137 0.62476
v 0.68505 -0.14267 0.65163
v 0.68456 -0.27450 0.62491
v 0.67624 -0.26851 0.64555
v 0.65862 -0.25940 0.65728
v 0.08354 0.66871 -0.10886
v 0.42295 -0.35844 0.78458
v 0.27598 0.70519 -0.00490
v 0.20046 0.73287 0.04818
v 0.12563 0.70519 0.10222
v 0.45877 0.67693 0.11852
v 0.31893 0.71113 0.22189
v 0.16987 0.67730 0.31158
v 0.57582 0.57721 0.26991
v 0.43770 0.63830 0.39300
v 0.27218 0.63827 0.49577
v 0.64833 0.44626 0.41974
v 0.53163 0.50687 0.54918
v 0.37542 0.51939 0.64659
v 0.67807 0.28793 0.55510
v 0.58797 0.32969 0.67043
v 0.45353 0.34127 0.74080
v 0.66540 0.10257 0.64377
v 0.59546 0.13370 0.73727
v 0.48291 0.15083 0.77776
v 0.61751 -0.06252 0.71001
v 0.56460 -0.03246 0.77349
v 0.48307 -0.00817 0.79573
v 0.55413 -0.18520 0.77198
v 0.51844 -0.16346 0.80953
v 0.46720 -0.14236 0.81878
v 0.48270 -0.28347 0.79704
v 0.46416 -0.27605 0.81388
v 0.44045 -0.26554 0.81697
v 0.07139 0.67269 -0.10446
v 0.19582 -0.28076 0.91976
v 0.18384 0.71655 0.06639
v 0.10642 0.74005 0.07937
v 0.02954 0.71655 0.09520
v 0.28668 0.69627 0.24376
v 0.14269 0.73075 0.27730
v -0.00354 0.69627 0.29904
v 0.33900 0.63756 0.43171
v 0.18502 0.68057 0.47882
v 0.02137 0.65866 0.50162
v 0.36233 0.53100 0.60688
v 0.22158 0.57336 0.66473
v 0.06520 0.56028 0.68282
v 0.35976 0.38843 0.75856
v 0.24748 0.41939 0.81788
v 0.11720 0.41002 0.82288
v 0.34166 0.21379 0.85345
v 0.25278 0.23098 0.90205
v 0.15020 0.22905 0.89648
v 0.30838 0.05096 0.89807
v 0.24261 0.06231 0.93176
v 0.16833 0.06600 0.92404
v 0.27006 -0.07883 0.92684
v 0.22743 -0.07159 0.94713
v 0.18034 -0.06712 0.94048
v 0.23140 -0.19290 0.93854
v 0.21123 -0.19065 0.94755
v 0.18957 -0.18734 0.94392
v 0.06178 0.67296 -0.10459
v 0.04368 -0.28085 0.94046
v 0.12176 0.71967 0.09260
v 0.03668 0.74537 0.08032
v -0.04886 0.71967 0.07190
v 0.17676 0.70190 0.28984
v 0.01518 0.73648 0.28080
v -0.14544 0.70190 0.26099
v 0.17941 0.65415 0.48467
v 0.00133 0.69083 0.48726
v -0.17688 0.66180 0.46572
v 0.16070 0.55513 0.66357
v -0.00731 0.58904 0.68083
v -0.17641 0.56586 0.65759
v 0.12543 0.41458 0.81373
v -0.01179 0.43854 0.84261
v -0.15028 0.42003 0.81587
v 0.09537 0.24226 0.90267
v -0.01170 0.25071 0.93614
v -0.11998 0.23666 0.90902
v 0.07814 0.08079 0.93800
v 0.00124 0.07668 0.96577
v -0.07749 0.06388 0.94735
v 0.07345 -0.05767 0.95698
v 0.02536 -0.06372 0.97663
v -0.02514 -0.07276 0.96647
v 0.06532 -0.18544 0.96256
v 0.04320 -0.18839 0.97223
v 0.01931 -0.19015 0.96808
v 0.04959 0.67788 -0.11078
v -0.45604 -0.30733 0.80871
v 0.00006 0.72498 0.09554
v -0.06664 0.75029 0.04355
v -0.13544 0.72498 -0.00564
v -0.05901 0.70529 0.30064
v -0.19039 0.73980 0.21064
v -0.31489 0.70529 0.11133
v -0.16816 0.66023 0.47588
v -0.31699 0.68961 0.38083
v -0.44976 0.65372 0.26623
v -0.28736 0.55820 0.62336
v -0.43311 0.58086 0.53962
v -0.55204 0.54763 0.42336
v -0.39919 0.40615 0.72886
v -0.52532 0.42104 0.66967
v -0.61570 0.39582 0.56562
v -0.46588 0.22688 0.78107
v -0.56996 0.22604 0.74339
v -0.63711 0.20540 0.65785
v -0.48415 0.06606 0.80442
v -0.55999 0.05061 0.78210
v -0.60923 0.02760 0.72265
v -0.47456 -0.07495 0.83123
v -0.52271 -0.08987 0.82084
v -0.55557 -0.10724 0.78526
v -0.46021 -0.20868 0.83946
v -0.48297 -0.21490 0.83552
v -0.49988 -0.21955 0.81924
v 0.04185 0.67015 -0.11719
v -0.75680 -0.10537 0.58286
v -0.06241 0.71493 0.04079
v -0.10356 0.73868 -0.02718
v -0.14801 0.71493 -0.09304
v -0.17030 0.69908 0.19595
v -0.25696 0.73372 0.07402
v -0.33535 0.69908 -0.05339
v -0.31246 0.66946 0.30875
v -0.41326 0.69692 0.17641
v -0.49457 0.65792 0.03394
v -0.45905 0.59876 0.39895
v -0.55921 0.61386 0.27537
v -0.62483 0.57005 0.13643
v -0.59116 0.48138 0.46114
v -0.68055 0.49112 0.36426
v -0.72354 0.45343 0.24509
v -0.68274 0.33912 0.50307
v -0.75878 0.33783 0.43215
v -0.78826 0.30799 0.33699
v -0.72528 0.20652 0.53138
v -0.78381 0.19393 0.48510
v -0.80676 0.16738 0.41806
v -0.74099 0.09321 0.56251
v -0.77976 0.08069 0.53648
v -0.79622 0.06167 0.49519
v -0.74818 -0.01600 0.58463
v -0.76699 -0.02058 0.57323
v -0.77598 -0.02695 0.55363
v 0.03765 0.67948 -0.13280
v -0.94060 0.08550 0.09992
v -0.10273 0.71720 -0.03961
v -0.11282 0.74123 -0.11932
v -0.12658 0.71720 -0.19848
v -0.22933 0.70315 0.05953
v -0.27009 0.73782 -0.08615
v -0.30155 0.70315 -0.23411
v -0.36551 0.68268 0.11391
v -0.42409 0.70826 -0.04407
v -0.46420 0.66635 -0.20433
v -0.50936 0.65146 0.15445
v -0.57248 0.65123 0.00580
v -0.60217 0.58956 -0.14049
v -0.64234 0.57281 0.18496
v -0.69854 0.56319 0.06418
v -0.70837 0.50121 -0.05372
v -0.75121 0.45469 0.21894
v -0.79488 0.45498 0.12328
v -0.79223 0.41651 0.02544
v -0.82866 0.32076 0.21250
v -0.86100 0.34366 0.14703
v -0.85729 0.34388 0.07059
v -0.88908 0.22442 0.15895
v -0.90910 0.24541 0.11959
v -0.90411 0.25642 0.07222
v -0.92678 0.15192 0.11251
v -0.93610 0.15661 0.09231
v -0.93298 0.15800 0.06984
v 0.03827 0.67682 -0.14246
v -0.84419 -0.09525 -0.32775
v -0.14022 0.70402 -0.09940
v -0.12005 0.73065 -0.18585
v -0.10010 0.70402 -0.27234
v -0.30904 0.67815 -0.05179
v -0.28754 0.71239 -0.21764
v -0.25169 0.67815 -0.38099
v -0.47632 0.66216 -0.06299
v -0.45647 0.66588 -0.24951
v -0.41036 0.60639 -0.42136
v -0.62245 0.58793 -0.08724
v -0.60340 0.57040 -0.26306
v -0.54431 0.50049 -0.41537
v -0.74217 0.47168 -0.11904
v -0.72753 0.45299 -0.26377
v -0.66343 0.39295 -0.38125
v -0.82053 0.31837 -0.13517
v -0.81806 0.31869 -0.25136
v -0.75904 0.28986 -0.34722
v -0.85368 0.16597 -0.17673
v -0.85479 0.18570 -0.25895
v -0.81018 0.19288 -0.33044
v -0.85566 0.05534 -0.24966
v -0.85541 0.07431 -0.30024
v -0.82547 0.08916 -0.34270
v -0.84728 -0.02615 -0.30691
v -0.84599 -0.02154 -0.33156
v -0.83111 -0.01810 -0.35150
v 0.04420 0.66400 -0.15272
v -0.41804 0.04988 -0.65644
v -0.11670 0.68240 -0.18575
v -0.05356 0.70958 -0.25077
v 0.01028 0.68240 -0.31511
v -0.27022 0.65915 -0.22232
v -0.15616 0.69334 -0.34938
v -0.03141 0.65915 -0.46597
v -0.38503 0.64533 -0.31437
v -0.25632 0.65356 -0.45580
v -0.11138 0.59995 -0.56874
v -0.46129 0.56526 -0.39893
v -0.34030 0.55812 -0.53374
v -0.18972 0.50834 -0.62158
v -0.49000 0.44355 -0.45866
v -0.39159 0.43616 -0.57105
v -0.25833 0.40127 -0.62933
v -0.50031 0.32110 -0.50131
v -0.42773 0.32718 -0.59497
v -0.31807 0.30939 -0.63662
v -0.49123 0.21531 -0.54774
v -0.44067 0.23603 -0.61459
v -0.36013 0.24057 -0.64536
v -0.46391 0.14545 -0.59777
v -0.43256 0.16496 -0.63874
v -0.38148 0.17604 -0.65637
v -0.43659 0.09645 -0.63653
v -0.42087 0.10226 -0.65594
v -0.39661 0.10532 -0.66367
v 0.09237 0.67266 -0.15261
v 0.77634 -0.13049 -0.61024
v 0.19817 0.67215 -0.29918
v 0.23264 0.68869 -0.25543
v 0.26340 0.67215 -0.20900
v 0.30618 0.61832 -0.43851
v 0.38064 0.65344 -0.36366
v 0.43282 0.63247 -0.26765
v 0.39661 0.49959 -0.51992
v 0.49464 0.53423 -0.44032
v 0.55369 0.52387 -0.32391
v 0.47087 0.36255 -0.56417
v 0.57453 0.38974 -0.48893
v 0.63212 0.38545 -0.37141
v 0.53582 0.22097 -0.57857
v 0.62597 0.23773 -0.51413
v 0.66863 0.23558 -0.41051
v 0.57787 0.09164 -0.57614
v 0.65043 0.10383 -0.52154
v 0.68315 0.10091 -0.43600
v 0.61944 0.01441 -0.57917
v 0.67301 0.02816 -0.53370
v 0.70070 0.01658 -0.46869
v 0.66966 -0.01206 -0.59463
v 0.70494 0.00075 -0.55849
v 0.73122 -0.01431 -0.51609
v 0.72206 -0.02428 -0.61417
v 0.74533 -0.01711 -0.59147
v 0.76037 -0.02629 -0.56323
v 0.75988 -0.06569 -0.62066
v 0.77171 -0.06375 -0.61087
v 0.77676 -0.06504 -0.59630
v 0.09576 0.66357 -0.13943
v 1.12127 -0.16895 -0.10548
v 0.26846 0.67091 -0.22997
v 0.27960 0.68572 -0.18164
v 0.28793 0.67091 -0.13274
v 0.44898 0.61473 -0.30620
v 0.47742 0.65265 -0.21913
v 0.48359 0.63929 -0.12110
v 0.59426 0.48860 -0.33097
v 0.64159 0.53699 -0.23508
v 0.64617 0.53776 -0.11780
v 0.71743 0.34452 -0.32815
v 0.77394 0.38757 -0.23471
v 0.77714 0.39664 -0.11773
v 0.80658 0.18440 -0.29773
v 0.85209 0.21228 -0.21334
v 0.84500 0.22254 -0.11426
v 0.85567 0.03216 -0.25660
v 0.88817 0.05701 -0.18596
v 0.87705 0.06746 -0.10576
v 0.90982 -0.06111 -0.21860
v 0.92777 -0.02660 -0.16804
v 0.92106 -0.01640 -0.10542
v 0.99200 -0.07735 -0.19057
v 0.99022 -0.04643 -0.15598
v 0.98419 -0.03948 -0.11048
v 1.06449 -0.06783 -0.16524
v 1.06523 -0.04762 -0.14354
v 1.06051 -0.04195 -0.11482
v 1.11086 -0.09518 -0.13655
v 1.11417 -0.08977 -0.12431
v 1.11038 -0.08775 -0.11121
v 0.09734 0.67215 -0.13147
v 1.12146 -0.09843 0.07444
v 0.28441 0.68797 -0.17154
v 0.27864 0.70471 -0.11598
v 0.27125 0.68797 -0.06061
v 0.47665 0.64269 -0.19348
v 0.47138 0.68441 -0.09002
v 0.44457 0.66577 0.01678
v 0.63753 0.53821 -0.17243
v 0.64514 0.59582 -0.05458
v 0.61152 0.59761 0.07243
v 0.76840 0.40990 -0.12707
v 0.78990 0.46609 -0.01026
v 0.75647 0.47995 0.11606
v 0.86109 0.26486 -0.06324
v 0.88365 0.30355 0.03996
v 0.84700 0.31639 0.14554
v 0.90931 0.12563 -0.00735
v 0.92355 0.14971 0.08026
v 0.88841 0.15518 0.16507
v 0.95067 0.05559 0.02497
v 0.95675 0.06394 0.09609
v 0.93285 0.04456 0.16104
v 0.99863 0.03834 0.03582
v 1.00955 0.03818 0.08696
v 1.01217 0.01003 0.13096
v 1.06969 0.03007 0.03538
v 1.07520 0.02697 0.06818
v 1.07238 0.00755 0.09523
v 1.11455 -0.02311 0.04615
v 1.11683 -0.02094 0.06136
v 1.11097 -0.02235 0.07568
v 0.09518 0.67388 -0.12304
v 1.05708 0.07299 0.24593
v 0.26716 0.69955 -0.11400
v 0.24704 0.71525 -0.06568
v 0.22719 0.69955 -0.01725
v 0.43929 0.67454 -0.08920
v 0.40355 0.70620 0.00392
v 0.35471 0.67934 0.09249
v 0.58715 0.60184 -0.03409
v 0.55758 0.65392 0.07418
v 0.49538 0.64409 0.18069
v 0.70475 0.50255 0.03676
v 0.68826 0.55764 0.14631
v 0.62509 0.56067 0.25266
v 0.79485 0.38988 0.11869
v 0.78872 0.43223 0.21502
v 0.73421 0.43867 0.30501
v 0.85664 0.28099 0.18409
v 0.84905 0.30350 0.26693
v 0.80121 0.29947 0.33849
v 0.90072 0.22973 0.21978
v 0.89213 0.22336 0.28627
v 0.86024 0.19101 0.33600
v 0.94373 0.22276 0.23707
v 0.94709 0.19371 0.27639
v 0.94048 0.14875 0.29473
v 1.00878 0.20204 0.22613
v 1.00738 0.18262 0.25065
v 0.99810 0.15472 0.26140
v 1.04918 0.14168 0.22225
v 1.04851 0.14164 0.23679
v 1.04082 0.13797 0.24859
v 0.04022 0.66608 -0.14708
v -0.94589 0.10488 -0.37581
v -0.12222 0.68506 -0.17604
v -0.09809 0.70109 -0.22371
v -0.07360 0.68506 -0.27119
v -0.28345 0.66209 -0.19775
v -0.24789 0.69207 -0.29392
v -0.20026 0.66209 -0.38473
v -0.43949 0.63684 -0.24519
v -0.40197 0.64508 -0.36530
v -0.33845 0.59307 -0.46103
v -0.56293 0.54422 -0.28269
v -0.52498 0.53315 -0.40244
v -0.44795 0.47730 -0.48520
v -0.65631 0.42565 -0.31966
v -0.61950 0.40689 -0.41903
v -0.54564 0.35734 -0.47961
v -0.72044 0.31172 -0.33932
v -0.69251 0.29078 -0.42008
v -0.63418 0.24591 -0.46829
v -0.76742 0.25371 -0.35872
v -0.74864 0.22139 -0.41642
v -0.71544 0.16790 -0.44403
v -0.81196 0.23751 -0.37702
v -0.80944 0.20221 -0.41239
v -0.80443 0.15346 -0.42246
v -0.87836 0.22381 -0.38421
v -0.87421 0.19954 -0.40459
v -0.86651 0.16872 -0.40818
v -0.92798 0.17286 -0.37669
v -0.92479 0.16730 -0.39010
v -0.91593 0.15840 -0.39805
v 0.03697 0.66294 -0.13689
v -1.12972 0.03749 0.00913
v -0.14625 0.68921 -0.11068
v -0.13922 0.70591 -0.16592
v -0.13256 0.68921 -0.22119
v -0.32795 0.66708 -0.07491
v -0.32870 0.69838 -0.18174
v -0.31628 0.66708 -0.28785
v -0.51517 0.63570 -0.06242
v -0.52231 0.64219 -0.19308
v -0.49825 0.58761 -0.30972
v -0.67493 0.53536 -0.05211
v -0.68110 0.52168 -0.18225
v -0.64054 0.46056 -0.29081
v -0.80277 0.39421 -0.04725
v -0.80747 0.37474 -0.15758
v -0.76087 0.32324 -0.24563
v -0.87293 0.24771 -0.03239
v -0.88112 0.22773 -0.12148
v -0.84483 0.18490 -0.19397
v -0.92615 0.17683 -0.02925
v -0.93238 0.14785 -0.09447
v -0.91375 0.09416 -0.13810
v -0.98089 0.16357 -0.02852
v -0.99537 0.13774 -0.07144
v -1.00439 0.09129 -0.09331
v -1.05939 0.16722 -0.01959
v -1.06742 0.14858 -0.04600
v -1.06886 0.11796 -0.05902
v -1.11493 0.12006 -0.00099
v -1.11746 0.11500 -0.01540
v -1.11228 0.10635 -0.02715
v 0.03685 0.66421 -0.12938
v -1.07795 0.21281 0.10503
v -0.11520 0.69904 -0.06676
v -0.12061 0.71358 -0.11507
v -0.12794 0.69904 -0.16312
v -0.26379 0.68556 0.00408
v -0.28504 0.71324 -0.08661
v -0.29916 0.68556 -0.17869
v -0.42127 0.66485 0.05487
v -0.45579 0.68716 -0.05259
v -0.46952 0.64671 -0.15943
v -0.57241 0.60658 0.09720
v -0.61150 0.61036 -0.01095
v -0.61346 0.55964 -0.11420
v -0.70469 0.50492 0.12899
v -0.73695 0.49849 0.03679
v -0.72869 0.45346 -0.04973
v -0.80291 0.38851 0.15608
v -0.82719 0.38360 0.07999
v -0.81681 0.34885 0.00866
v -0.87556 0.31075 0.16174
v -0.88687 0.31729 0.10058
v -0.88049 0.29279 0.04340
v -0.94870 0.29946 0.14225
v -0.94330 0.30739 0.09777
v -0.93898 0.28935 0.05621
v -1.00905 0.30872 0.11516
v -1.00705 0.31364 0.08658
v -1.00291 0.30214 0.06020
v -1.05374 0.28022 0.10157
v -1.05768 0.28086 0.08866
v -1.05547 0.27676 0.07597
v 0.04002 0.66692 -0.11947
v -0.84654 0.36426 0.57546
v -0.06945 0.70883 -0.01065
v -0.09113 0.72363 -0.05534
v -0.11582 0.70883 -0.09844
v -0.17619 0.70136 0.10215
v -0.22698 0.72973 0.02172
v -0.27256 0.70136 -0.06178
v -0.29459 0.67640 0.19470
v -0.36085 0.70947 0.10344
v -0.41463 0.67664 0.00423
v -0.42357 0.64304 0.27813
v -0.49656 0.66332 0.18826
v -0.54340 0.62209 0.08867
v -0.54099 0.56497 0.34328
v -0.60697 0.57340 0.26863
v -0.64097 0.53547 0.18259
v -0.63616 0.48162 0.39899
v -0.69118 0.48014 0.33855
v -0.71727 0.44235 0.27092
v -0.69657 0.44012 0.43564
v -0.74225 0.42689 0.39299
v -0.76789 0.38313 0.35414
v -0.73799 0.44490 0.46081
v -0.77554 0.42521 0.44175
v -0.79997 0.38615 0.43558
v -0.78102 0.45778 0.50630
v -0.80278 0.44150 0.49433
v -0.81349 0.41425 0.48935
v -0.81709 0.42497 0.55310
v -0.82764 0.42285 0.54445
v -0.83274 0.41521 0.53415
v 0.07550 0.64700 -0.15733
v 0.25833 0.15138 -0.66264
v 0.01753 0.65777 -0.34056
v 0.12935 0.69272 -0.30307
v 0.24004 0.65777 -0.26238
v 0.01274 0.63670 -0.50113
v 0.18265 0.66431 -0.46080
v 0.34263 0.62739 -0.39521
v 0.06037 0.55466 -0.60506
v 0.21758 0.56695 -0.58383
v 0.35571 0.53547 -0.51141
v 0.10958 0.42619 -0.64973
v 0.22720 0.43218 -0.64372
v 0.32319 0.41817 -0.57669
v 0.15617 0.29770 -0.65514
v 0.23058 0.30898 -0.65161
v 0.29193 0.31065 -0.60792
v 0.21865 0.20942 -0.66378
v 0.25285 0.21660 -0.66136
v 0.28089 0.21864 -0.64047
v 0.09008 0.64700 -0.14482
v 0.75482 -0.04663 -0.36778
v 0.20167 0.65765 -0.35987
v 0.26444 0.69243 -0.24367
v 0.32014 0.65765 -0.12392
v 0.35718 0.57456 -0.49347
v 0.45080 0.63258 -0.32998
v 0.51477 0.63149 -0.14353
v 0.48240 0.42435 -0.49500
v 0.58186 0.48820 -0.36292
v 0.63654 0.51115 -0.19590
v 0.60104 0.29883 -0.46208
v 0.68592 0.34265 -0.37216
v 0.71945 0.35564 -0.24600
v 0.68445 0.17600 -0.43065
v 0.74181 0.18886 -0.37018
v 0.75829 0.18820 -0.28748
v 0.72551 0.04545 -0.40603
v 0.75278 0.04837 -0.37801
v 0.76035 0.04801 -0.33954
v 0.09289 0.64993 -0.12154
v 0.88723 0.04483 0.13433
v 0.30694 0.67482 -0.17844
v 0.27475 0.70813 -0.07216
v 0.24224 0.67482 0.03402
v 0.51091 0.63136 -0.16382
v 0.46919 0.68106 -0.01005
v 0.40459 0.66461 0.14296
v 0.64710 0.52174 -0.08007
v 0.63100 0.58490 0.05535
v 0.57130 0.59335 0.19302
v 0.74690 0.41446 0.01782
v 0.75415 0.45698 0.12014
v 0.71155 0.45967 0.22265
v 0.82882 0.29674 0.08343
v 0.83731 0.30408 0.15348
v 0.80973 0.29323 0.21794
v 0.87648 0.15013 0.10181
v 0.88249 0.14965 0.13424
v 0.87030 0.14436 0.16443
v 0.07397 0.65324 -0.10256
v 0.29156 0.05902 0.88313
v 0.24715 0.69395 0.05943
v 0.13640 0.72834 0.08945
v 0.02650 0.69395 0.12245
v 0.35153 0.67181 0.25638
v 0.18840 0.70614 0.29958
v 0.02235 0.67178 0.32960
v 0.37297 0.59060 0.46423
v 0.23502 0.64340 0.51126
v 0.08155 0.63369 0.53088
v 0.35011 0.47284 0.63834
v 0.25689 0.51589 0.68953
v 0.14278 0.51111 0.70043
v 0.33397 0.33742 0.77679
v 0.27353 0.35206 0.81558
v 0.20083 0.34427 0.82088
v 0.32512 0.17714 0.85201
v 0.29721 0.18051 0.87126
v 0.26325 0.17806 0.87282
v 0.05614 0.65391 -0.10259
v -0.26647 0.11042 0.88691
v 0.11375 0.69990 0.12754
v -0.00474 0.73482 0.08570
v -0.12472 0.69990 0.04835
v 0.10313 0.68146 0.34171
v -0.07314 0.71589 0.28646
v -0.24589 0.68114 0.22117
v 0.01507 0.63405 0.53511
v -0.14487 0.66853 0.49269
v -0.29679 0.63818 0.42508
v -0.08795 0.52362 0.68414
v -0.20873 0.55137 0.66557
v -0.31545 0.52442 0.60566
v -0.17261 0.38727 0.80497
v -0.25187 0.39680 0.79669
v -0.31748 0.37859 0.75420
v -0.22623 0.23018 0.87337
v -0.26341 0.23211 0.87084
v -0.29355 0.22614 0.84967
v 0.03736 0.65205 -0.12121
v -0.84122 0.22978 0.23448
v -0.08969 0.69250 0.04008
v -0.12863 0.72649 -0.06664
v -0.17200 0.69250 -0.17164
v -0.22092 0.67710 0.15769
v -0.29801 0.71160 0.00953
v -0.36704 0.67666 -0.14245
v -0.38653 0.66254 0.22385
v -0.46879 0.67871 0.09523
v -0.52722 0.62922 -0.03784
v -0.54529 0.57866 0.27853
v -0.60485 0.58557 0.18208
v -0.62569 0.54024 0.08005
v -0.68455 0.44633 0.29749
v -0.71650 0.46389 0.23476
v -0.71947 0.45281 0.16311
v -0.79617 0.32176 0.25588
v -0.81077 0.33045 0.22674
v -0.80948 0.32900 0.19306
v 0.03718 0.64960 -0.13836
v -0.81345 0.09508 -0.27069
v -0.17371 0.67387 -0.08760
v -0.13937 0.70847 -0.19770
v -0.10584 0.67387 -0.30805
v -0.36778 0.66184 -0.08608
v -0.33390 0.68802 -0.25376
v -0.28364 0.64655 -0.41408
v -0.54185 0.61203 -0.14405
v -0.51501 0.60536 -0.29735
v -0.45279 0.54352 -0.42608
v -0.66061 0.48045 -0.19566
v -0.64035 0.46676 -0.30836
v -0.57647 0.41478 -0.38909
v -0.74848 0.33813 -0.23238
v -0.73524 0.32722 -0.30403
v -0.69095 0.29686 -0.35447
v -0.79864 0.19805 -0.25500
v -0.79408 0.19270 -0.28852
v -0.77306 0.18134 -0.31306
v 0.04992 0.64700 -0.15471
v -0.50645 0.21567 -0.54950
v -0.13544 0.66190 -0.21835
v -0.03238 0.69690 -0.28897
v 0.07078 0.66190 -0.35944
v -0.27105 0.66133 -0.30122
v -0.13410 0.67979 -0.42707
v 0.01045 0.63100 -0.53504
v -0.35166 0.61985 -0.41326
v -0.23901 0.60539 -0.53721
v -0.10787 0.53860 -0.61850
v -0.39726 0.51287 -0.49277
v -0.32283 0.48243 -0.58804
v -0.22026 0.42276 -0.62627
v -0.42864 0.39745 -0.52267
v -0.38473 0.36146 -0.57878
v -0.32339 0.31284 -0.59438
v -0.48133 0.29728 -0.53621
v -0.46394 0.27925 -0.56358
v -0.43796 0.25436 -0.57267
v 0.04276 0.65158 -0.14913
v -0.75188 0.11146 -0.38283
v -0.12317 0.67166 -0.19163
v -0.06628 0.69657 -0.25209
v -0.00967 0.67166 -0.31281
v -0.28093 0.65736 -0.24663
v -0.18363 0.68793 -0.36225
v -0.07585 0.65035 -0.46588
v -0.39725 0.62484 -0.34863
v -0.29631 0.63101 -0.47227
v -0.17454 0.57962 -0.56195
v -0.46614 0.51716 -0.43074
v -0.37940 0.51091 -0.54014
v -0.25912 0.47033 -0.59860
v -0.48724 0.39677 -0.47761
v -0.42043 0.37487 -0.56272
v -0.32391 0.33257 -0.59561
v -0.51052 0.32526 -0.51027
v -0.48016 0.27199 -0.56217
v -0.43176 0.20876 -0.57277
v -0.60863 0.25696 -0.47804
v -0.60354 0.21246 -0.50309
v -0.58366 0.16515 -0.50277
v -0.71942 0.18612 -0.40230
v -0.71735 0.16726 -0.41676
v -0.70669 0.14629 -0.42075
v 0.05025 0.66592 -0.15849
v -0.55381 -0.06248 -0.58287
v -0.10599 0.67336 -0.25918
v -0.03783 0.69766 -0.30339
v 0.03223 0.67336 -0.34453
v -0.25203 0.65338 -0.36940
v -0.13174 0.67308 -0.45858
v -0.00232 0.62824 -0.52221
v -0.33967 0.57216 -0.48819
v -0.21599 0.56996 -0.58397
v -0.07366 0.52321 -0.62907
v -0.37499 0.42448 -0.55243
v -0.26826 0.41523 -0.63773
v -0.13743 0.38263 -0.66160
v -0.38037 0.28955 -0.58739
v -0.30202 0.27457 -0.66022
v -0.19995 0.24395 -0.67786
v -0.39230 0.19284 -0.61021
v -0.34597 0.15815 -0.66338
v -0.28304 0.11276 -0.67593
v -0.45518 0.10647 -0.60663
v -0.43649 0.07369 -0.63977
v -0.40609 0.03445 -0.64733
v -0.53399 0.01553 -0.58471
v -0.52602 0.00233 -0.60224
v -0.51077 -0.01402 -0.60895
v 0.05709 0.65498 -0.15969
v -0.15379 -0.17947 -0.70786
v -0.07392 0.66164 -0.30203
v 0.00584 0.68697 -0.33076
v 0.08700 0.66164 -0.35529
v -0.19788 0.64160 -0.44570
v -0.05669 0.65492 -0.51358
v 0.08853 0.60627 -0.54918
v -0.26345 0.53852 -0.56477
v -0.11952 0.52474 -0.63980
v 0.03515 0.47596 -0.65518
v -0.28725 0.37567 -0.60812
v -0.16308 0.35488 -0.67486
v -0.02507 0.31941 -0.67455
v -0.29280 0.22445 -0.62797
v -0.19939 0.21428 -0.69021
v -0.08869 0.19317 -0.69099
v -0.28041 0.08106 -0.64885
v -0.21373 0.08981 -0.69578
v -0.13181 0.09247 -0.69854
v -0.23058 -0.03320 -0.67917
v -0.18919 -0.01772 -0.70733
v -0.13837 -0.00496 -0.70701
v -0.17820 -0.11642 -0.70356
v -0.15788 -0.11139 -0.71603
v -0.13397 -0.10691 -0.71497
v 0.06750 0.67173 -0.16526
v -0.10065 -0.13627 -0.73636
v -0.00552 0.66903 -0.33844
v 0.07152 0.69186 -0.34022
v 0.14841 0.66903 -0.33511
v -0.06403 0.62845 -0.51061
v 0.07732 0.65052 -0.52265
v 0.21376 0.61240 -0.49931
v -0.07021 0.51310 -0.63315
v 0.07729 0.51926 -0.65088
v 0.21689 0.49073 -0.60835
v -0.05695 0.35568 -0.67891
v 0.07207 0.35546 -0.69689
v 0.19145 0.33889 -0.64749
v -0.03356 0.22364 -0.70615
v 0.06744 0.21660 -0.72128
v 0.15919 0.19965 -0.67916
v -0.02314 0.12127 -0.71985
v 0.04618 0.09679 -0.73189
v 0.10812 0.06821 -0.70195
v -0.05328 0.03043 -0.73001
v -0.01494 0.00424 -0.74046
v 0.01995 -0.02352 -0.72382
v -0.09756 -0.06270 -0.73614
v -0.07920 -0.07332 -0.74243
v -0.06124 -0.08454 -0.73602
v 0.07260 0.64771 -0.15845
v 0.27832 -0.27822 -0.65290
v 0.04947 0.65598 -0.36016
v 0.12079 0.67752 -0.34667
v 0.19074 0.65598 -0.32726
v 0.02946 0.60306 -0.55035
v 0.16357 0.62289 -0.54294
v 0.28543 0.58687 -0.49514
v 0.03538 0.45682 -0.65560
v 0.17595 0.45596 -0.65472
v 0.29855 0.43042 -0.59085
v 0.04225 0.28459 -0.67815
v 0.16519 0.27693 -0.68293
v 0.27027 0.26040 -0.62061
v 0.05569 0.13185 -0.69204
v 0.15199 0.13135 -0.69733
v 0.23525 0.12510 -0.64907
v 0.09009 -0.01476 -0.69555
v 0.15772 0.00369 -0.69873
v 0.21631 0.01795 -0.66283
v 0.17408 -0.12917 -0.69377
v 0.21326 -0.10737 -0.69341
v 0.24528 -0.08834 -0.66846
v 0.25245 -0.21481 -0.67649
v 0.27154 -0.20672 -0.67437
v 0.28573 -0.19880 -0.66131
v 0.08233 0.66058 -0.15800
v 0.54705 -0.16583 -0.57718
v 0.10620 0.66360 -0.34434
v 0.17294 0.68603 -0.30907
v 0.23667 0.66360 -0.26860
v 0.13419 0.61582 -0.51896
v 0.26297 0.64466 -0.46973
v 0.37388 0.61383 -0.38858
v 0.17922 0.49686 -0.61955
v 0.31888 0.50946 -0.57939
v 0.42887 0.48735 -0.48617
v 0.21222 0.34719 -0.65556
v 0.33650 0.34980 -0.62579
v 0.42741 0.33388 -0.53735
v 0.24422 0.20201 -0.67567
v 0.34180 0.21140 -0.65442
v 0.41268 0.20881 -0.58350
v 0.29890 0.05732 -0.67228
v 0.36273 0.08980 -0.65819
v 0.40857 0.11448 -0.60703
v 0.41107 -0.04151 -0.64274
v 0.44338 -0.00903 -0.63405
v 0.46353 0.01826 -0.60206
v 0.51279 -0.10944 -0.60286
v 0.52852 -0.09622 -0.59596
v 0.53696 -0.08531 -0.57924
v 0.09041 0.66842 -0.15351
v 0.79763 0.01819 -0.36861
v 0.15029 0.67623 -0.31519
v 0.20627 0.70011 -0.25805
v 0.25889 0.67623 -0.19781
v 0.21084 0.63561 -0.46175
v 0.32253 0.67128 -0.37013
v 0.41488 0.64324 -0.25687
v 0.28760 0.55071 -0.54624
v 0.41465 0.57774 -0.46326
v 0.50771 0.55687 -0.34218
v 0.35035 0.43480 -0.58521
v 0.46801 0.45012 -0.52094
v 0.54404 0.43283 -0.41081
v 0.40537 0.30151 -0.60629
v 0.49811 0.32671 -0.56079
v 0.55534 0.32889 -0.47121
v 0.49212 0.16177 -0.58556
v 0.54275 0.21648 -0.56480
v 0.57095 0.25993 -0.50733
v 0.63920 0.09531 -0.50627
v 0.66036 0.13951 -0.49973
v 0.66480 0.17924 -0.47066
v 0.76005 0.05888 -0.41041
v 0.77035 0.07828 -0.40365
v 0.77123 0.09509 -0.38801
v 0.07222 0.67933 -0.16692
v -0.31949 0.02769 -0.73349
v 0.05571 0.67767 -0.32596
v 0.09594 0.68968 -0.32137
v 0.13564 0.67767 -0.31337
v 0.04472 0.63784 -0.48124
v 0.12205 0.65596 -0.47791
v 0.19459 0.63327 -0.45461
v 0.05652 0.54650 -0.60191
v 0.14337 0.55857 -0.60380
v 0.22074 0.53957 -0.56714
v 0.07032 0.41403 -0.66240
v 0.15309 0.41816 -0.66449
v 0.22403 0.40646 -0.62323
v 0.08876 0.29928 -0.69402
v 0.15555 0.28780 -0.69434
v 0.20974 0.26808 -0.65874
v 0.07642 0.22495 -0.71777
v 0.11349 0.18735 -0.72193
v 0.14054 0.14901 -0.69736
v -0.01993 0.16820 -0.74078
v -0.00868 0.13183 -0.74680
v -0.00099 0.09751 -0.73106
v -0.17306 0.13057 -0.74801
v -0.16808 0.10686 -0.75236
v -0.16350 0.08470 -0.74265
v -0.29033 0.08514 -0.73732
v -0.28542 0.07535 -0.74064
v -0.28009 0.06575 -0.73739
v 0.03940 0.64700 -0.14349
v -0.79406 -0.37200 -0.15715
v -0.17797 0.66401 -0.18109
v -0.14560 0.68597 -0.24678
v -0.11178 0.66401 -0.31173
v -0.40203 0.65054 -0.22051
v -0.36041 0.66246 -0.35048
v -0.29631 0.61126 -0.46020
v -0.57470 0.53217 -0.26492
v -0.53111 0.51223 -0.39843
v -0.44662 0.45008 -0.49393
v -0.68956 0.35812 -0.28996
v -0.65261 0.33364 -0.40617
v -0.56659 0.28262 -0.48010
v -0.75321 0.17148 -0.29238
v -0.73102 0.14817 -0.38428
v -0.66381 0.11275 -0.44521
v -0.78846 0.00201 -0.27410
v -0.77690 -0.02288 -0.33943
v -0.73059 -0.05253 -0.38410
v -0.82542 -0.14541 -0.23451
v -0.82179 -0.16601 -0.27466
v -0.79449 -0.18701 -0.30404
v -0.82827 -0.27713 -0.18392
v -0.82793 -0.28718 -0.20241
v -0.81609 -0.29479 -0.21806
v 0.04436 0.64700 -0.15023
v -0.47669 -0.36067 -0.53650
v -0.14814 0.65903 -0.24654
v -0.09759 0.68092 -0.29942
v -0.04487 0.65903 -0.35012
v -0.34286 0.63812 -0.35176
v -0.26067 0.64797 -0.46071
v -0.16085 0.59723 -0.53934
v -0.47182 0.50123 -0.43627
v -0.38627 0.48429 -0.54794
v -0.26788 0.43414 -0.60746
v -0.52916 0.31502 -0.46620
v -0.45769 0.29637 -0.56608
v -0.34746 0.26007 -0.61040
v -0.56214 0.14010 -0.48570
v -0.50988 0.12864 -0.56691
v -0.42305 0.10756 -0.60529
v -0.56874 -0.02735 -0.50002
v -0.53142 -0.02686 -0.56014
v -0.46728 -0.02989 -0.58990
v -0.54614 -0.16941 -0.53305
v -0.52153 -0.16423 -0.57062
v -0.48030 -0.15841 -0.58824
v -0.50510 -0.28094 -0.54833
v -0.49298 -0.28079 -0.56550
v -0.47364 -0.27816 -0.57331
v 0.08492 0.64700 -0.15141
v 0.44840 -0.49743 -0.49807
v 0.18903 0.65310 -0.36557
v 0.24257 0.67445 -0.31888
v 0.28979 0.65420 -0.26536
v 0.29212 0.54111 -0.54021
v 0.39939 0.57682 -0.46977
v 0.47430 0.56423 -0.36036
v 0.35952 0.34358 -0.58767
v 0.47852 0.37189 -0.52398
v 0.55573 0.37564 -0.40977
v 0.42828 0.16410 -0.60364
v 0.53506 0.18506 -0.55092
v 0.59682 0.19184 -0.44720
v 0.47489 -0.00569 -0.58644
v 0.55919 0.00338 -0.54472
v 0.60668 0.00898 -0.46322
v 0.49894 -0.15621 -0.56675
v 0.56073 -0.16203 -0.53715
v 0.59612 -0.16502 -0.47827
v 0.48002 -0.28556 -0.54840
v 0.51899 -0.29783 -0.53226
v 0.54326 -0.30476 -0.49631
v 0.45178 -0.40383 -0.52745
v 0.47028 -0.40876 -0.52033
v 0.48231 -0.41055 -0.50392
v 0.09076 0.64700 -0.14355
v 0.59637 -0.56592 -0.22850
v 0.26378 0.65389 -0.32320
v 0.30173 0.67554 -0.26337
v 0.33164 0.65568 -0.19856
v 0.41699 0.53069 -0.46470
v 0.50235 0.57073 -0.37084
v 0.54978 0.56015 -0.24700
v 0.51836 0.33694 -0.50940
v 0.61779 0.36628 -0.41870
v 0.66617 0.36682 -0.28974
v 0.59675 0.14081 -0.51727
v 0.68667 0.15753 -0.43842
v 0.71971 0.16035 -0.32232
v 0.63414 -0.05804 -0.49207
v 0.70345 -0.04819 -0.42880
v 0.72624 -0.03939 -0.33765
v 0.65386 -0.24403 -0.44604
v 0.70227 -0.23326 -0.39854
v 0.71589 -0.21683 -0.33328
v 0.65320 -0.38760 -0.36677
v 0.68147 -0.37747 -0.33479
v 0.68704 -0.35955 -0.29513
v 0.62994 -0.49110 -0.28453
v 0.64345 -0.48829 -0.26952
v 0.64713 -0.47997 -0.25126
v 0.65352 -0.48429 0.05532
v 0.33192 -0.77914 0.13158
v 0.56690 -0.60946 -0.01010
v 0.59236 -0.61175 0.08351
v 0.57845 -0.57486 0.17219
v 0.46450 -0.67170 0.02962
v 0.48548 -0.67793 0.10147
v 0.47867 -0.65118 0.17132
v 0.39071 -0.74266 0.08713
v 0.40168 -0.74699 0.12000
v 0.39975 -0.73596 0.15307
v 0.59080 -0.45906 0.36895
v 0.27028 -0.77857 0.30725
v 0.54181 -0.59103 0.27784
v 0.52139 -0.58808 0.37083
v 0.46834 -0.54859 0.43938
v 0.43337 -0.66072 0.27065
v 0.41935 -0.66121 0.34302
v 0.38023 -0.63215 0.39833
v 0.34482 -0.74145 0.29404
v 0.33920 -0.74260 0.32783
v 0.32161 -0.72990 0.35435
v 0.44612 -0.42357 0.59590
v 0.18145 -0.75401 0.41960
v 0.43311 -0.55909 0.50297
v 0.38323 -0.55546 0.57197
v 0.31454 -0.52053 0.60835
v 0.33802 -0.63378 0.45338
v 0.30033 -0.63302 0.50750
v 0.24800 -0.60667 0.53779
v 0.25251 -0.71637 0.43906
v 0.23554 -0.71672 0.46460
v 0.21140 -0.70503 0.47945
v 0.25310 -0.37866 0.75030
v 0.08587 -0.73055 0.51456
v 0.28884 -0.51913 0.66366
v 0.21085 -0.51698 0.71601
v 0.12398 -0.48259 0.72597
v 0.21905 -0.60029 0.58895
v 0.15841 -0.59912 0.62907
v 0.09156 -0.57170 0.63725
v 0.14626 -0.68768 0.55328
v 0.11807 -0.68684 0.57192
v 0.08690 -0.67423 0.57539
v -0.02125 -0.33674 0.82537
v -0.06924 -0.75287 0.51950
v 0.05279 -0.49069 0.75271
v -0.03954 -0.49518 0.77328
v -0.12717 -0.46789 0.74991
v 0.02062 -0.58493 0.64261
v -0.04931 -0.59281 0.66311
v -0.11920 -0.57477 0.65039
v -0.02978 -0.69393 0.57930
v -0.06098 -0.69951 0.59181
v -0.09436 -0.69341 0.58874
v -0.30425 -0.33327 0.76559
v -0.20787 -0.74512 0.49306
v -0.20220 -0.47560 0.73148
v -0.29004 -0.48822 0.71936
v -0.36170 -0.47118 0.66841
v -0.18641 -0.57558 0.63119
v -0.25423 -0.58504 0.62049
v -0.30907 -0.57069 0.58061
v -0.20053 -0.68711 0.56280
v -0.23207 -0.69085 0.55736
v -0.25705 -0.68406 0.53818
v -0.57028 -0.30143 0.60633
v -0.36246 -0.70600 0.43625
v -0.46788 -0.43578 0.62480
v -0.53589 -0.45426 0.58768
v -0.57873 -0.44882 0.52075
v -0.40998 -0.53856 0.55187
v -0.46180 -0.55404 0.52228
v -0.49529 -0.54851 0.47082
v -0.38593 -0.64549 0.49311
v -0.41003 -0.65245 0.47925
v -0.42539 -0.64987 0.45520
v -0.72769 -0.34263 0.31775
v -0.47132 -0.72928 0.28904
v -0.63335 -0.45527 0.39100
v -0.68293 -0.48373 0.32641
v -0.69598 -0.48580 0.24117
v -0.55793 -0.55575 0.36040
v -0.59220 -0.57492 0.30642
v -0.59719 -0.57272 0.23989
v -0.51896 -0.66944 0.32794
v -0.53254 -0.67636 0.30090
v -0.53160 -0.67368 0.27000
v -0.70225 -0.43913 0.06454
v -0.48200 -0.74270 0.13412
v -0.64542 -0.51966 0.16281
v -0.66422 -0.55087 0.08965
v -0.64533 -0.55477 0.01022
v -0.57614 -0.59883 0.16333
v -0.58703 -0.62011 0.10477
v -0.56828 -0.62041 0.04435
v -0.53286 -0.69484 0.15112
v -0.53590 -0.70327 0.12311
v -0.52504 -0.70212 0.09580
v 0.06849 0.68487 -0.13697
v 0.40484 0.94836 -0.18967
v 0.10780 0.71317 -0.14788
v 0.08712 0.72393 -0.15767
v 0.07174 0.73651 -0.14205
v 0.14625 0.73610 -0.15955
v 0.11134 0.76358 -0.17655
v 0.08739 0.79090 -0.14585
v 0.18643 0.76881 -0.16990
v 0.15344 0.80589 -0.18695
v 0.13259 0.83856 -0.15157
v 0.22547 0.80081 -0.17935
v 0.20264 0.84301 -0.19194
v 0.19024 0.87455 -0.15572
v 0.26413 0.82183 -0.18331
v 0.25422 0.86057 -0.19010
v 0.24976 0.88502 -0.15806
v 0.31148 0.83803 -0.18399
v 0.30179 0.86805 -0.18702
v 0.29802 0.88524 -0.16067
v 0.35106 0.86536 -0.18513
v 0.33763 0.88406 -0.18651
v 0.33251 0.89520 -0.16698
v 0.37614 0.89860 -0.18730
v 0.36530 0.90856 -0.18796
v 0.36105 0.91502 -0.17542
v 0.39337 0.92824 -0.18924
v 0.38820 0.93272 -0.18942
v 0.38623 0.93561 -0.18353
vt 0.05816 0.97201
vt 0.00293 0.97201
vt 0.03054 0.99707
vt 0.11339 0.97201
vt 0.08577 0.99707
vt 0.16862 0.97201
vt 0.14100 0.99707
vt 0.22385 0.97201
vt 0.19623 0.99707
vt 0.27908 0.97201
vt 0.25146 0.99707
vt 0.33431 0.97201
vt 0.30669 0.99707
vt 0.38954 0.97201
vt 0.36192 0.99707
vt 0.44477 0.97201
vt 0.41715 0.99707
vt 0.50000 0.97201
vt 0.47238 0.99707
vt 0.55523 0.97201
vt 0.52762 0.99707
vt 0.61046 0.97201
vt 0.58285 0.99707
vt 0.66569 0.97201
vt 0.63808 0.99707
vt 0.72092 0.97201
vt 0.69331 0.99707
vt 0.77615 0.97201
vt 0.74854 0.99707
vt 0.83138 0.97201
vt 0.80377 0.99707
vt 0.88661 0.97201
vt 0.85900 0.99707
vt 0.94184 0.97201
vt 0.91423 0.99707
vt 0.99707 0.97201
vt 0.96946 0.99707
vt 0.05816 0.94694
vt 0.00293 0.94694
vt 0.11339 0.94694
vt 0.16862 0.94694
vt 0.22385 0.94694
vt 0.27908 0.94694
vt 0.33431 0.94694
vt 0.38954 0.94694
vt 0.44477 0.94694
vt 0.50000 0.94694
vt 0.55523 0.94694
vt 0.61046 0.94694
vt 0.66569 0.94694
vt 0.72092 0.94694
vt 0.77615 0.94694
vt 0.83138 0.94694
vt 0.88661 0.94694
vt 0.94184 0.94694
vt 0.99707 0.94694
vt 0.05816 0.92188
vt 0.00293 0.92188
vt 0.11339 0.92188
vt 0.16862 0.92188
vt 0.22385 0.92188
vt 0.27908 0.92188
vt 0.33431 0.92188
vt 0.38954 0.92188
vt 0.44477 0.92188
vt 0.50000 0.92188
vt 0.55523 0.92188
vt 0.61046 0.92188
vt 0.66569 0.92188
vt 0.72092 0.92188
vt 0.77615 0.92188
vt 0.83138 0.92188
vt 0.88661 0.92188
vt 0.94184 0.92188
vt 0.99707 0.92188
vt 0.05816 0.89681
vt 0.00293 0.89681
vt 0.11339 0.89681
vt 0.16862 0.89681
vt 0.22385 0.89681
vt 0.27908 0.89681
vt 0.33431 0.89681
vt 0.38954 0.89681
vt 0.44477 0.89681
vt 0.50000 0.89681
vt 0.55523 0.89681
vt 0.61046 0.89681
vt 0.66569 0.89681
vt 0.72092 0.89681
vt 0.77615 0.89681
vt 0.83138 0.89681
vt 0.88661 0.89681
vt 0.94184 0.89681
vt 0.99707 0.89681
vt 0.05816 0.87174
vt 0.00293 0.87174
vt 0.11339 0.87174
vt 0.16862 0.87174
vt 0.22385 0.87174
vt 0.27908 0.87174
vt 0.33431 0.87174
vt 0.38954 0.87174
vt 0.44477 0.87174
vt 0.50000 0.87174
vt 0.55523 0.87174
vt 0.61046 0.87174
vt 0.66569 0.87174
vt 0.72092 0.87174
vt 0.77615 0.87174
vt 0.83138 0.87174
vt 0.88661 0.87174
vt 0.94184 0.87174
vt 0.99707 0.87174
vt 0.05816 0.84668
vt 0.00293 0.84668
vt 0.11339 0.84668
vt 0.16862 0.84668
vt 0.22385 0.84668
vt 0.27908 0.84668
vt 0.33431 0.84668
vt 0.38954 0.84668
vt 0.44477 0.84668
vt 0.50000 0.84668
vt 0.55523 0.84668
vt 0.61046 0.84668
vt 0.66569 0.84668
vt 0.72092 0.84668
vt 0.77615 0.84668
vt 0.83138 0.84668
vt 0.88661 0.84668
vt 0.94184 0.84668
vt 0.99707 0.84668
vt 0.98438 0.82812
vt 0.04726 0.80195
vt 0.04726 0.80957
vt 0.00293 0.80576
vt 0.04726 0.79434
vt 0.00293 0.79814
vt 0.04726 0.78418
vt 0.00293 0.78926
vt 0.08943 0.80195
vt 0.08943 0.80957
vt 0.08943 0.79434
vt 0.08943 0.78418
vt 0.12912 0.80195
vt 0.12912 0.80957
vt 0.12912 0.79434
vt 0.12912 0.78418
vt 0.16592 0.80195
vt 0.16592 0.80957
vt 0.16592 0.79434
vt 0.16592 0.78418
vt 0.19917 0.80195
vt 0.19917 0.80957
vt 0.19917 0.79434
vt 0.19917 0.78418
vt 0.22762 0.80195
vt 0.22762 0.80957
vt 0.22762 0.79434
vt 0.22762 0.78418
vt 0.24707 0.80576
vt 0.24707 0.79814
vt 0.24707 0.78926
vt 0.29726 0.80195
vt 0.29726 0.80957
vt 0.25293 0.80576
vt 0.29726 0.79434
vt 0.25293 0.79814
vt 0.29726 0.78418
vt 0.25293 0.78926
vt 0.33943 0.80195
vt 0.33943 0.80957
vt 0.33943 0.79434
vt 0.33943 0.78418
vt 0.37912 0.80195
vt 0.37912 0.80957
vt 0.37912 0.79434
vt 0.37912 0.78418
vt 0.41592 0.80195
vt 0.41592 0.80957
vt 0.41592 0.79434
vt 0.41592 0.78418
vt 0.44917 0.80195
vt 0.44917 0.80957
vt 0.44917 0.79434
vt 0.44917 0.78418
vt 0.47762 0.80195
vt 0.47762 0.80957
vt 0.47762 0.79434
vt 0.47762 0.78418
vt 0.49707 0.80576
vt 0.49707 0.79814
vt 0.49707 0.78926
vt 0.54726 0.80195
vt 0.54726 0.80957
vt 0.50293 0.80576
vt 0.54726 0.79434
vt 0.50293 0.79814
vt 0.54726 0.78418
vt 0.50293 0.78926
vt 0.58943 0.80195
vt 0.58943 0.80957
vt 0.58943 0.79434
vt 0.58943 0.78418
vt 0.62912 0.80195
vt 0.62912 0.80957
vt 0.62912 0.79434
vt 0.62912 0.78418
vt 0.66592 0.80195
vt 0.66592 0.80957
vt 0.66592 0.79434
vt 0.66592 0.78418
vt 0.69917 0.80195
vt 0.69917 0.80957
vt 0.69917 0.79434
vt 0.69917 0.78418
vt 0.72762 0.80195
vt 0.72762 0.80957
vt 0.72762 0.79434
vt 0.72762 0.78418
vt 0.74707 0.80576
vt 0.74707 0.79814
vt 0.74707 0.78926
vt 0.79726 0.80195
vt 0.79726 0.80957
vt 0.75293 0.80576
vt 0.79726 0.79434
vt 0.75293 0.79814
vt 0.79726 0.78418
vt 0.75293 0.78926
vt 0.83943 0.80195
vt 0.83943 0.80957
vt 0.83943 0.79434
vt 0.83943 0.78418
vt 0.87912 0.80195
vt 0.87912 0.80957
vt 0.87912 0.79434
vt 0.87912 0.78418
vt 0.91592 0.80195
vt 0.91592 0.80957
vt 0.91592 0.79434
vt 0.91592 0.78418
vt 0.94917 0.80195
vt 0.94917 0.80957
vt 0.94917 0.79434
vt 0.94917 0.78418
vt 0.97762 0.80195
vt 0.97762 0.80957
vt 0.97762 0.79434
vt 0.97762 0.78418
vt 0.99707 0.80576
vt 0.99707 0.79814
vt 0.99707 0.78926
vt 0.04726 0.77070
vt 0.04726 0.77832
vt 0.00293 0.77451
vt 0.04726 0.76309
vt 0.00293 0.76689
vt 0.04726 0.75293
vt 0.00293 0.75801
vt 0.08943 0.77070
vt 0.08943 0.77832
vt 0.08943 0.76309
vt 0.08943 0.75293
vt 0.12912 0.77070
vt 0.12912 0.77832
vt 0.12912 0.76309
vt 0.12912 0.75293
vt 0.16592 0.77070
vt 0.16592 0.77832
vt 0.16592 0.76309
vt 0.16592 0.75293
vt 0.19917 0.77070
vt 0.19917 0.77832
vt 0.19917 0.76309
vt 0.19917 0.75293
vt 0.22762 0.77070
vt 0.22762 0.77832
vt 0.22762 0.76309
vt 0.22762 0.75293
vt 0.24707 0.77451
vt 0.24707 0.76689
vt 0.24707 0.75801
vt 0.29726 0.77070
vt 0.29726 0.77832
vt 0.25293 0.77451
vt 0.29726 0.76309
vt 0.25293 0.76689
vt 0.29726 0.75293
vt 0.25293 0.75801
vt 0.33943 0.77070
vt 0.33943 0.77832
vt 0.33943 0.76309
vt 0.33943 0.75293
vt 0.37912 0.77070
vt 0.37912 0.77832
vt 0.37912 0.76309
vt 0.37912 0.75293
vt 0.41592 0.77070
vt 0.41592 0.77832
vt 0.41592 0.76309
vt 0.41592 0.75293
vt 0.44917 0.77070
vt 0.44917 0.77832
vt 0.44917 0.76309
vt 0.44917 0.75293
vt 0.47762 0.77070
vt 0.47762 0.77832
vt 0.47762 0.76309
vt 0.47762 0.75293
vt 0.49707 0.77451
vt 0.49707 0.76689
vt 0.49707 0.75801
vt 0.54726 0.77070
vt 0.54726 0.77832
vt 0.50293 0.77451
vt 0.54726 0.76309
vt 0.50293 0.76689
vt 0.54726 0.75293
vt 0.50293 0.75801
vt 0.58943 0.77070
vt 0.58943 0.77832
vt 0.58943 0.76309
vt 0.58943 0.75293
vt 0.62912 0.77070
vt 0.62912 0.77832
vt 0.62912 0.76309
vt 0.62912 0.75293
vt 0.66592 0.77070
vt 0.66592 0.77832
vt 0.66592 0.76309
vt 0.66592 0.75293
vt 0.69917 0.77070
vt 0.69917 0.77832
vt 0.69917 0.76309
vt 0.69917 0.75293
vt 0.72762 0.77070
vt 0.72762 0.77832
vt 0.72762 0.76309
vt 0.72762 0.75293
vt 0.74707 0.77451
vt 0.74707 0.76689
vt 0.74707 0.75801
vt 0.79726 0.77070
vt 0.79726 0.77832
vt 0.75293 0.77451
vt 0.79726 0.76309
vt 0.75293 0.76689
vt 0.79726 0.75293
vt 0.75293 0.75801
vt 0.83943 0.77070
vt 0.83943 0.77832
vt 0.83943 0.76309
vt 0.83943 0.75293
vt 0.87912 0.77070
vt 0.87912 0.77832
vt 0.87912 0.76309
vt 0.87912 0.75293
vt 0.91592 0.77070
vt 0.91592 0.77832
vt 0.91592 0.76309
vt 0.91592 0.75293
vt 0.94917 0.77070
vt 0.94917 0.77832
vt 0.94917 0.76309
vt 0.94917 0.75293
vt 0.97762 0.77070
vt 0.97762 0.77832
vt 0.97762 0.76309
vt 0.97762 0.75293
vt 0.99707 0.77451
vt 0.99707 0.76689
vt 0.99707 0.75801
vt 0.04726 0.73945
vt 0.04726 0.74707
vt 0.00293 0.74326
vt 0.04726 0.73184
vt 0.00293 0.73564
vt 0.04726 0.72168
vt 0.00293 0.72676
vt 0.08943 0.73945
vt 0.08943 0.74707
vt 0.08943 0.73184
vt 0.08943 0.72168
vt 0.12912 0.73945
vt 0.12912 0.74707
vt 0.12912 0.73184
vt 0.12912 0.72168
vt 0.16592 0.73945
vt 0.16592 0.74707
vt 0.16592 0.73184
vt 0.16592 0.72168
vt 0.19917 0.73945
vt 0.19917 0.74707
vt 0.19917 0.73184
vt 0.19917 0.72168
vt 0.22762 0.73945
vt 0.22762 0.74707
vt 0.22762 0.73184
vt 0.22762 0.72168
vt 0.24707 0.74326
vt 0.24707 0.73564
vt 0.24707 0.72676
vt 0.29726 0.73945
vt 0.29726 0.74707
vt 0.25293 0.74326
vt 0.29726 0.73184
vt 0.25293 0.73564
vt 0.29726 0.72168
vt 0.25293 0.72676
vt 0.33943 0.73945
vt 0.33943 0.74707
vt 0.33943 0.73184
vt 0.33943 0.72168
vt 0.37912 0.73945
vt 0.37912 0.74707
vt 0.37912 0.73184
vt 0.37912 0.72168
vt 0.41592 0.73945
vt 0.41592 0.74707
vt 0.41592 0.73184
vt 0.41592 0.72168
vt 0.44917 0.73945
vt 0.44917 0.74707
vt 0.44917 0.73184
vt 0.44917 0.72168
vt 0.47762 0.73945
vt 0.47762 0.74707
vt 0.47762 0.73184
vt 0.47762 0.72168
vt 0.49707 0.74326
vt 0.49707 0.73564
vt 0.49707 0.72676
vt 0.54726 0.73945
vt 0.54726 0.74707
vt 0.50293 0.74326
vt 0.54726 0.73184
vt 0.50293 0.73564
vt 0.54726 0.72168
vt 0.50293 0.72676
vt 0.58943 0.73945
vt 0.58943 0.74707
vt 0.58943 0.73184
vt 0.58943 0.72168
vt 0.62912 0.73945
vt 0.62912 0.74707
vt 0.62912 0.73184
vt 0.62912 0.72168
vt 0.66592 0.73945
vt 0.66592 0.74707
vt 0.66592 0.73184
vt 0.66592 0.72168
vt 0.69917 0.73945
vt 0.69917 0.74707
vt 0.69917 0.73184
vt 0.69917 0.72168
vt 0.72762 0.73945
vt 0.72762 0.74707
vt 0.72762 0.73184
vt 0.72762 0.72168
vt 0.74707 0.74326
vt 0.74707 0.73564
vt 0.74707 0.72676
vt 0.79726 0.73945
vt 0.79726 0.74707
vt 0.75293 0.74326
vt 0.79726 0.73184
vt 0.75293 0.73564
vt 0.79726 0.72168
vt 0.75293 0.72676
vt 0.83943 0.73945
vt 0.83943 0.74707
vt 0.83943 0.73184
vt 0.83943 0.72168
vt 0.87912 0.73945
vt 0.87912 0.74707
vt 0.87912 0.73184
vt 0.87912 0.72168
vt 0.91592 0.73945
vt 0.91592 0.74707
vt 0.91592 0.73184
vt 0.91592 0.72168
vt 0.94917 0.73945
vt 0.94917 0.74707
vt 0.94917 0.73184
vt 0.94917 0.72168
vt 0.97762 0.73945
vt 0.97762 0.74707
vt 0.97762 0.73184
vt 0.97762 0.72168
vt 0.99707 0.74326
vt 0.99707 0.73564
vt 0.99707 0.72676
vt 0.03418 0.70820
vt 0.03418 0.71582
vt 0.00293 0.71201
vt 0.03418 0.70059
vt 0.00293 0.70439
vt 0.03418 0.69043
vt 0.00293 0.69551
vt 0.06440 0.70820
vt 0.06440 0.71582
vt 0.06440 0.70059
vt 0.06440 0.69043
vt 0.09351 0.70820
vt 0.09351 0.71582
vt 0.09351 0.70059
vt 0.09351 0.69043
vt 0.12140 0.70820
vt 0.12140 0.71582
vt 0.12140 0.70059
vt 0.12140 0.69043
vt 0.14792 0.70820
vt 0.14792 0.71582
vt 0.14792 0.70059
vt 0.14792 0.69043
vt 0.17288 0.70820
vt 0.17288 0.71582
vt 0.17288 0.70059
vt 0.17288 0.69043
vt 0.19603 0.70820
vt 0.19603 0.71582
vt 0.19603 0.70059
vt 0.19603 0.69043
vt 0.21694 0.70820
vt 0.21694 0.71582
vt 0.21694 0.70059
vt 0.21694 0.69043
vt 0.23483 0.70820
vt 0.23483 0.71582
vt 0.23483 0.70059
vt 0.23483 0.69043
vt 0.24707 0.71201
vt 0.24707 0.70439
vt 0.24707 0.69551
vt 0.28418 0.70820
vt 0.28418 0.71582
vt 0.25293 0.71201
vt 0.28418 0.70059
vt 0.25293 0.70439
vt 0.28418 0.69043
vt 0.25293 0.69551
vt 0.31440 0.70820
vt 0.31440 0.71582
vt 0.31440 0.70059
vt 0.31440 0.69043
vt 0.34351 0.70820
vt 0.34351 0.71582
vt 0.34351 0.70059
vt 0.34351 0.69043
vt 0.37140 0.70820
vt 0.37140 0.71582
vt 0.37140 0.70059
vt 0.37140 0.69043
vt 0.39792 0.70820
vt 0.39792 0.71582
vt 0.39792 0.70059
vt 0.39792 0.69043
vt 0.42288 0.70820
vt 0.42288 0.71582
vt 0.42288 0.70059
vt 0.42288 0.69043
vt 0.44603 0.70820
vt 0.44603 0.71582
vt 0.44603 0.70059
vt 0.44603 0.69043
vt 0.46694 0.70820
vt 0.46694 0.71582
vt 0.46694 0.70059
vt 0.46694 0.69043
vt 0.48483 0.70820
vt 0.48483 0.71582
vt 0.48483 0.70059
vt 0.48483 0.69043
vt 0.49707 0.71201
vt 0.49707 0.70439
vt 0.49707 0.69551
vt 0.53418 0.70820
vt 0.53418 0.71582
vt 0.50293 0.71201
vt 0.53418 0.70059
vt 0.50293 0.70439
vt 0.53418 0.69043
vt 0.50293 0.69551
vt 0.56440 0.70820
vt 0.56440 0.71582
vt 0.56440 0.70059
vt 0.56440 0.69043
vt 0.59351 0.70820
vt 0.59351 0.71582
vt 0.59351 0.70059
vt 0.59351 0.69043
vt 0.62140 0.70820
vt 0.62140 0.71582
vt 0.62140 0.70059
vt 0.62140 0.69043
vt 0.64792 0.70820
vt 0.64792 0.71582
vt 0.64792 0.70059
vt 0.64792 0.69043
vt 0.67288 0.70820
vt 0.67288 0.71582
vt 0.67288 0.70059
vt 0.67288 0.69043
vt 0.69603 0.70820
vt 0.69603 0.71582
vt 0.69603 0.70059
vt 0.69603 0.69043
vt 0.71694 0.70820
vt 0.71694 0.71582
vt 0.71694 0.70059
vt 0.71694 0.69043
vt 0.73483 0.70820
vt 0.73483 0.71582
vt 0.73483 0.70059
vt 0.73483 0.69043
vt 0.74707 0.71201
vt 0.74707 0.70439
vt 0.74707 0.69551
vt 0.78418 0.70820
vt 0.78418 0.71582
vt 0.75293 0.71201
vt 0.78418 0.70059
vt 0.75293 0.70439
vt 0.78418 0.69043
vt 0.75293 0.69551
vt 0.81440 0.70820
vt 0.81440 0.71582
vt 0.81440 0.70059
vt 0.81440 0.69043
vt 0.84351 0.70820
vt 0.84351 0.71582
vt 0.84351 0.70059
vt 0.84351 0.69043
vt 0.87140 0.70820
vt 0.87140 0.71582
vt 0.87140 0.70059
vt 0.87140 0.69043
vt 0.89792 0.70820
vt 0.89792 0.71582
vt 0.89792 0.70059
vt 0.89792 0.69043
vt 0.92288 0.70820
vt 0.92288 0.71582
vt 0.92288 0.70059
vt 0.92288 0.69043
vt 0.94603 0.70820
vt 0.94603 0.71582
vt 0.94603 0.70059
vt 0.94603 0.69043
vt 0.96694 0.70820
vt 0.96694 0.71582
vt 0.96694 0.70059
vt 0.96694 0.69043
vt 0.98483 0.70820
vt 0.98483 0.71582
vt 0.98483 0.70059
vt 0.98483 0.69043
vt 0.99707 0.71201
vt 0.99707 0.70439
vt 0.99707 0.69551
vt 0.03418 0.67695
vt 0.03418 0.68457
vt 0.00293 0.68076
vt 0.03418 0.66934
vt 0.00293 0.67314
vt 0.03418 0.65918
vt 0.00293 0.66426
vt 0.06440 0.67695
vt 0.06440 0.68457
vt 0.06440 0.66934
vt 0.06440 0.65918
vt 0.09351 0.67695
vt 0.09351 0.68457
vt 0.09351 0.66934
vt 0.09351 0.65918
vt 0.12140 0.67695
vt 0.12140 0.68457
vt 0.12140 0.66934
vt 0.12140 0.65918
vt 0.14792 0.67695
vt 0.14792 0.68457
vt 0.14792 0.66934
vt 0.14792 0.65918
vt 0.17288 0.67695
vt 0.17288 0.68457
vt 0.17288 0.66934
vt 0.17288 0.65918
vt 0.19603 0.67695
vt 0.19603 0.68457
vt 0.19603 0.66934
vt 0.19603 0.65918
vt 0.21694 0.67695
vt 0.21694 0.68457
vt 0.21694 0.66934
vt 0.21694 0.65918
vt 0.23483 0.67695
vt 0.23483 0.68457
vt 0.23483 0.66934
vt 0.23483 0.65918
vt 0.24707 0.68076
vt 0.24707 0.67314
vt 0.24707 0.66426
vt 0.28418 0.67695
vt 0.28418 0.68457
vt 0.25293 0.68076
vt 0.28418 0.66934
vt 0.25293 0.67314
vt 0.28418 0.65918
vt 0.25293 0.66426
vt 0.31440 0.67695
vt 0.31440 0.68457
vt 0.31440 0.66934
vt 0.31440 0.65918
vt 0.34351 0.67695
vt 0.34351 0.68457
vt 0.34351 0.66934
vt 0.34351 0.65918
vt 0.37140 0.67695
vt 0.37140 0.68457
vt 0.37140 0.66934
vt 0.37140 0.65918
vt 0.39792 0.67695
vt 0.39792 0.68457
vt 0.39792 0.66934
vt 0.39792 0.65918
vt 0.42288 0.67695
vt 0.42288 0.68457
vt 0.42288 0.66934
vt 0.42288 0.65918
vt 0.44603 0.67695
vt 0.44603 0.68457
vt 0.44603 0.66934
vt 0.44603 0.65918
vt 0.46694 0.67695
vt 0.46694 0.68457
vt 0.46694 0.66934
vt 0.46694 0.65918
vt 0.48483 0.67695
vt 0.48483 0.68457
vt 0.48483 0.66934
vt 0.48483 0.65918
vt 0.49707 0.68076
vt 0.49707 0.67314
vt 0.49707 0.66426
vt 0.53418 0.67695
vt 0.53418 0.68457
vt 0.50293 0.68076
vt 0.53418 0.66934
vt 0.50293 0.67314
vt 0.53418 0.65918
vt 0.50293 0.66426
vt 0.56440 0.67695
vt 0.56440 0.68457
vt 0.56440 0.66934
vt 0.56440 0.65918
vt 0.59351 0.67695
vt 0.59351 0.68457
vt 0.59351 0.66934
vt 0.59351 0.65918
vt 0.62140 0.67695
vt 0.62140 0.68457
vt 0.62140 0.66934
vt 0.62140 0.65918
vt 0.64792 0.67695
vt 0.64792 0.68457
vt 0.64792 0.66934
vt 0.64792 0.65918
vt 0.67288 0.67695
vt 0.67288 0.68457
vt 0.67288 0.66934
vt 0.67288 0.65918
vt 0.69603 0.67695
vt 0.69603 0.68457
vt 0.69603 0.66934
vt 0.69603 0.65918
vt 0.71694 0.67695
vt 0.71694 0.68457
vt 0.71694 0.66934
vt 0.71694 0.65918
vt 0.73483 0.67695
vt 0.73483 0.68457
vt 0.73483 0.66934
vt 0.73483 0.65918
vt 0.74707 0.68076
vt 0.74707 0.67314
vt 0.74707 0.66426
vt 0.78418 0.67695
vt 0.78418 0.68457
vt 0.75293 0.68076
vt 0.78418 0.66934
vt 0.75293 0.67314
vt 0.78418 0.65918
vt 0.75293 0.66426
vt 0.81440 0.67695
vt 0.81440 0.68457
vt 0.81440 0.66934
vt 0.81440 0.65918
vt 0.84351 0.67695
vt 0.84351 0.68457
vt 0.84351 0.66934
vt 0.84351 0.65918
vt 0.87140 0.67695
vt 0.87140 0.68457
vt 0.87140 0.66934
vt 0.87140 0.65918
vt 0.89792 0.67695
vt 0.89792 0.68457
vt 0.89792 0.66934
vt 0.89792 0.65918
vt 0.92288 0.67695
vt 0.92288 0.68457
vt 0.92288 0.66934
vt 0.92288 0.65918
vt 0.94603 0.67695
vt 0.94603 0.68457
vt 0.94603 0.66934
vt 0.94603 0.65918
vt 0.96694 0.67695
vt 0.96694 0.68457
vt 0.96694 0.66934
vt 0.96694 0.65918
vt 0.98483 0.67695
vt 0.98483 0.68457
vt 0.98483 0.66934
vt 0.98483 0.65918
vt 0.99707 0.68076
vt 0.99707 0.67314
vt 0.99707 0.66426
vt 0.03418 0.64570
vt 0.03418 0.65332
vt 0.00293 0.64951
vt 0.03418 0.63809
vt 0.00293 0.64189
vt 0.03418 0.62793
vt 0.00293 0.63301
vt 0.06440 0.64570
vt 0.06440 0.65332
vt 0.06440 0.63809
vt 0.06440 0.62793
vt 0.09351 0.64570
vt 0.09351 0.65332
vt 0.09351 0.63809
vt 0.09351 0.62793
vt 0.12140 0.64570
vt 0.12140 0.65332
vt 0.12140 0.63809
vt 0.12140 0.62793
vt 0.14792 0.64570
vt 0.14792 0.65332
vt 0.14792 0.63809
vt 0.14792 0.62793
vt 0.17288 0.64570
vt 0.17288 0.65332
vt 0.17288 0.63809
vt 0.17288 0.62793
vt 0.19603 0.64570
vt 0.19603 0.65332
vt 0.19603 0.63809
vt 0.19603 0.62793
vt 0.21694 0.64570
vt 0.21694 0.65332
vt 0.21694 0.63809
vt 0.21694 0.62793
vt 0.23483 0.64570
vt 0.23483 0.65332
vt 0.23483 0.63809
vt 0.23483 0.62793
vt 0.24707 0.64951
vt 0.24707 0.64189
vt 0.24707 0.63301
vt 0.28418 0.64570
vt 0.28418 0.65332
vt 0.25293 0.64951
vt 0.28418 0.63809
vt 0.25293 0.64189
vt 0.28418 0.62793
vt 0.25293 0.63301
vt 0.31440 0.64570
vt 0.31440 0.65332
vt 0.31440 0.63809
vt 0.31440 0.62793
vt 0.34351 0.64570
vt 0.34351 0.65332
vt 0.34351 0.63809
vt 0.34351 0.62793
vt 0.37140 0.64570
vt 0.37140 0.65332
vt 0.37140 0.63809
vt 0.37140 0.62793
vt 0.39792 0.64570
vt 0.39792 0.65332
vt 0.39792 0.63809
vt 0.39792 0.62793
vt 0.42288 0.64570
vt 0.42288 0.65332
vt 0.42288 0.63809
vt 0.42288 0.62793
vt 0.44603 0.64570
vt 0.44603 0.65332
vt 0.44603 0.63809
vt 0.44603 0.62793
vt 0.46694 0.64570
vt 0.46694 0.65332
vt 0.46694 0.63809
vt 0.46694 0.62793
vt 0.48483 0.64570
vt 0.48483 0.65332
vt 0.48483 0.63809
vt 0.48483 0.62793
vt 0.49707 0.64951
vt 0.49707 0.64189
vt 0.49707 0.63301
vt 0.53418 0.64570
vt 0.53418 0.65332
vt 0.50293 0.64951
vt 0.53418 0.63809
vt 0.50293 0.64189
vt 0.53418 0.62793
vt 0.50293 0.63301
vt 0.56440 0.64570
vt 0.56440 0.65332
vt 0.56440 0.63809
vt 0.56440 0.62793
vt 0.59351 0.64570
vt 0.59351 0.65332
vt 0.59351 0.63809
vt 0.59351 0.62793
vt 0.62140 0.64570
vt 0.62140 0.65332
vt 0.62140 0.63809
vt 0.62140 0.62793
vt 0.64792 0.64570
vt 0.64792 0.65332
vt 0.64792 0.63809
vt 0.64792 0.62793
vt 0.67288 0.64570
vt 0.67288 0.65332
vt 0.67288 0.63809
vt 0.67288 0.62793
vt 0.69603 0.64570
vt 0.69603 0.65332
vt 0.69603 0.63809
vt 0.69603 0.62793
vt 0.71694 0.64570
vt 0.71694 0.65332
vt 0.71694 0.63809
vt 0.71694 0.62793
vt 0.73483 0.64570
vt 0.73483 0.65332
vt 0.73483 0.63809
vt 0.73483 0.62793
vt 0.74707 0.64951
vt 0.74707 0.64189
vt 0.74707 0.63301
vt 0.78418 0.64570
vt 0.78418 0.65332
vt 0.75293 0.64951
vt 0.78418 0.63809
vt 0.75293 0.64189
vt 0.78418 0.62793
vt 0.75293 0.63301
vt 0.81440 0.64570
vt 0.81440 0.65332
vt 0.81440 0.63809
vt 0.81440 0.62793
vt 0.84351 0.64570
vt 0.84351 0.65332
vt 0.84351 0.63809
vt 0.84351 0.62793
vt 0.87140 0.64570
vt 0.87140 0.65332
vt 0.87140 0.63809
vt 0.87140 0.62793
vt 0.89792 0.64570
vt 0.89792 0.65332
vt 0.89792 0.63809
vt 0.89792 0.62793
vt 0.92288 0.64570
vt 0.92288 0.65332
vt 0.92288 0.63809
vt 0.92288 0.62793
vt 0.94603 0.64570
vt 0.94603 0.65332
vt 0.94603 0.63809
vt 0.94603 0.62793
vt 0.96694 0.64570
vt 0.96694 0.65332
vt 0.96694 0.63809
vt 0.96694 0.62793
vt 0.98483 0.64570
vt 0.98483 0.65332
vt 0.98483 0.63809
vt 0.98483 0.62793
vt 0.99707 0.64951
vt 0.99707 0.64189
vt 0.99707 0.63301
vt 0.03418 0.61445
vt 0.03418 0.62207
vt 0.00293 0.61826
vt 0.03418 0.60684
vt 0.00293 0.61064
vt 0.03418 0.59668
vt 0.00293 0.60176
vt 0.06440 0.61445
vt 0.06440 0.62207
vt 0.06440 0.60684
vt 0.06440 0.59668
vt 0.09351 0.61445
vt 0.09351 0.62207
vt 0.09351 0.60684
vt 0.09351 0.59668
vt 0.12140 0.61445
vt 0.12140 0.62207
vt 0.12140 0.60684
vt 0.12140 0.59668
vt 0.14792 0.61445
vt 0.14792 0.62207
vt 0.14792 0.60684
vt 0.14792 0.59668
vt 0.17288 0.61445
vt 0.17288 0.62207
vt 0.17288 0.60684
vt 0.17288 0.59668
vt 0.19603 0.61445
vt 0.19603 0.62207
vt 0.19603 0.60684
vt 0.19603 0.59668
vt 0.21694 0.61445
vt 0.21694 0.62207
vt 0.21694 0.60684
vt 0.21694 0.59668
vt 0.23483 0.61445
vt 0.23483 0.62207
vt 0.23483 0.60684
vt 0.23483 0.59668
vt 0.24707 0.61826
vt 0.24707 0.61064
vt 0.24707 0.60176
vt 0.28418 0.61445
vt 0.28418 0.62207
vt 0.25293 0.61826
vt 0.28418 0.60684
vt 0.25293 0.61064
vt 0.28418 0.59668
vt 0.25293 0.60176
vt 0.31440 0.61445
vt 0.31440 0.62207
vt 0.31440 0.60684
vt 0.31440 0.59668
vt 0.34351 0.61445
vt 0.34351 0.62207
vt 0.34351 0.60684
vt 0.34351 0.59668
vt 0.37140 0.61445
vt 0.37140 0.62207
vt 0.37140 0.60684
vt 0.37140 0.59668
vt 0.39792 0.61445
vt 0.39792 0.62207
vt 0.39792 0.60684
vt 0.39792 0.59668
vt 0.42288 0.61445
vt 0.42288 0.62207
vt 0.42288 0.60684
vt 0.42288 0.59668
vt 0.44603 0.61445
vt 0.44603 0.62207
vt 0.44603 0.60684
vt 0.44603 0.59668
vt 0.46694 0.61445
vt 0.46694 0.62207
vt 0.46694 0.60684
vt 0.46694 0.59668
vt 0.48483 0.61445
vt 0.48483 0.62207
vt 0.48483 0.60684
vt 0.48483 0.59668
vt 0.49707 0.61826
vt 0.49707 0.61064
vt 0.49707 0.60176
vt 0.53418 0.61445
vt 0.53418 0.62207
vt 0.50293 0.61826
vt 0.53418 0.60684
vt 0.50293 0.61064
vt 0.53418 0.59668
vt 0.50293 0.60176
vt 0.56440 0.61445
vt 0.56440 0.62207
vt 0.56440 0.60684
vt 0.56440 0.59668
vt 0.59351 0.61445
vt 0.59351 0.62207
vt 0.59351 0.60684
vt 0.59351 0.59668
vt 0.62140 0.61445
vt 0.62140 0.62207
vt 0.62140 0.60684
vt 0.62140 0.59668
vt 0.64792 0.61445
vt 0.64792 0.62207
vt 0.64792 0.60684
vt 0.64792 0.59668
vt 0.67288 0.61445
vt 0.67288 0.62207
vt 0.67288 0.60684
vt 0.67288 0.59668
vt 0.69603 0.61445
vt 0.69603 0.62207
vt 0.69603 0.60684
vt 0.69603 0.59668
vt 0.71694 0.61445
vt 0.71694 0.62207
vt 0.71694 0.60684
vt 0.71694 0.59668
vt 0.73483 0.61445
vt 0.73483 0.62207
vt 0.73483 0.60684
vt 0.73483 0.59668
vt 0.74707 0.61826
vt 0.74707 0.61064
vt 0.74707 0.60176
vt 0.78418 0.61445
vt 0.78418 0.62207
vt 0.75293 0.61826
vt 0.78418 0.60684
vt 0.75293 0.61064
vt 0.78418 0.59668
vt 0.75293 0.60176
vt 0.81440 0.61445
vt 0.81440 0.62207
vt 0.81440 0.60684
vt 0.81440 0.59668
vt 0.84351 0.61445
vt 0.84351 0.62207
vt 0.84351 0.60684
vt 0.84351 0.59668
vt 0.87140 0.61445
vt 0.87140 0.62207
vt 0.87140 0.60684
vt 0.87140 0.59668
vt 0.89792 0.61445
vt 0.89792 0.62207
vt 0.89792 0.60684
vt 0.89792 0.59668
vt 0.92288 0.61445
vt 0.92288 0.62207
vt 0.92288 0.60684
vt 0.92288 0.59668
vt 0.94603 0.61445
vt 0.94603 0.62207
vt 0.94603 0.60684
vt 0.94603 0.59668
vt 0.96694 0.61445
vt 0.96694 0.62207
vt 0.96694 0.60684
vt 0.96694 0.59668
vt 0.98483 0.61445
vt 0.98483 0.62207
vt 0.98483 0.60684
vt 0.98483 0.59668
vt 0.99707 0.61826
vt 0.99707 0.61064
vt 0.99707 0.60176
vt 0.03418 0.58320
vt 0.03418 0.59082
vt 0.00293 0.58701
vt 0.03418 0.57559
vt 0.00293 0.57939
vt 0.03418 0.56543
vt 0.00293 0.57051
vt 0.06440 0.58320
vt 0.06440 0.59082
vt 0.06440 0.57559
vt 0.06440 0.56543
vt 0.09351 0.58320
vt 0.09351 0.59082
vt 0.09351 0.57559
vt 0.09351 0.56543
vt 0.12140 0.58320
vt 0.12140 0.59082
vt 0.12140 0.57559
vt 0.12140 0.56543
vt 0.14792 0.58320
vt 0.14792 0.59082
vt 0.14792 0.57559
vt 0.14792 0.56543
vt 0.17288 0.58320
vt 0.17288 0.59082
vt 0.17288 0.57559
vt 0.17288 0.56543
vt 0.19603 0.58320
vt 0.19603 0.59082
vt 0.19603 0.57559
vt 0.19603 0.56543
vt 0.21694 0.58320
vt 0.21694 0.59082
vt 0.21694 0.57559
vt 0.21694 0.56543
vt 0.23483 0.58320
vt 0.23483 0.59082
vt 0.23483 0.57559
vt 0.23483 0.56543
vt 0.24707 0.58701
vt 0.24707 0.57939
vt 0.24707 0.57051
vt 0.28418 0.58320
vt 0.28418 0.59082
vt 0.25293 0.58701
vt 0.28418 0.57559
vt 0.25293 0.57939
vt 0.28418 0.56543
vt 0.25293 0.57051
vt 0.31440 0.58320
vt 0.31440 0.59082
vt 0.31440 0.57559
vt 0.31440 0.56543
vt 0.34351 0.58320
vt 0.34351 0.59082
vt 0.34351 0.57559
vt 0.34351 0.56543
vt 0.37140 0.58320
vt 0.37140 0.59082
vt 0.37140 0.57559
vt 0.37140 0.56543
vt 0.39792 0.58320
vt 0.39792 0.59082
vt 0.39792 0.57559
vt 0.39792 0.56543
vt 0.42288 0.58320
vt 0.42288 0.59082
vt 0.42288 0.57559
vt 0.42288 0.56543
vt 0.44603 0.58320
vt 0.44603 0.59082
vt 0.44603 0.57559
vt 0.44603 0.56543
vt 0.46694 0.58320
vt 0.46694 0.59082
vt 0.46694 0.57559
vt 0.46694 0.56543
vt 0.48483 0.58320
vt 0.48483 0.59082
vt 0.48483 0.57559
vt 0.48483 0.56543
vt 0.49707 0.58701
vt 0.49707 0.57939
vt 0.49707 0.57051
vt 0.53418 0.58320
vt 0.53418 0.59082
vt 0.50293 0.58701
vt 0.53418 0.57559
vt 0.50293 0.57939
vt 0.53418 0.56543
vt 0.50293 0.57051
vt 0.56440 0.58320
vt 0.56440 0.59082
vt 0.56440 0.57559
vt 0.56440 0.56543
vt 0.59351 0.58320
vt 0.59351 0.59082
vt 0.59351 0.57559
vt 0.59351 0.56543
vt 0.62140 0.58320
vt 0.62140 0.59082
vt 0.62140 0.57559
vt 0.62140 0.56543
vt 0.64792 0.58320
vt 0.64792 0.59082
vt 0.64792 0.57559
vt 0.64792 0.56543
vt 0.67288 0.58320
vt 0.67288 0.59082
vt 0.67288 0.57559
vt 0.67288 0.56543
vt 0.69603 0.58320
vt 0.69603 0.59082
vt 0.69603 0.57559
vt 0.69603 0.56543
vt 0.71694 0.58320
vt 0.71694 0.59082
vt 0.71694 0.57559
vt 0.71694 0.56543
vt 0.73483 0.58320
vt 0.73483 0.59082
vt 0.73483 0.57559
vt 0.73483 0.56543
vt 0.74707 0.58701
vt 0.74707 0.57939
vt 0.74707 0.57051
vt 0.78418 0.58320
vt 0.78418 0.59082
vt 0.75293 0.58701
vt 0.78418 0.57559
vt 0.75293 0.57939
vt 0.78418 0.56543
vt 0.75293 0.57051
vt 0.81440 0.58320
vt 0.81440 0.59082
vt 0.81440 0.57559
vt 0.81440 0.56543
vt 0.84351 0.58320
vt 0.84351 0.59082
vt 0.84351 0.57559
vt 0.84351 0.56543
vt 0.87140 0.58320
vt 0.87140 0.59082
vt 0.87140 0.57559
vt 0.87140 0.56543
vt 0.89792 0.58320
vt 0.89792 0.59082
vt 0.89792 0.57559
vt 0.89792 0.56543
vt 0.92288 0.58320
vt 0.92288 0.59082
vt 0.92288 0.57559
vt 0.92288 0.56543
vt 0.94603 0.58320
vt 0.94603 0.59082
vt 0.94603 0.57559
vt 0.94603 0.56543
vt 0.96694 0.58320
vt 0.96694 0.59082
vt 0.96694 0.57559
vt 0.96694 0.56543
vt 0.98483 0.58320
vt 0.98483 0.59082
vt 0.98483 0.57559
vt 0.98483 0.56543
vt 0.99707 0.58701
vt 0.99707 0.57939
vt 0.99707 0.57051
vt 0.03418 0.55195
vt 0.03418 0.55957
vt 0.00293 0.55576
vt 0.03418 0.54434
vt 0.00293 0.54814
vt 0.03418 0.53418
vt 0.00293 0.53926
vt 0.06440 0.55195
vt 0.06440 0.55957
vt 0.06440 0.54434
vt 0.06440 0.53418
vt 0.09351 0.55195
vt 0.09351 0.55957
vt 0.09351 0.54434
vt 0.09351 0.53418
vt 0.12140 0.55195
vt 0.12140 0.55957
vt 0.12140 0.54434
vt 0.12140 0.53418
vt 0.14792 0.55195
vt 0.14792 0.55957
vt 0.14792 0.54434
vt 0.14792 0.53418
vt 0.17288 0.55195
vt 0.17288 0.55957
vt 0.17288 0.54434
vt 0.17288 0.53418
vt 0.19603 0.55195
vt 0.19603 0.55957
vt 0.19603 0.54434
vt 0.19603 0.53418
vt 0.21694 0.55195
vt 0.21694 0.55957
vt 0.21694 0.54434
vt 0.21694 0.53418
vt 0.23483 0.55195
vt 0.23483 0.55957
vt 0.23483 0.54434
vt 0.23483 0.53418
vt 0.24707 0.55576
vt 0.24707 0.54814
vt 0.24707 0.53926
vt 0.28418 0.55195
vt 0.28418 0.55957
vt 0.25293 0.55576
vt 0.28418 0.54434
vt 0.25293 0.54814
vt 0.28418 0.53418
vt 0.25293 0.53926
vt 0.31440 0.55195
vt 0.31440 0.55957
vt 0.31440 0.54434
vt 0.31440 0.53418
vt 0.34351 0.55195
vt 0.34351 0.55957
vt 0.34351 0.54434
vt 0.34351 0.53418
vt 0.37140 0.55195
vt 0.37140 0.55957
vt 0.37140 0.54434
vt 0.37140 0.53418
vt 0.39792 0.55195
vt 0.39792 0.55957
vt 0.39792 0.54434
vt 0.39792 0.53418
vt 0.42288 0.55195
vt 0.42288 0.55957
vt 0.42288 0.54434
vt 0.42288 0.53418
vt 0.44603 0.55195
vt 0.44603 0.55957
vt 0.44603 0.54434
vt 0.44603 0.53418
vt 0.46694 0.55195
vt 0.46694 0.55957
vt 0.46694 0.54434
vt 0.46694 0.53418
vt 0.48483 0.55195
vt 0.48483 0.55957
vt 0.48483 0.54434
vt 0.48483 0.53418
vt 0.49707 0.55576
vt 0.49707 0.54814
vt 0.49707 0.53926
vt 0.53418 0.55195
vt 0.53418 0.55957
vt 0.50293 0.55576
vt 0.53418 0.54434
vt 0.50293 0.54814
vt 0.53418 0.53418
vt 0.50293 0.53926
vt 0.56440 0.55195
vt 0.56440 0.55957
vt 0.56440 0.54434
vt 0.56440 0.53418
vt 0.59351 0.55195
vt 0.59351 0.55957
vt 0.59351 0.54434
vt 0.59351 0.53418
vt 0.62140 0.55195
vt 0.62140 0.55957
vt 0.62140 0.54434
vt 0.62140 0.53418
vt 0.64792 0.55195
vt 0.64792 0.55957
vt 0.64792 0.54434
vt 0.64792 0.53418
vt 0.67288 0.55195
vt 0.67288 0.55957
vt 0.67288 0.54434
vt 0.67288 0.53418
vt 0.69603 0.55195
vt 0.69603 0.55957
vt 0.69603 0.54434
vt 0.69603 0.53418
vt 0.71694 0.55195
vt 0.71694 0.55957
vt 0.71694 0.54434
vt 0.71694 0.53418
vt 0.73483 0.55195
vt 0.73483 0.55957
vt 0.73483 0.54434
vt 0.73483 0.53418
vt 0.74707 0.55576
vt 0.74707 0.54814
vt 0.74707 0.53926
vt 0.78418 0.55195
vt 0.78418 0.55957
vt 0.75293 0.55576
vt 0.78418 0.54434
vt 0.75293 0.54814
vt 0.78418 0.53418
vt 0.75293 0.53926
vt 0.81440 0.55195
vt 0.81440 0.55957
vt 0.81440 0.54434
vt 0.81440 0.53418
vt 0.84351 0.55195
vt 0.84351 0.55957
vt 0.84351 0.54434
vt 0.84351 0.53418
vt 0.87140 0.55195
vt 0.87140 0.55957
vt 0.87140 0.54434
vt 0.87140 0.53418
vt 0.89792 0.55195
vt 0.89792 0.55957
vt 0.89792 0.54434
vt 0.89792 0.53418
vt 0.92288 0.55195
vt 0.92288 0.55957
vt 0.92288 0.54434
vt 0.92288 0.53418
vt 0.94603 0.55195
vt 0.94603 0.55957
vt 0.94603 0.54434
vt 0.94603 0.53418
vt 0.96694 0.55195
vt 0.96694 0.55957
vt 0.96694 0.54434
vt 0.96694 0.53418
vt 0.98483 0.55195
vt 0.98483 0.55957
vt 0.98483 0.54434
vt 0.98483 0.53418
vt 0.99707 0.55576
vt 0.99707 0.54814
vt 0.99707 0.53926
vt 0.03418 0.52070
vt 0.03418 0.52832
vt 0.00293 0.52451
vt 0.03418 0.51309
vt 0.00293 0.51689
vt 0.03418 0.50293
vt 0.00293 0.50801
vt 0.06440 0.52070
vt 0.06440 0.52832
vt 0.06440 0.51309
vt 0.06440 0.50293
vt 0.09351 0.52070
vt 0.09351 0.52832
vt 0.09351 0.51309
vt 0.09351 0.50293
vt 0.12140 0.52070
vt 0.12140 0.52832
vt 0.12140 0.51309
vt 0.12140 0.50293
vt 0.14792 0.52070
vt 0.14792 0.52832
vt 0.14792 0.51309
vt 0.14792 0.50293
vt 0.17288 0.52070
vt 0.17288 0.52832
vt 0.17288 0.51309
vt 0.17288 0.50293
vt 0.19603 0.52070
vt 0.19603 0.52832
vt 0.19603 0.51309
vt 0.19603 0.50293
vt 0.21694 0.52070
vt 0.21694 0.52832
vt 0.21694 0.51309
vt 0.21694 0.50293
vt 0.23483 0.52070
vt 0.23483 0.52832
vt 0.23483 0.51309
vt 0.23483 0.50293
vt 0.24707 0.52451
vt 0.24707 0.51689
vt 0.24707 0.50801
vt 0.28418 0.52070
vt 0.28418 0.52832
vt 0.25293 0.52451
vt 0.28418 0.51309
vt 0.25293 0.51689
vt 0.28418 0.50293
vt 0.25293 0.50801
vt 0.31440 0.52070
vt 0.31440 0.52832
vt 0.31440 0.51309
vt 0.31440 0.50293
vt 0.34351 0.52070
vt 0.34351 0.52832
vt 0.34351 0.51309
vt 0.34351 0.50293
vt 0.37140 0.52070
vt 0.37140 0.52832
vt 0.37140 0.51309
vt 0.37140 0.50293
vt 0.39792 0.52070
vt 0.39792 0.52832
vt 0.39792 0.51309
vt 0.39792 0.50293
vt 0.42288 0.52070
vt 0.42288 0.52832
vt 0.42288 0.51309
vt 0.42288 0.50293
vt 0.44603 0.52070
vt 0.44603 0.52832
vt 0.44603 0.51309
vt 0.44603 0.50293
vt 0.46694 0.52070
vt 0.46694 0.52832
vt 0.46694 0.51309
vt 0.46694 0.50293
vt 0.48483 0.52070
vt 0.48483 0.52832
vt 0.48483 0.51309
vt 0.48483 0.50293
vt 0.49707 0.52451
vt 0.49707 0.51689
vt 0.49707 0.50801
vt 0.53418 0.52070
vt 0.53418 0.52832
vt 0.50293 0.52451
vt 0.53418 0.51309
vt 0.50293 0.51689
vt 0.53418 0.50293
vt 0.50293 0.50801
vt 0.56440 0.52070
vt 0.56440 0.52832
vt 0.56440 0.51309
vt 0.56440 0.50293
vt 0.59351 0.52070
vt 0.59351 0.52832
vt 0.59351 0.51309
vt 0.59351 0.50293
vt 0.62140 0.52070
vt 0.62140 0.52832
vt 0.62140 0.51309
vt 0.62140 0.50293
vt 0.64792 0.52070
vt 0.64792 0.52832
vt 0.64792 0.51309
vt 0.64792 0.50293
vt 0.67288 0.52070
vt 0.67288 0.52832
vt 0.67288 0.51309
vt 0.67288 0.50293
vt 0.69603 0.52070
vt 0.69603 0.52832
vt 0.69603 0.51309
vt 0.69603 0.50293
vt 0.71694 0.52070
vt 0.71694 0.52832
vt 0.71694 0.51309
vt 0.71694 0.50293
vt 0.73483 0.52070
vt 0.73483 0.52832
vt 0.73483 0.51309
vt 0.73483 0.50293
vt 0.74707 0.52451
vt 0.74707 0.51689
vt 0.74707 0.50801
vt 0.78418 0.52070
vt 0.78418 0.52832
vt 0.75293 0.52451
vt 0.78418 0.51309
vt 0.75293 0.51689
vt 0.78418 0.50293
vt 0.75293 0.50801
vt 0.81440 0.52070
vt 0.81440 0.52832
vt 0.81440 0.51309
vt 0.81440 0.50293
vt 0.84351 0.52070
vt 0.84351 0.52832
vt 0.84351 0.51309
vt 0.84351 0.50293
vt 0.87140 0.52070
vt 0.87140 0.52832
vt 0.87140 0.51309
vt 0.87140 0.50293
vt 0.89792 0.52070
vt 0.89792 0.52832
vt 0.89792 0.51309
vt 0.89792 0.50293
vt 0.92288 0.52070
vt 0.92288 0.52832
vt 0.92288 0.51309
vt 0.92288 0.50293
vt 0.94603 0.52070
vt 0.94603 0.52832
vt 0.94603 0.51309
vt 0.94603 0.50293
vt 0.96694 0.52070
vt 0.96694 0.52832
vt 0.96694 0.51309
vt 0.96694 0.50293
vt 0.98483 0.52070
vt 0.98483 0.52832
vt 0.98483 0.51309
vt 0.98483 0.50293
vt 0.99707 0.52451
vt 0.99707 0.51689
vt 0.99707 0.50801
vt 0.03418 0.48945
vt 0.03418 0.49707
vt 0.00293 0.49326
vt 0.03418 0.48184
vt 0.00293 0.48564
vt 0.03418 0.47168
vt 0.00293 0.47676
vt 0.06440 0.48945
vt 0.06440 0.49707
vt 0.06440 0.48184
vt 0.06440 0.47168
vt 0.09351 0.48945
vt 0.09351 0.49707
vt 0.09351 0.48184
vt 0.09351 0.47168
vt 0.12140 0.48945
vt 0.12140 0.49707
vt 0.12140 0.48184
vt 0.12140 0.47168
vt 0.14792 0.48945
vt 0.14792 0.49707
vt 0.14792 0.48184
vt 0.14792 0.47168
vt 0.17288 0.48945
vt 0.17288 0.49707
vt 0.17288 0.48184
vt 0.17288 0.47168
vt 0.19603 0.48945
vt 0.19603 0.49707
vt 0.19603 0.48184
vt 0.19603 0.47168
vt 0.21694 0.48945
vt 0.21694 0.49707
vt 0.21694 0.48184
vt 0.21694 0.47168
vt 0.23483 0.48945
vt 0.23483 0.49707
vt 0.23483 0.48184
vt 0.23483 0.47168
vt 0.24707 0.49326
vt 0.24707 0.48564
vt 0.24707 0.47676
vt 0.28418 0.48945
vt 0.28418 0.49707
vt 0.25293 0.49326
vt 0.28418 0.48184
vt 0.25293 0.48564
vt 0.28418 0.47168
vt 0.25293 0.47676
vt 0.31440 0.48945
vt 0.31440 0.49707
vt 0.31440 0.48184
vt 0.31440 0.47168
vt 0.34351 0.48945
vt 0.34351 0.49707
vt 0.34351 0.48184
vt 0.34351 0.47168
vt 0.37140 0.48945
vt 0.37140 0.49707
vt 0.37140 0.48184
vt 0.37140 0.47168
vt 0.39792 0.48945
vt 0.39792 0.49707
vt 0.39792 0.48184
vt 0.39792 0.47168
vt 0.42288 0.48945
vt 0.42288 0.49707
vt 0.42288 0.48184
vt 0.42288 0.47168
vt 0.44603 0.48945
vt 0.44603 0.49707
vt 0.44603 0.48184
vt 0.44603 0.47168
vt 0.46694 0.48945
vt 0.46694 0.49707
vt 0.46694 0.48184
vt 0.46694 0.47168
vt 0.48483 0.48945
vt 0.48483 0.49707
vt 0.48483 0.48184
vt 0.48483 0.47168
vt 0.49707 0.49326
vt 0.49707 0.48564
vt 0.49707 0.47676
vt 0.53138 0.48945
vt 0.53138 0.49707
vt 0.50293 0.49326
vt 0.53138 0.48184
vt 0.50293 0.48564
vt 0.53138 0.47168
vt 0.50293 0.47676
vt 0.55899 0.48945
vt 0.55899 0.49707
vt 0.55899 0.48184
vt 0.55899 0.47168
vt 0.58569 0.48945
vt 0.58569 0.49707
vt 0.58569 0.48184
vt 0.58569 0.47168
vt 0.61141 0.48945
vt 0.61141 0.49707
vt 0.61141 0.48184
vt 0.61141 0.47168
vt 0.63604 0.48945
vt 0.63604 0.49707
vt 0.63604 0.48184
vt 0.63604 0.47168
vt 0.65947 0.48945
vt 0.65947 0.49707
vt 0.65947 0.48184
vt 0.65947 0.47168
vt 0.68153 0.48945
vt 0.68153 0.49707
vt 0.68153 0.48184
vt 0.68153 0.47168
vt 0.70198 0.48945
vt 0.70198 0.49707
vt 0.70198 0.48184
vt 0.70198 0.47168
vt 0.72045 0.48945
vt 0.72045 0.49707
vt 0.72045 0.48184
vt 0.72045 0.47168
vt 0.73626 0.48945
vt 0.73626 0.49707
vt 0.73626 0.48184
vt 0.73626 0.47168
vt 0.74707 0.49326
vt 0.74707 0.48564
vt 0.74707 0.47676
vt 0.78138 0.48945
vt 0.78138 0.49707
vt 0.75293 0.49326
vt 0.78138 0.48184
vt 0.75293 0.48564
vt 0.78138 0.47168
vt 0.75293 0.47676
vt 0.80899 0.48945
vt 0.80899 0.49707
vt 0.80899 0.48184
vt 0.80899 0.47168
vt 0.83569 0.48945
vt 0.83569 0.49707
vt 0.83569 0.48184
vt 0.83569 0.47168
vt 0.86141 0.48945
vt 0.86141 0.49707
vt 0.86141 0.48184
vt 0.86141 0.47168
vt 0.88604 0.48945
vt 0.88604 0.49707
vt 0.88604 0.48184
vt 0.88604 0.47168
vt 0.90947 0.48945
vt 0.90947 0.49707
vt 0.90947 0.48184
vt 0.90947 0.47168
vt 0.93153 0.48945
vt 0.93153 0.49707
vt 0.93153 0.48184
vt 0.93153 0.47168
vt 0.95198 0.48945
vt 0.95198 0.49707
vt 0.95198 0.48184
vt 0.95198 0.47168
vt 0.97045 0.48945
vt 0.97045 0.49707
vt 0.97045 0.48184
vt 0.97045 0.47168
vt 0.98626 0.48945
vt 0.98626 0.49707
vt 0.98626 0.48184
vt 0.98626 0.47168
vt 0.99707 0.49326
vt 0.99707 0.48564
vt 0.99707 0.47676
vt 0.03138 0.45820
vt 0.03138 0.46582
vt 0.00293 0.46201
vt 0.03138 0.45059
vt 0.00293 0.45439
vt 0.03138 0.44043
vt 0.00293 0.44551
vt 0.05899 0.45820
vt 0.05899 0.46582
vt 0.05899 0.45059
vt 0.05899 0.44043
vt 0.08569 0.45820
vt 0.08569 0.46582
vt 0.08569 0.45059
vt 0.08569 0.44043
vt 0.11141 0.45820
vt 0.11141 0.46582
vt 0.11141 0.45059
vt 0.11141 0.44043
vt 0.13604 0.45820
vt 0.13604 0.46582
vt 0.13604 0.45059
vt 0.13604 0.44043
vt 0.15947 0.45820
vt 0.15947 0.46582
vt 0.15947 0.45059
vt 0.15947 0.44043
vt 0.18153 0.45820
vt 0.18153 0.46582
vt 0.18153 0.45059
vt 0.18153 0.44043
vt 0.20198 0.45820
vt 0.20198 0.46582
vt 0.20198 0.45059
vt 0.20198 0.44043
vt 0.22045 0.45820
vt 0.22045 0.46582
vt 0.22045 0.45059
vt 0.22045 0.44043
vt 0.23626 0.45820
vt 0.23626 0.46582
vt 0.23626 0.45059
vt 0.23626 0.44043
vt 0.24707 0.46201
vt 0.24707 0.45439
vt 0.24707 0.44551
vt 0.28138 0.45820
vt 0.28138 0.46582
vt 0.25293 0.46201
vt 0.28138 0.45059
vt 0.25293 0.45439
vt 0.28138 0.44043
vt 0.25293 0.44551
vt 0.30899 0.45820
vt 0.30899 0.46582
vt 0.30899 0.45059
vt 0.30899 0.44043
vt 0.33569 0.45820
vt 0.33569 0.46582
vt 0.33569 0.45059
vt 0.33569 0.44043
vt 0.36141 0.45820
vt 0.36141 0.46582
vt 0.36141 0.45059
vt 0.36141 0.44043
vt 0.38604 0.45820
vt 0.38604 0.46582
vt 0.38604 0.45059
vt 0.38604 0.44043
vt 0.40947 0.45820
vt 0.40947 0.46582
vt 0.40947 0.45059
vt 0.40947 0.44043
vt 0.43153 0.45820
vt 0.43153 0.46582
vt 0.43153 0.45059
vt 0.43153 0.44043
vt 0.45198 0.45820
vt 0.45198 0.46582
vt 0.45198 0.45059
vt 0.45198 0.44043
vt 0.47045 0.45820
vt 0.47045 0.46582
vt 0.47045 0.45059
vt 0.47045 0.44043
vt 0.48626 0.45820
vt 0.48626 0.46582
vt 0.48626 0.45059
vt 0.48626 0.44043
vt 0.49707 0.46201
vt 0.49707 0.45439
vt 0.49707 0.44551
vt 0.53138 0.45820
vt 0.53138 0.46582
vt 0.50293 0.46201
vt 0.53138 0.45059
vt 0.50293 0.45439
vt 0.53138 0.44043
vt 0.50293 0.44551
vt 0.55899 0.45820
vt 0.55899 0.46582
vt 0.55899 0.45059
vt 0.55899 0.44043
vt 0.58569 0.45820
vt 0.58569 0.46582
vt 0.58569 0.45059
vt 0.58569 0.44043
vt 0.61141 0.45820
vt 0.61141 0.46582
vt 0.61141 0.45059
vt 0.61141 0.44043
vt 0.63604 0.45820
vt 0.63604 0.46582
vt 0.63604 0.45059
vt 0.63604 0.44043
vt 0.65947 0.45820
vt 0.65947 0.46582
vt 0.65947 0.45059
vt 0.65947 0.44043
vt 0.68153 0.45820
vt 0.68153 0.46582
vt 0.68153 0.45059
vt 0.68153 0.44043
vt 0.70198 0.45820
vt 0.70198 0.46582
vt 0.70198 0.45059
vt 0.70198 0.44043
vt 0.72045 0.45820
vt 0.72045 0.46582
vt 0.72045 0.45059
vt 0.72045 0.44043
vt 0.73626 0.45820
vt 0.73626 0.46582
vt 0.73626 0.45059
vt 0.73626 0.44043
vt 0.74707 0.46201
vt 0.74707 0.45439
vt 0.74707 0.44551
vt 0.78138 0.45820
vt 0.78138 0.46582
vt 0.75293 0.46201
vt 0.78138 0.45059
vt 0.75293 0.45439
vt 0.78138 0.44043
vt 0.75293 0.44551
vt 0.80899 0.45820
vt 0.80899 0.46582
vt 0.80899 0.45059
vt 0.80899 0.44043
vt 0.83569 0.45820
vt 0.83569 0.46582
vt 0.83569 0.45059
vt 0.83569 0.44043
vt 0.86141 0.45820
vt 0.86141 0.46582
vt 0.86141 0.45059
vt 0.86141 0.44043
vt 0.88604 0.45820
vt 0.88604 0.46582
vt 0.88604 0.45059
vt 0.88604 0.44043
vt 0.90947 0.45820
vt 0.90947 0.46582
vt 0.90947 0.45059
vt 0.90947 0.44043
vt 0.93153 0.45820
vt 0.93153 0.46582
vt 0.93153 0.45059
vt 0.93153 0.44043
vt 0.95198 0.45820
vt 0.95198 0.46582
vt 0.95198 0.45059
vt 0.95198 0.44043
vt 0.97045 0.45820
vt 0.97045 0.46582
vt 0.97045 0.45059
vt 0.97045 0.44043
vt 0.98626 0.45820
vt 0.98626 0.46582
vt 0.98626 0.45059
vt 0.98626 0.44043
vt 0.99707 0.46201
vt 0.99707 0.45439
vt 0.99707 0.44551
vt 0.03138 0.42695
vt 0.03138 0.43457
vt 0.00293 0.43076
vt 0.03138 0.41934
vt 0.00293 0.42314
vt 0.03138 0.40918
vt 0.00293 0.41426
vt 0.05899 0.42695
vt 0.05899 0.43457
vt 0.05899 0.41934
vt 0.05899 0.40918
vt 0.08569 0.42695
vt 0.08569 0.43457
vt 0.08569 0.41934
vt 0.08569 0.40918
vt 0.11141 0.42695
vt 0.11141 0.43457
vt 0.11141 0.41934
vt 0.11141 0.40918
vt 0.13604 0.42695
vt 0.13604 0.43457
vt 0.13604 0.41934
vt 0.13604 0.40918
vt 0.15947 0.42695
vt 0.15947 0.43457
vt 0.15947 0.41934
vt 0.15947 0.40918
vt 0.18153 0.42695
vt 0.18153 0.43457
vt 0.18153 0.41934
vt 0.18153 0.40918
vt 0.20198 0.42695
vt 0.20198 0.43457
vt 0.20198 0.41934
vt 0.20198 0.40918
vt 0.22045 0.42695
vt 0.22045 0.43457
vt 0.22045 0.41934
vt 0.22045 0.40918
vt 0.23626 0.42695
vt 0.23626 0.43457
vt 0.23626 0.41934
vt 0.23626 0.40918
vt 0.24707 0.43076
vt 0.24707 0.42314
vt 0.24707 0.41426
vt 0.28138 0.42695
vt 0.28138 0.43457
vt 0.25293 0.43076
vt 0.28138 0.41934
vt 0.25293 0.42314
vt 0.28138 0.40918
vt 0.25293 0.41426
vt 0.30899 0.42695
vt 0.30899 0.43457
vt 0.30899 0.41934
vt 0.30899 0.40918
vt 0.33569 0.42695
vt 0.33569 0.43457
vt 0.33569 0.41934
vt 0.33569 0.40918
vt 0.36141 0.42695
vt 0.36141 0.43457
vt 0.36141 0.41934
vt 0.36141 0.40918
vt 0.38604 0.42695
vt 0.38604 0.43457
vt 0.38604 0.41934
vt 0.38604 0.40918
vt 0.40947 0.42695
vt 0.40947 0.43457
vt 0.40947 0.41934
vt 0.40947 0.40918
vt 0.43153 0.42695
vt 0.43153 0.43457
vt 0.43153 0.41934
vt 0.43153 0.40918
vt 0.45198 0.42695
vt 0.45198 0.43457
vt 0.45198 0.41934
vt 0.45198 0.40918
vt 0.47045 0.42695
vt 0.47045 0.43457
vt 0.47045 0.41934
vt 0.47045 0.40918
vt 0.48626 0.42695
vt 0.48626 0.43457
vt 0.48626 0.41934
vt 0.48626 0.40918
vt 0.49707 0.43076
vt 0.49707 0.42314
vt 0.49707 0.41426
vt 0.54726 0.42695
vt 0.54726 0.43457
vt 0.50293 0.43076
vt 0.54726 0.41934
vt 0.50293 0.42314
vt 0.54726 0.40918
vt 0.50293 0.41426
vt 0.58943 0.42695
vt 0.58943 0.43457
vt 0.58943 0.41934
vt 0.58943 0.40918
vt 0.62912 0.42695
vt 0.62912 0.43457
vt 0.62912 0.41934
vt 0.62912 0.40918
vt 0.66592 0.42695
vt 0.66592 0.43457
vt 0.66592 0.41934
vt 0.66592 0.40918
vt 0.69917 0.42695
vt 0.69917 0.43457
vt 0.69917 0.41934
vt 0.69917 0.40918
vt 0.72762 0.42695
vt 0.72762 0.43457
vt 0.72762 0.41934
vt 0.72762 0.40918
vt 0.74707 0.43076
vt 0.74707 0.42314
vt 0.74707 0.41426
vt 0.79726 0.42695
vt 0.79726 0.43457
vt 0.75293 0.43076
vt 0.79726 0.41934
vt 0.75293 0.42314
vt 0.79726 0.40918
vt 0.75293 0.41426
vt 0.83943 0.42695
vt 0.83943 0.43457
vt 0.83943 0.41934
vt 0.83943 0.40918
vt 0.87912 0.42695
vt 0.87912 0.43457
vt 0.87912 0.41934
vt 0.87912 0.40918
vt 0.91592 0.42695
vt 0.91592 0.43457
vt 0.91592 0.41934
vt 0.91592 0.40918
vt 0.94917 0.42695
vt 0.94917 0.43457
vt 0.94917 0.41934
vt 0.94917 0.40918
vt 0.97762 0.42695
vt 0.97762 0.43457
vt 0.97762 0.41934
vt 0.97762 0.40918
vt 0.99707 0.43076
vt 0.99707 0.42314
vt 0.99707 0.41426
vt 0.04726 0.39570
vt 0.04726 0.40332
vt 0.00293 0.39951
vt 0.04726 0.38809
vt 0.00293 0.39189
vt 0.04726 0.37793
vt 0.00293 0.38301
vt 0.08943 0.39570
vt 0.08943 0.40332
vt 0.08943 0.38809
vt 0.08943 0.37793
vt 0.12912 0.39570
vt 0.12912 0.40332
vt 0.12912 0.38809
vt 0.12912 0.37793
vt 0.16592 0.39570
vt 0.16592 0.40332
vt 0.16592 0.38809
vt 0.16592 0.37793
vt 0.19917 0.39570
vt 0.19917 0.40332
vt 0.19917 0.38809
vt 0.19917 0.37793
vt 0.22762 0.39570
vt 0.22762 0.40332
vt 0.22762 0.38809
vt 0.22762 0.37793
vt 0.24707 0.39951
vt 0.24707 0.39189
vt 0.24707 0.38301
vt 0.29726 0.39570
vt 0.29726 0.40332
vt 0.25293 0.39951
vt 0.29726 0.38809
vt 0.25293 0.39189
vt 0.29726 0.37793
vt 0.25293 0.38301
vt 0.33943 0.39570
vt 0.33943 0.40332
vt 0.33943 0.38809
vt 0.33943 0.37793
vt 0.37912 0.39570
vt 0.37912 0.40332
vt 0.37912 0.38809
vt 0.37912 0.37793
vt 0.41592 0.39570
vt 0.41592 0.40332
vt 0.41592 0.38809
vt 0.41592 0.37793
vt 0.44917 0.39570
vt 0.44917 0.40332
vt 0.44917 0.38809
vt 0.44917 0.37793
vt 0.47762 0.39570
vt 0.47762 0.40332
vt 0.47762 0.38809
vt 0.47762 0.37793
vt 0.49707 0.39951
vt 0.49707 0.39189
vt 0.49707 0.38301
vt 0.54726 0.39570
vt 0.54726 0.40332
vt 0.50293 0.39951
vt 0.54726 0.38809
vt 0.50293 0.39189
vt 0.54726 0.37793
vt 0.50293 0.38301
vt 0.58943 0.39570
vt 0.58943 0.40332
vt 0.58943 0.38809
vt 0.58943 0.37793
vt 0.62912 0.39570
vt 0.62912 0.40332
vt 0.62912 0.38809
vt 0.62912 0.37793
vt 0.66592 0.39570
vt 0.66592 0.40332
vt 0.66592 0.38809
vt 0.66592 0.37793
vt 0.69917 0.39570
vt 0.69917 0.40332
vt 0.69917 0.38809
vt 0.69917 0.37793
vt 0.72762 0.39570
vt 0.72762 0.40332
vt 0.72762 0.38809
vt 0.72762 0.37793
vt 0.74707 0.39951
vt 0.74707 0.39189
vt 0.74707 0.38301
vt 0.79726 0.39570
vt 0.79726 0.40332
vt 0.75293 0.39951
vt 0.79726 0.38809
vt 0.75293 0.39189
vt 0.79726 0.37793
vt 0.75293 0.38301
vt 0.83943 0.39570
vt 0.83943 0.40332
vt 0.83943 0.38809
vt 0.83943 0.37793
vt 0.87912 0.39570
vt 0.87912 0.40332
vt 0.87912 0.38809
vt 0.87912 0.37793
vt 0.91592 0.39570
vt 0.91592 0.40332
vt 0.91592 0.38809
vt 0.91592 0.37793
vt 0.94917 0.39570
vt 0.94917 0.40332
vt 0.94917 0.38809
vt 0.94917 0.37793
vt 0.97762 0.39570
vt 0.97762 0.40332
vt 0.97762 0.38809
vt 0.97762 0.37793
vt 0.99707 0.39951
vt 0.99707 0.39189
vt 0.99707 0.38301
vt 0.04726 0.36445
vt 0.04726 0.37207
vt 0.00293 0.36826
vt 0.04726 0.35684
vt 0.00293 0.36064
vt 0.04726 0.34668
vt 0.00293 0.35176
vt 0.08943 0.36445
vt 0.08943 0.37207
vt 0.08943 0.35684
vt 0.08943 0.34668
vt 0.12912 0.36445
vt 0.12912 0.37207
vt 0.12912 0.35684
vt 0.12912 0.34668
vt 0.16592 0.36445
vt 0.16592 0.37207
vt 0.16592 0.35684
vt 0.16592 0.34668
vt 0.19917 0.36445
vt 0.19917 0.37207
vt 0.19917 0.35684
vt 0.19917 0.34668
vt 0.22762 0.36445
vt 0.22762 0.37207
vt 0.22762 0.35684
vt 0.22762 0.34668
vt 0.24707 0.36826
vt 0.24707 0.36064
vt 0.24707 0.35176
vt 0.29726 0.36445
vt 0.29726 0.37207
vt 0.25293 0.36826
vt 0.29726 0.35684
vt 0.25293 0.36064
vt 0.29726 0.34668
vt 0.25293 0.35176
vt 0.33943 0.36445
vt 0.33943 0.37207
vt 0.33943 0.35684
vt 0.33943 0.34668
vt 0.37912 0.36445
vt 0.37912 0.37207
vt 0.37912 0.35684
vt 0.37912 0.34668
vt 0.41592 0.36445
vt 0.41592 0.37207
vt 0.41592 0.35684
vt 0.41592 0.34668
vt 0.44917 0.36445
vt 0.44917 0.37207
vt 0.44917 0.35684
vt 0.44917 0.34668
vt 0.47762 0.36445
vt 0.47762 0.37207
vt 0.47762 0.35684
vt 0.47762 0.34668
vt 0.49707 0.36826
vt 0.49707 0.36064
vt 0.49707 0.35176
vt 0.53759 0.36445
vt 0.53759 0.37207
vt 0.50293 0.36826
vt 0.53759 0.35684
vt 0.50293 0.36064
vt 0.53759 0.34668
vt 0.50293 0.35176
vt 0.57097 0.36445
vt 0.57097 0.37207
vt 0.57097 0.35684
vt 0.57097 0.34668
vt 0.60295 0.36445
vt 0.60295 0.37207
vt 0.60295 0.35684
vt 0.60295 0.34668
vt 0.63336 0.36445
vt 0.63336 0.37207
vt 0.63336 0.35684
vt 0.63336 0.34668
vt 0.66200 0.36445
vt 0.66200 0.37207
vt 0.66200 0.35684
vt 0.66200 0.34668
vt 0.68854 0.36445
vt 0.68854 0.37207
vt 0.68854 0.35684
vt 0.68854 0.34668
vt 0.71252 0.36445
vt 0.71252 0.37207
vt 0.71252 0.35684
vt 0.71252 0.34668
vt 0.73304 0.36445
vt 0.73304 0.37207
vt 0.73304 0.35684
vt 0.73304 0.34668
vt 0.74707 0.36826
vt 0.74707 0.36064
vt 0.74707 0.35176
vt 0.78759 0.36445
vt 0.78759 0.37207
vt 0.75293 0.36826
vt 0.78759 0.35684
vt 0.75293 0.36064
vt 0.78759 0.34668
vt 0.75293 0.35176
vt 0.82097 0.36445
vt 0.82097 0.37207
vt 0.82097 0.35684
vt 0.82097 0.34668
vt 0.85295 0.36445
vt 0.85295 0.37207
vt 0.85295 0.35684
vt 0.85295 0.34668
vt 0.88336 0.36445
vt 0.88336 0.37207
vt 0.88336 0.35684
vt 0.88336 0.34668
vt 0.91200 0.36445
vt 0.91200 0.37207
vt 0.91200 0.35684
vt 0.91200 0.34668
vt 0.93854 0.36445
vt 0.93854 0.37207
vt 0.93854 0.35684
vt 0.93854 0.34668
vt 0.96252 0.36445
vt 0.96252 0.37207
vt 0.96252 0.35684
vt 0.96252 0.34668
vt 0.98304 0.36445
vt 0.98304 0.37207
vt 0.98304 0.35684
vt 0.98304 0.34668
vt 0.99707 0.36826
vt 0.99707 0.36064
vt 0.99707 0.35176
vt 0.03759 0.33320
vt 0.03759 0.34082
vt 0.00293 0.33701
vt 0.03759 0.32559
vt 0.00293 0.32939
vt 0.03759 0.31543
vt 0.00293 0.32051
vt 0.07097 0.33320
vt 0.07097 0.34082
vt 0.07097 0.32559
vt 0.07097 0.31543
vt 0.10295 0.33320
vt 0.10295 0.34082
vt 0.10295 0.32559
vt 0.10295 0.31543
vt 0.13336 0.33320
vt 0.13336 0.34082
vt 0.13336 0.32559
vt 0.13336 0.31543
vt 0.16200 0.33320
vt 0.16200 0.34082
vt 0.16200 0.32559
vt 0.16200 0.31543
vt 0.18854 0.33320
vt 0.18854 0.34082
vt 0.18854 0.32559
vt 0.18854 0.31543
vt 0.21252 0.33320
vt 0.21252 0.34082
vt 0.21252 0.32559
vt 0.21252 0.31543
vt 0.23304 0.33320
vt 0.23304 0.34082
vt 0.23304 0.32559
vt 0.23304 0.31543
vt 0.24707 0.33701
vt 0.24707 0.32939
vt 0.24707 0.32051
vt 0.28759 0.33320
vt 0.28759 0.34082
vt 0.25293 0.33701
vt 0.28759 0.32559
vt 0.25293 0.32939
vt 0.28759 0.31543
vt 0.25293 0.32051
vt 0.32097 0.33320
vt 0.32097 0.34082
vt 0.32097 0.32559
vt 0.32097 0.31543
vt 0.35295 0.33320
vt 0.35295 0.34082
vt 0.35295 0.32559
vt 0.35295 0.31543
vt 0.38336 0.33320
vt 0.38336 0.34082
vt 0.38336 0.32559
vt 0.38336 0.31543
vt 0.41200 0.33320
vt 0.41200 0.34082
vt 0.41200 0.32559
vt 0.41200 0.31543
vt 0.43854 0.33320
vt 0.43854 0.34082
vt 0.43854 0.32559
vt 0.43854 0.31543
vt 0.46252 0.33320
vt 0.46252 0.34082
vt 0.46252 0.32559
vt 0.46252 0.31543
vt 0.48304 0.33320
vt 0.48304 0.34082
vt 0.48304 0.32559
vt 0.48304 0.31543
vt 0.49707 0.33701
vt 0.49707 0.32939
vt 0.49707 0.32051
vt 0.53759 0.33320
vt 0.53759 0.34082
vt 0.50293 0.33701
vt 0.53759 0.32559
vt 0.50293 0.32939
vt 0.53759 0.31543
vt 0.50293 0.32051
vt 0.57097 0.33320
vt 0.57097 0.34082
vt 0.57097 0.32559
vt 0.57097 0.31543
vt 0.60295 0.33320
vt 0.60295 0.34082
vt 0.60295 0.32559
vt 0.60295 0.31543
vt 0.63336 0.33320
vt 0.63336 0.34082
vt 0.63336 0.32559
vt 0.63336 0.31543
vt 0.66200 0.33320
vt 0.66200 0.34082
vt 0.66200 0.32559
vt 0.66200 0.31543
vt 0.68854 0.33320
vt 0.68854 0.34082
vt 0.68854 0.32559
vt 0.68854 0.31543
vt 0.71252 0.33320
vt 0.71252 0.34082
vt 0.71252 0.32559
vt 0.71252 0.31543
vt 0.73304 0.33320
vt 0.73304 0.34082
vt 0.73304 0.32559
vt 0.73304 0.31543
vt 0.74707 0.33701
vt 0.74707 0.32939
vt 0.74707 0.32051
vt 0.78759 0.33320
vt 0.78759 0.34082
vt 0.75293 0.33701
vt 0.78759 0.32559
vt 0.75293 0.32939
vt 0.78759 0.31543
vt 0.75293 0.32051
vt 0.82097 0.33320
vt 0.82097 0.34082
vt 0.82097 0.32559
vt 0.82097 0.31543
vt 0.85295 0.33320
vt 0.85295 0.34082
vt 0.85295 0.32559
vt 0.85295 0.31543
vt 0.88336 0.33320
vt 0.88336 0.34082
vt 0.88336 0.32559
vt 0.88336 0.31543
vt 0.91200 0.33320
vt 0.91200 0.34082
vt 0.91200 0.32559
vt 0.91200 0.31543
vt 0.93854 0.33320
vt 0.93854 0.34082
vt 0.93854 0.32559
vt 0.93854 0.31543
vt 0.96252 0.33320
vt 0.96252 0.34082
vt 0.96252 0.32559
vt 0.96252 0.31543
vt 0.98304 0.33320
vt 0.98304 0.34082
vt 0.98304 0.32559
vt 0.98304 0.31543
vt 0.99707 0.33701
vt 0.99707 0.32939
vt 0.99707 0.32051
vt 0.03759 0.30195
vt 0.03759 0.30957
vt 0.00293 0.30576
vt 0.03759 0.29434
vt 0.00293 0.29814
vt 0.03759 0.28418
vt 0.00293 0.28926
vt 0.07097 0.30195
vt 0.07097 0.30957
vt 0.07097 0.29434
vt 0.07097 0.28418
vt 0.10295 0.30195
vt 0.10295 0.30957
vt 0.10295 0.29434
vt 0.10295 0.28418
vt 0.13336 0.30195
vt 0.13336 0.30957
vt 0.13336 0.29434
vt 0.13336 0.28418
vt 0.16200 0.30195
vt 0.16200 0.30957
vt 0.16200 0.29434
vt 0.16200 0.28418
vt 0.18854 0.30195
vt 0.18854 0.30957
vt 0.18854 0.29434
vt 0.18854 0.28418
vt 0.21252 0.30195
vt 0.21252 0.30957
vt 0.21252 0.29434
vt 0.21252 0.28418
vt 0.23304 0.30195
vt 0.23304 0.30957
vt 0.23304 0.29434
vt 0.23304 0.28418
vt 0.24707 0.30576
vt 0.24707 0.29814
vt 0.24707 0.28926
vt 0.28418 0.30195
vt 0.28418 0.30957
vt 0.25293 0.30576
vt 0.28418 0.29434
vt 0.25293 0.29814
vt 0.28418 0.28418
vt 0.25293 0.28926
vt 0.31440 0.30195
vt 0.31440 0.30957
vt 0.31440 0.29434
vt 0.31440 0.28418
vt 0.34351 0.30195
vt 0.34351 0.30957
vt 0.34351 0.29434
vt 0.34351 0.28418
vt 0.37140 0.30195
vt 0.37140 0.30957
vt 0.37140 0.29434
vt 0.37140 0.28418
vt 0.39792 0.30195
vt 0.39792 0.30957
vt 0.39792 0.29434
vt 0.39792 0.28418
vt 0.42288 0.30195
vt 0.42288 0.30957
vt 0.42288 0.29434
vt 0.42288 0.28418
vt 0.44603 0.30195
vt 0.44603 0.30957
vt 0.44603 0.29434
vt 0.44603 0.28418
vt 0.46694 0.30195
vt 0.46694 0.30957
vt 0.46694 0.29434
vt 0.46694 0.28418
vt 0.48483 0.30195
vt 0.48483 0.30957
vt 0.48483 0.29434
vt 0.48483 0.28418
vt 0.49707 0.30576
vt 0.49707 0.29814
vt 0.49707 0.28926
vt 0.53759 0.30195
vt 0.53759 0.30957
vt 0.50293 0.30576
vt 0.53759 0.29434
vt 0.50293 0.29814
vt 0.53759 0.28418
vt 0.50293 0.28926
vt 0.57097 0.30195
vt 0.57097 0.30957
vt 0.57097 0.29434
vt 0.57097 0.28418
vt 0.60295 0.30195
vt 0.60295 0.30957
vt 0.60295 0.29434
vt 0.60295 0.28418
vt 0.63336 0.30195
vt 0.63336 0.30957
vt 0.63336 0.29434
vt 0.63336 0.28418
vt 0.66200 0.30195
vt 0.66200 0.30957
vt 0.66200 0.29434
vt 0.66200 0.28418
vt 0.68854 0.30195
vt 0.68854 0.30957
vt 0.68854 0.29434
vt 0.68854 0.28418
vt 0.71252 0.30195
vt 0.71252 0.30957
vt 0.71252 0.29434
vt 0.71252 0.28418
vt 0.73304 0.30195
vt 0.73304 0.30957
vt 0.73304 0.29434
vt 0.73304 0.28418
vt 0.74707 0.30576
vt 0.74707 0.29814
vt 0.74707 0.28926
vt 0.78759 0.30195
vt 0.78759 0.30957
vt 0.75293 0.30576
vt 0.78759 0.29434
vt 0.75293 0.29814
vt 0.78759 0.28418
vt 0.75293 0.28926
vt 0.82097 0.30195
vt 0.82097 0.30957
vt 0.82097 0.29434
vt 0.82097 0.28418
vt 0.85295 0.30195
vt 0.85295 0.30957
vt 0.85295 0.29434
vt 0.85295 0.28418
vt 0.88336 0.30195
vt 0.88336 0.30957
vt 0.88336 0.29434
vt 0.88336 0.28418
vt 0.91200 0.30195
vt 0.91200 0.30957
vt 0.91200 0.29434
vt 0.91200 0.28418
vt 0.93854 0.30195
vt 0.93854 0.30957
vt 0.93854 0.29434
vt 0.93854 0.28418
vt 0.96252 0.30195
vt 0.96252 0.30957
vt 0.96252 0.29434
vt 0.96252 0.28418
vt 0.98304 0.30195
vt 0.98304 0.30957
vt 0.98304 0.29434
vt 0.98304 0.28418
vt 0.99707 0.30576
vt 0.99707 0.29814
vt 0.99707 0.28926
vt 0.03759 0.27070
vt 0.03759 0.27832
vt 0.00293 0.27451
vt 0.03759 0.26309
vt 0.00293 0.26689
vt 0.03759 0.25293
vt 0.00293 0.25801
vt 0.07097 0.27070
vt 0.07097 0.27832
vt 0.07097 0.26309
vt 0.07097 0.25293
vt 0.10295 0.27070
vt 0.10295 0.27832
vt 0.10295 0.26309
vt 0.10295 0.25293
vt 0.13336 0.27070
vt 0.13336 0.27832
vt 0.13336 0.26309
vt 0.13336 0.25293
vt 0.16200 0.27070
vt 0.16200 0.27832
vt 0.16200 0.26309
vt 0.16200 0.25293
vt 0.18854 0.27070
vt 0.18854 0.27832
vt 0.18854 0.26309
vt 0.18854 0.25293
vt 0.21252 0.27070
vt 0.21252 0.27832
vt 0.21252 0.26309
vt 0.21252 0.25293
vt 0.23304 0.27070
vt 0.23304 0.27832
vt 0.23304 0.26309
vt 0.23304 0.25293
vt 0.24707 0.27451
vt 0.24707 0.26689
vt 0.24707 0.25801
vt 0.28759 0.27070
vt 0.28759 0.27832
vt 0.25293 0.27451
vt 0.28759 0.26309
vt 0.25293 0.26689
vt 0.28759 0.25293
vt 0.25293 0.25801
vt 0.32097 0.27070
vt 0.32097 0.27832
vt 0.32097 0.26309
vt 0.32097 0.25293
vt 0.35295 0.27070
vt 0.35295 0.27832
vt 0.35295 0.26309
vt 0.35295 0.25293
vt 0.38336 0.27070
vt 0.38336 0.27832
vt 0.38336 0.26309
vt 0.38336 0.25293
vt 0.41200 0.27070
vt 0.41200 0.27832
vt 0.41200 0.26309
vt 0.41200 0.25293
vt 0.43854 0.27070
vt 0.43854 0.27832
vt 0.43854 0.26309
vt 0.43854 0.25293
vt 0.46252 0.27070
vt 0.46252 0.27832
vt 0.46252 0.26309
vt 0.46252 0.25293
vt 0.48304 0.27070
vt 0.48304 0.27832
vt 0.48304 0.26309
vt 0.48304 0.25293
vt 0.49707 0.27451
vt 0.49707 0.26689
vt 0.49707 0.25801
vt 0.57910 0.27070
vt 0.57910 0.27832
vt 0.50293 0.27451
vt 0.57910 0.26309
vt 0.50293 0.26689
vt 0.57910 0.25293
vt 0.50293 0.25801
vt 0.64792 0.27070
vt 0.64792 0.27832
vt 0.64792 0.26309
vt 0.64792 0.25293
vt 0.70680 0.27070
vt 0.70680 0.27832
vt 0.70680 0.26309
vt 0.70680 0.25293
vt 0.74707 0.27451
vt 0.74707 0.26689
vt 0.74707 0.25801
vt 0.82910 0.27070
vt 0.82910 0.27832
vt 0.75293 0.27451
vt 0.82910 0.26309
vt 0.75293 0.26689
vt 0.82910 0.25293
vt 0.75293 0.25801
vt 0.89792 0.27070
vt 0.89792 0.27832
vt 0.89792 0.26309
vt 0.89792 0.25293
vt 0.95680 0.27070
vt 0.95680 0.27832
vt 0.95680 0.26309
vt 0.95680 0.25293
vt 0.99707 0.27451
vt 0.99707 0.26689
vt 0.99707 0.25801
vt 0.07910 0.23945
vt 0.07910 0.24707
vt 0.00293 0.24326
vt 0.07910 0.23184
vt 0.00293 0.23564
vt 0.07910 0.22168
vt 0.00293 0.22676
vt 0.14792 0.23945
vt 0.14792 0.24707
vt 0.14792 0.23184
vt 0.14792 0.22168
vt 0.20680 0.23945
vt 0.20680 0.24707
vt 0.20680 0.23184
vt 0.20680 0.22168
vt 0.24707 0.24326
vt 0.24707 0.23564
vt 0.24707 0.22676
vt 0.32910 0.23945
vt 0.32910 0.24707
vt 0.25293 0.24326
vt 0.32910 0.23184
vt 0.25293 0.23564
vt 0.32910 0.22168
vt 0.25293 0.22676
vt 0.39792 0.23945
vt 0.39792 0.24707
vt 0.39792 0.23184
vt 0.39792 0.22168
vt 0.45680 0.23945
vt 0.45680 0.24707
vt 0.45680 0.23184
vt 0.45680 0.22168
vt 0.49707 0.24326
vt 0.49707 0.23564
vt 0.49707 0.22676
vt 0.57910 0.23945
vt 0.57910 0.24707
vt 0.50293 0.24326
vt 0.57910 0.23184
vt 0.50293 0.23564
vt 0.57910 0.22168
vt 0.50293 0.22676
vt 0.64792 0.23945
vt 0.64792 0.24707
vt 0.64792 0.23184
vt 0.64792 0.22168
vt 0.70680 0.23945
vt 0.70680 0.24707
vt 0.70680 0.23184
vt 0.70680 0.22168
vt 0.74707 0.24326
vt 0.74707 0.23564
vt 0.74707 0.22676
vt 0.82910 0.23945
vt 0.82910 0.24707
vt 0.75293 0.24326
vt 0.82910 0.23184
vt 0.75293 0.23564
vt 0.82910 0.22168
vt 0.75293 0.22676
vt 0.89792 0.23945
vt 0.89792 0.24707
vt 0.89792 0.23184
vt 0.89792 0.22168
vt 0.95680 0.23945
vt 0.95680 0.24707
vt 0.95680 0.23184
vt 0.95680 0.22168
vt 0.99707 0.24326
vt 0.99707 0.23564
vt 0.99707 0.22676
vt 0.07910 0.20820
vt 0.07910 0.21582
vt 0.00293 0.21201
vt 0.07910 0.20059
vt 0.00293 0.20439
vt 0.07910 0.19043
vt 0.00293 0.19551
vt 0.14792 0.20820
vt 0.14792 0.21582
vt 0.14792 0.20059
vt 0.14792 0.19043
vt 0.20680 0.20820
vt 0.20680 0.21582
vt 0.20680 0.20059
vt 0.20680 0.19043
vt 0.24707 0.21201
vt 0.24707 0.20439
vt 0.24707 0.19551
vt 0.32910 0.20820
vt 0.32910 0.21582
vt 0.25293 0.21201
vt 0.32910 0.20059
vt 0.25293 0.20439
vt 0.32910 0.19043
vt 0.25293 0.19551
vt 0.39792 0.20820
vt 0.39792 0.21582
vt 0.39792 0.20059
vt 0.39792 0.19043
vt 0.45680 0.20820
vt 0.45680 0.21582
vt 0.45680 0.20059
vt 0.45680 0.19043
vt 0.49707 0.21201
vt 0.49707 0.20439
vt 0.49707 0.19551
vt 0.57910 0.20820
vt 0.57910 0.21582
vt 0.50293 0.21201
vt 0.57910 0.20059
vt 0.50293 0.20439
vt 0.57910 0.19043
vt 0.50293 0.19551
vt 0.64792 0.20820
vt 0.64792 0.21582
vt 0.64792 0.20059
vt 0.64792 0.19043
vt 0.70680 0.20820
vt 0.70680 0.21582
vt 0.70680 0.20059
vt 0.70680 0.19043
vt 0.74707 0.21201
vt 0.74707 0.20439
vt 0.74707 0.19551
vt 0.78418 0.20820
vt 0.78418 0.21582
vt 0.75293 0.21201
vt 0.78418 0.20059
vt 0.75293 0.20439
vt 0.78418 0.19043
vt 0.75293 0.19551
vt 0.81440 0.20820
vt 0.81440 0.21582
vt 0.81440 0.20059
vt 0.81440 0.19043
vt 0.84351 0.20820
vt 0.84351 0.21582
vt 0.84351 0.20059
vt 0.84351 0.19043
vt 0.87140 0.20820
vt 0.87140 0.21582
vt 0.87140 0.20059
vt 0.87140 0.19043
vt 0.89792 0.20820
vt 0.89792 0.21582
vt 0.89792 0.20059
vt 0.89792 0.19043
vt 0.92288 0.20820
vt 0.92288 0.21582
vt 0.92288 0.20059
vt 0.92288 0.19043
vt 0.94603 0.20820
vt 0.94603 0.21582
vt 0.94603 0.20059
vt 0.94603 0.19043
vt 0.96694 0.20820
vt 0.96694 0.21582
vt 0.96694 0.20059
vt 0.96694 0.19043
vt 0.98483 0.20820
vt 0.98483 0.21582
vt 0.98483 0.20059
vt 0.98483 0.19043
vt 0.99707 0.21201
vt 0.99707 0.20439
vt 0.99707 0.19551
vn 0.0000 1.0000 0.0000
vn 0.0470 0.9921 -0.1163
vn 0.0112 0.9975 -0.0692
vn 0.1273 0.9752 -0.1811
vn 0.2714 0.9347 -0.2295
vn 0.4677 0.8608 -0.2007
vn 0.6427 0.7648 -0.0447
vn 0.6957 0.6868 0.2106
vn 0.5862 0.6617 0.4674
vn 0.3556 0.6785 0.6428
vn 0.0699 0.7267 0.6834
vn -0.1855 0.7976 0.5740
vn -0.3425 0.8615 0.3748
vn -0.3815 0.9107 0.1583
vn -0.3034 0.9528 -0.0142
vn -0.1736 0.9807 -0.0895
vn -0.0729 0.9936 -0.0861
vn -0.0234 0.9978 -0.0613
vn -0.0042 0.9987 -0.0513
vn 0.2041 0.8283 -0.5219
vn 0.0598 0.8612 -0.5047
vn 0.3935 0.7463 -0.5369
vn 0.6416 0.5898 -0.4904
vn 0.8896 0.3407 -0.3043
vn 0.9992 0.0302 0.0272
vn 0.9202 0.0000 0.3915
vn 0.7106 0.0000 0.7036
vn 0.4025 0.0000 0.9154
vn 0.0422 0.0000 0.9991
vn -0.3237 0.0000 0.9462
vn -0.6511 0.0000 0.7590
vn -0.8900 0.0582 0.4523
vn -0.9440 0.3243 0.0607
vn -0.7749 0.5659 -0.2814
vn -0.5014 0.7311 -0.4628
vn -0.2572 0.8207 -0.5101
vn -0.0793 0.8589 -0.5059
vn 0.3064 0.5144 -0.8009
vn 0.0732 0.5720 -0.8170
vn 0.5621 0.3578 -0.7457
vn 0.8124 0.0681 -0.5791
vn 0.9616 0.0000 -0.2746
vn 0.9957 0.0000 0.0930
vn 0.8885 0.0000 0.4589
vn 0.6567 0.0000 0.7541
vn 0.3449 0.0000 0.9386
vn 0.0023 0.0000 1.0000
vn -0.3340 0.0000 0.9426
vn -0.6362 0.0000 0.7716
vn -0.8694 0.0000 0.4941
vn -0.9915 0.0000 0.1304
vn -0.9635 0.0000 -0.2679
vn -0.7685 0.2020 -0.6071
vn -0.4576 0.4350 -0.7755
vn -0.1697 0.5481 -0.8190
vn 0.3498 0.1092 -0.9304
vn 0.0666 0.1864 -0.9802
vn 0.6101 0.0000 -0.7923
vn 0.8290 0.0000 -0.5593
vn 0.9719 0.0000 -0.2353
vn 0.9891 0.0000 0.1470
vn 0.8570 0.0000 0.5153
vn 0.6048 0.0000 0.7964
vn 0.2898 0.0000 0.9571
vn -0.0353 0.0000 0.9994
vn -0.3435 0.0000 0.9392
vn -0.6230 0.0000 0.7823
vn -0.8499 0.0000 0.5270
vn -0.9834 0.0000 0.1813
vn -0.9772 0.0000 -0.2121
vn -0.8183 0.0000 -0.5747
vn -0.5496 0.0000 -0.8354
vn -0.2364 0.1305 -0.9629
vn 0.3476 0.0000 -0.9376
vn 0.0504 0.0000 -0.9987
vn 0.6168 0.0000 -0.7872
vn 0.8410 0.0000 -0.5411
vn 0.9797 0.0000 -0.2003
vn 0.9803 0.0000 0.1976
vn 0.8206 0.0000 0.5715
vn 0.5424 -0.0296 0.8396
vn 0.2068 -0.3553 0.9116
vn -0.0729 -0.4706 0.8793
vn -0.3318 -0.3553 0.8739
vn -0.6076 -0.0296 0.7937
vn -0.8285 0.0000 0.5599
vn -0.9736 0.0000 0.2282
vn -0.9865 0.0000 -0.1637
vn -0.8440 0.0000 -0.5363
vn -0.5821 0.0000 -0.8131
vn -0.2668 0.0000 -0.9637
vn -0.0000 -1.0000 -0.0000
vn -0.0018 -0.9999 0.0111
vn -0.0271 -0.9974 0.0670
vn -0.1024 -0.9840 0.1456
vn -0.2482 -0.9457 0.2099
vn -0.4527 -0.8702 0.1943
vn -0.6378 -0.7689 0.0444
vn -0.6971 -0.6853 -0.2110
vn -0.5886 -0.6583 -0.4693
vn -0.3566 -0.6764 -0.6445
vn -0.0698 -0.7281 -0.6819
vn 0.1830 -0.8037 -0.5662
vn 0.3314 -0.8710 -0.3627
vn 0.3584 -0.9216 -0.1488
vn 0.2681 -0.9633 0.0126
vn 0.1328 -0.9888 0.0684
vn 0.0377 -0.9983 0.0446
vn 0.0022 -1.0000 0.0059
vn -0.0739 -0.5612 0.8243
vn -0.3097 -0.4987 0.8096
vn -0.5687 -0.3277 0.7544
vn -0.8143 -0.0090 0.5804
vn -0.9616 -0.0000 0.2746
vn -0.9957 -0.0000 -0.0930
vn -0.8885 -0.0000 -0.4589
vn -0.6567 -0.0000 -0.7541
vn -0.3449 -0.0000 -0.9386
vn -0.0023 -0.0000 -1.0000
vn 0.3340 -0.0000 -0.9426
vn 0.6362 -0.0000 -0.7716
vn 0.8694 -0.0000 -0.4941
vn 0.9915 -0.0000 -0.1304
vn 0.9635 -0.0000 0.2679
vn 0.7750 -0.1566 0.6123
vn 0.4631 -0.4121 0.7847
vn 0.1714 -0.5353 0.8271
vn -0.0504 -0.0000 0.9987
vn -0.3476 -0.0000 0.9376
vn -0.6168 -0.0000 0.7872
vn -0.8410 -0.0000 0.5411
vn -0.9797 -0.0000 0.2003
vn -0.9803 -0.0000 -0.1976
vn -0.8206 -0.0000 -0.5715
vn -0.5426 -0.0000 -0.8400
vn -0.2093 0.3249 -0.9223
vn 0.0738 0.4509 -0.8895
vn 0.3357 0.3249 -0.8842
vn 0.6078 -0.0000 -0.7941
vn 0.8285 -0.0000 -0.5599
vn 0.9736 -0.0000 -0.2282
vn 0.9865 -0.0000 0.1637
vn 0.8440 -0.0000 0.5363
vn 0.5821 -0.0000 0.8131
vn 0.2668 -0.0000 0.9637
vn -0.0022 -0.8927 -0.4506
vn -0.0480 -0.8848 -0.4635
vn -0.0676 -0.8773 -0.4752
vn -0.0695 -0.8758 -0.4777
vn -0.0722 -0.8690 -0.4896
vn -0.0588 -0.8445 -0.5323
vn -0.0036 -0.8101 -0.5863
vn 0.0991 -0.7735 -0.6261
vn 0.1214 -0.7690 -0.6276
vn -0.0395 -0.7675 -0.6398
vn -0.0887 -0.7557 -0.6489
vn -0.0257 -0.7830 -0.6215
vn 0.0293 -0.8218 -0.5691
vn 0.0549 -0.8659 -0.4972
vn 0.0467 -0.8904 -0.4527
vn 0.0419 -0.8938 -0.4465
vn 0.0490 -0.8914 -0.4505
vn 0.0394 -0.8929 -0.4485
vn -0.1938 0.9803 0.0388
vn -0.2336 0.9509 0.2029
vn 0.2454 0.9694 0.0011
vn 0.2387 0.9489 0.2064
vn -0.0233 -0.9955 0.0915
vn -0.0003 -0.9998 -0.0182
vn -0.1295 0.8933 -0.4304
vn 0.2518 0.8245 -0.5067
vn -0.0614 -0.8711 0.4872
vn -0.1313 0.4765 -0.8693
vn 0.2589 0.3638 -0.8948
vn -0.0683 -0.4445 0.8932
vn -0.1815 0.1041 -0.9779
vn 0.2911 0.0125 -0.9566
vn -0.0656 -0.1165 0.9910
vn -0.2196 0.0430 -0.9746
vn 0.3265 -0.0398 -0.9444
vn -0.0729 -0.1100 0.9913
vn -0.2421 0.0208 -0.9700
vn 0.3183 -0.0724 -0.9452
vn -0.0641 -0.1198 0.9907
vn -0.2528 -0.0312 -0.9670
vn 0.3016 -0.1255 -0.9451
vn -0.0534 -0.0817 0.9952
vn -0.1773 0.9759 -0.1269
vn -0.2839 0.9561 0.0731
vn 0.2292 0.9726 0.0378
vn 0.1422 0.9550 0.2601
vn -0.0648 -0.9884 0.1371
vn 0.0055 -0.9999 -0.0130
vn 0.0598 0.7849 -0.6168
vn 0.4248 0.7675 -0.4800
vn -0.2501 -0.7852 0.5665
vn 0.1747 0.2844 -0.9427
vn 0.5438 0.2676 -0.7954
vn -0.3658 -0.2968 0.8821
vn 0.1271 0.0104 -0.9918
vn 0.5755 -0.0023 -0.8178
vn -0.3641 -0.0613 0.9294
vn 0.0719 0.0220 -0.9972
vn 0.5914 -0.0008 -0.8064
vn -0.3487 -0.1166 0.9299
vn 0.0469 -0.0011 -0.9989
vn 0.5833 -0.0351 -0.8115
vn -0.3346 -0.1201 0.9347
vn 0.0400 -0.0507 -0.9979
vn 0.5722 -0.0892 -0.8153
vn -0.3283 -0.0808 0.9411
vn 0.0209 0.9374 -0.3476
vn -0.2559 0.9541 -0.1554
vn 0.2129 0.9744 0.0722
vn -0.0045 0.9670 0.2548
vn -0.1884 -0.9664 0.1751
vn 0.0171 -0.9998 0.0139
vn 0.5430 0.5504 -0.6342
vn 0.7024 0.6612 -0.2633
vn -0.6422 -0.6114 0.4623
vn 0.6976 0.1938 -0.6898
vn 0.8993 0.2744 -0.3406
vn -0.8106 -0.2537 0.5278
vn 0.7120 0.1166 -0.6925
vn 0.9491 0.1906 -0.2509
vn -0.8456 -0.2055 0.4927
vn 0.7581 0.0134 -0.6520
vn 0.9821 0.1173 -0.1472
vn -0.8926 -0.1411 0.4283
vn 0.7991 -0.1868 -0.5714
vn 0.9969 -0.0575 -0.0529
vn -0.9368 0.0392 0.3476
vn 0.7951 -0.3449 -0.4990
vn 0.9787 -0.2052 0.0027
vn -0.9380 0.1925 0.2883
vn 0.2928 0.8888 -0.3525
vn -0.0971 0.9464 -0.3080
vn 0.2346 0.9624 0.1371
vn -0.1031 0.9764 0.1896
vn -0.3313 -0.9378 0.1037
vn 0.0003 -0.9984 0.0562
vn 0.7683 0.5382 -0.3465
vn 0.7415 0.6686 0.0570
vn -0.7778 -0.6106 0.1491
vn 0.9263 0.2058 -0.3157
vn 0.9479 0.2970 0.1151
vn -0.9574 -0.2687 0.1056
vn 0.9611 -0.1095 -0.2537
vn 0.9644 -0.0137 0.2641
vn -0.9995 0.0311 0.0018
vn 0.8991 -0.4001 -0.1778
vn 0.8806 -0.2827 0.3802
vn -0.9467 0.3077 -0.0957
vn 0.8142 -0.5649 -0.1343
vn 0.7930 -0.4406 0.4208
vn -0.8709 0.4714 -0.1389
vn 0.7910 -0.5972 -0.1329
vn 0.7706 -0.4750 0.4249
vn -0.8534 0.5018 -0.1410
vn 0.3380 0.9232 -0.1830
vn 0.0068 0.9618 -0.2735
vn 0.0752 0.9756 0.2063
vn -0.2021 0.9648 0.1684
vn -0.2637 -0.9636 -0.0439
vn 0.0083 -1.0000 0.0046
vn 0.8191 0.5735 0.0098
vn 0.6131 0.7112 0.3440
vn -0.7374 -0.6506 -0.1817
vn 0.9711 0.2013 0.1286
vn 0.8133 0.2885 0.5053
vn -0.9108 -0.2605 -0.3201
vn 0.9722 -0.0862 0.2179
vn 0.7459 0.0044 0.6660
vn -0.8926 0.0113 -0.4507
vn 0.8875 -0.3579 0.2902
vn 0.6086 -0.2270 0.7603
vn -0.7984 0.2572 -0.5445
vn 0.7790 -0.5474 0.3058
vn 0.4943 -0.3934 0.7752
vn -0.6978 0.4374 -0.5672
vn 0.7231 -0.6236 0.2972
vn 0.4426 -0.4688 0.7644
vn -0.6493 0.5141 -0.5605
vn 0.3054 0.9485 -0.0847
vn 0.1807 0.9520 -0.2472
vn -0.1574 0.9800 0.1218
vn -0.2982 0.9542 0.0219
vn -0.1046 -0.9916 -0.0766
vn 0.0088 -0.9998 0.0170
vn 0.5847 0.7392 0.3342
vn 0.1747 0.8503 0.4964
vn -0.3923 -0.8127 -0.4308
vn 0.7219 0.3366 0.6046
vn 0.3438 0.4489 0.8248
vn -0.5475 -0.4119 -0.7284
vn 0.7220 0.0213 0.6915
vn 0.2673 0.1150 0.9567
vn -0.5175 -0.1005 -0.8498
vn 0.6102 -0.3555 0.7081
vn 0.1052 -0.2462 0.9635
vn -0.3874 0.2714 -0.8811
vn 0.4936 -0.5689 0.6578
vn -0.0077 -0.4512 0.8924
vn -0.2746 0.4857 -0.8299
vn 0.4810 -0.5827 0.6550
vn -0.0283 -0.4598 0.8876
vn -0.2610 0.4916 -0.8308
vn 0.2388 0.9708 -0.0218
vn 0.2334 0.9606 -0.1506
vn -0.1984 0.9800 -0.0175
vn -0.2464 0.9603 -0.1307
vn -0.0234 -0.9986 -0.0471
vn 0.0012 -0.9997 0.0258
vn 0.2823 0.8458 0.4527
vn -0.1074 0.8873 0.4485
vn -0.0892 -0.8809 -0.4648
vn 0.3092 0.4860 0.8174
vn -0.0782 0.5231 0.8487
vn -0.1189 -0.5226 -0.8442
vn 0.3180 0.1726 0.9322
vn -0.1652 0.1915 0.9675
vn -0.0807 -0.2153 -0.9732
vn 0.2739 -0.2276 0.9344
vn -0.2797 -0.1834 0.9424
vn -0.0013 0.1675 -0.9859
vn 0.2070 -0.5373 0.8176
vn -0.3532 -0.4619 0.8136
vn 0.0694 0.4652 -0.8825
vn 0.1770 -0.6322 0.7543
vn -0.3799 -0.5417 0.7498
vn 0.0976 0.5527 -0.8276
vn 0.2025 0.9755 0.0858
vn 0.2774 0.9608 0.0010
vn -0.2010 0.9730 -0.1131
vn -0.1620 0.9593 -0.2311
vn 0.0277 -0.9987 -0.0435
vn -0.0081 -0.9998 0.0162
vn -0.0376 0.8540 0.5190
vn -0.4116 0.8386 0.3568
vn 0.2313 -0.8617 -0.4517
vn -0.2019 0.4536 0.8681
vn -0.5667 0.4310 0.7022
vn 0.3912 -0.4594 -0.7974
vn -0.1778 0.1307 0.9753
vn -0.6291 0.1133 0.7690
vn 0.4160 -0.1542 -0.8962
vn -0.1050 -0.2710 0.9568
vn -0.6181 -0.2892 0.7310
vn 0.3832 0.2470 -0.8900
vn -0.0579 -0.4700 0.8807
vn -0.5783 -0.4822 0.6581
vn 0.3442 0.4427 -0.8280
vn -0.0567 -0.4600 0.8861
vn -0.5855 -0.4673 0.6624
vn 0.3488 0.4225 -0.8366
vn 0.1247 0.9790 0.1613
vn 0.2475 0.9579 0.1454
vn -0.1594 0.9634 -0.2157
vn -0.0345 0.9557 -0.2922
vn 0.0707 -0.9975 -0.0096
vn -0.0148 -0.9998 0.0103
vn -0.3261 0.8617 0.3888
vn -0.6091 0.7899 0.0715
vn 0.4826 -0.8425 -0.2391
vn -0.6399 0.4593 0.6161
vn -0.8821 0.3789 0.2800
vn 0.7767 -0.4366 -0.4540
vn -0.6333 0.1618 0.7568
vn -0.9343 0.1010 0.3419
vn 0.8104 -0.1660 -0.5619
vn -0.5104 -0.1951 0.8375
vn -0.8716 -0.2754 0.4056
vn 0.7335 0.1991 -0.6498
vn -0.3981 -0.3852 0.8325
vn -0.7738 -0.4757 0.4183
vn 0.6359 0.3958 -0.6625
vn -0.3812 -0.3824 0.8417
vn -0.7679 -0.4763 0.4284
vn 0.6279 0.3881 -0.6746
vn 0.0166 0.9844 0.1753
vn 0.1459 0.9601 0.2386
vn -0.0195 0.9652 -0.2606
vn 0.1396 0.9607 -0.2399
vn 0.0738 -0.9964 0.0424
vn -0.0182 -0.9998 0.0001
vn -0.5088 0.8586 0.0629
vn -0.5521 0.7672 -0.3264
vn 0.5472 -0.8261 0.1342
vn -0.8800 0.4746 0.0202
vn -0.8478 0.3915 -0.3576
vn 0.8753 -0.4512 0.1741
vn -0.9693 0.2253 0.0986
vn -0.9068 0.1780 -0.3821
vn 0.9589 -0.2409 0.1499
vn -0.9782 -0.0374 0.2041
vn -0.9338 -0.0995 -0.3436
vn 0.9967 0.0148 0.0801
vn -0.9016 -0.3262 0.2840
vn -0.8703 -0.4065 -0.2781
vn 0.9497 0.3131 0.0079
vn -0.8158 -0.4852 0.3148
vn -0.7870 -0.5735 -0.2275
vn 0.8759 0.4815 -0.0328
vn -0.0588 0.9852 0.1612
vn 0.0171 0.9573 0.2885
vn 0.1161 0.9609 -0.2515
vn 0.2644 0.9554 -0.1313
vn 0.0458 -0.9953 0.0859
vn -0.0153 -0.9998 -0.0085
vn -0.4378 0.8798 -0.1852
vn -0.3260 0.7585 -0.5643
vn 0.3970 -0.8328 0.3857
vn -0.8093 0.4337 -0.3963
vn -0.6162 0.3026 -0.7271
vn 0.7211 -0.3868 0.5748
vn -0.9135 0.2126 -0.3470
vn -0.6474 0.1259 -0.7516
vn 0.7918 -0.2177 0.5707
vn -0.9482 0.1882 -0.2558
vn -0.6759 0.0847 -0.7321
vn 0.8255 -0.2140 0.5222
vn -0.9811 0.0687 -0.1812
vn -0.7318 -0.0526 -0.6795
vn 0.8799 -0.0988 0.4649
vn -0.9890 -0.0202 -0.1462
vn -0.7532 -0.1489 -0.6408
vn 0.9017 -0.0110 0.4322
vn -0.1168 0.9802 0.1599
vn -0.0964 0.9509 0.2941
vn 0.2312 0.9687 -0.0904
vn 0.3039 0.9506 0.0633
vn -0.0014 -0.9982 0.0601
vn -0.0103 -0.9998 -0.0176
vn -0.2501 0.9342 -0.2546
vn 0.0289 0.8604 -0.5088
vn 0.1179 -0.9106 0.3961
vn -0.4743 0.5551 -0.6833
vn -0.1551 0.4376 -0.8857
vn 0.3138 -0.5207 0.7940
vn -0.6040 0.1439 -0.7839
vn -0.1847 0.0654 -0.9806
vn 0.3950 -0.1588 0.9049
vn -0.6602 0.0528 -0.7493
vn -0.1689 -0.0069 -0.9856
vn 0.4139 -0.1269 0.9014
vn -0.6905 0.0327 -0.7226
vn -0.1889 -0.0394 -0.9812
vn 0.4361 -0.1409 0.8888
vn -0.7007 -0.0166 -0.7132
vn -0.2073 -0.0924 -0.9739
vn 0.4517 -0.1043 0.8860
vn -0.2754 0.9612 -0.0177
vn -0.3170 0.9453 0.0774
vn 0.2400 0.9608 0.1386
vn 0.2244 0.9473 0.2286
vn -0.0162 -0.9988 0.0465
vn 0.0075 -0.9997 -0.0245
vn -0.1326 0.9103 -0.3921
vn 0.3454 0.9124 -0.2194
vn -0.1250 -0.9249 0.3590
vn 0.0414 0.5744 -0.8175
vn 0.4844 0.5979 -0.6387
vn -0.2716 -0.6007 0.7519
vn 0.1091 0.1710 -0.9792
vn 0.5696 0.2059 -0.7957
vn -0.3481 -0.2077 0.9141
vn 0.1079 -0.0072 -0.9941
vn 0.6136 0.0356 -0.7888
vn -0.3686 -0.0614 0.9276
vn 0.1041 0.0011 -0.9946
vn 0.6161 0.1349 -0.7761
vn -0.3539 -0.1422 0.9244
vn 0.0990 0.0353 -0.9945
vn 0.5355 0.3335 -0.7759
vn -0.2897 -0.2580 0.9217
vn 0.1290 0.0427 -0.9907
vn 0.5050 0.4127 -0.7581
vn -0.2796 -0.2961 0.9133
vn 0.2387 -0.0111 -0.9710
vn 0.6498 0.2808 -0.7063
vn -0.4108 -0.2121 0.8867
vn 0.3102 -0.0569 -0.9490
vn 0.7423 0.1599 -0.6507
vn -0.5008 -0.1387 0.8544
vn -0.2653 0.9640 -0.0187
vn -0.3328 0.9407 0.0661
vn 0.2097 0.9610 0.1802
vn 0.1757 0.9386 0.2970
vn -0.0205 -0.9992 0.0339
vn 0.0134 -0.9994 -0.0312
vn -0.0798 0.9350 -0.3455
vn 0.3422 0.9176 -0.2020
vn -0.1500 -0.9350 0.3215
vn 0.1063 0.6577 -0.7458
vn 0.4897 0.6081 -0.6248
vn -0.3050 -0.6436 0.7019
vn 0.1639 0.2603 -0.9515
vn 0.5573 0.2034 -0.8050
vn -0.3693 -0.2498 0.8951
vn 0.1320 0.0565 -0.9896
vn 0.5821 0.0121 -0.8130
vn -0.3700 -0.0727 0.9262
vn 0.0858 0.0822 -0.9929
vn 0.5975 0.1046 -0.7951
vn -0.3473 -0.1780 0.9207
vn 0.0201 0.1766 -0.9841
vn 0.5122 0.3814 -0.7695
vn -0.2383 -0.3932 0.8881
vn -0.0126 0.2284 -0.9735
vn 0.4455 0.4981 -0.7439
vn -0.1654 -0.4770 0.8632
vn 0.0868 0.1147 -0.9896
vn 0.5871 0.2567 -0.7678
vn -0.2974 -0.3106 0.9028
vn 0.1730 0.0073 -0.9849
vn 0.6693 0.0530 -0.7411
vn -0.4025 -0.1616 0.9011
vn -0.2137 0.9611 -0.1747
vn -0.3097 0.9465 -0.0906
vn 0.1475 0.9661 0.2121
vn 0.0689 0.9448 0.3204
vn -0.0424 -0.9976 0.0551
vn 0.0267 -0.9993 -0.0256
vn 0.0880 0.8771 -0.4722
vn 0.4324 0.8923 -0.1297
vn -0.2957 -0.8935 0.3379
vn 0.3819 0.5102 -0.7706
vn 0.7174 0.5133 -0.4711
vn -0.5655 -0.5216 0.6389
vn 0.4466 0.2427 -0.8612
vn 0.7989 0.2282 -0.5566
vn -0.6386 -0.2552 0.7260
vn 0.4202 0.1564 -0.8939
vn 0.8221 0.1380 -0.5523
vn -0.6403 -0.1932 0.7434
vn 0.3827 0.1329 -0.9143
vn 0.8135 0.1771 -0.5540
vn -0.6104 -0.2316 0.7575
vn 0.2943 0.2446 -0.9239
vn 0.6889 0.4592 -0.5609
vn -0.4736 -0.4428 0.7613
vn 0.2393 0.3051 -0.9217
vn 0.5990 0.5748 -0.5576
vn -0.3827 -0.5301 0.7567
vn 0.3690 0.1486 -0.9175
vn 0.7784 0.2979 -0.5525
vn -0.5560 -0.3186 0.7678
vn 0.4711 0.0055 -0.8821
vn 0.8644 0.0575 -0.4995
vn -0.6731 -0.1268 0.7286
vn -0.1304 0.9563 -0.2617
vn -0.2692 0.9433 -0.1943
vn 0.0380 0.9723 0.2304
vn -0.0624 0.9441 0.3237
vn -0.0482 -0.9975 0.0524
vn 0.0460 -0.9988 -0.0179
vn 0.2776 0.8480 -0.4514
vn 0.4007 0.9162 -0.0080
vn -0.3831 -0.8899 0.2475
vn 0.5868 0.5593 -0.5855
vn 0.7232 0.6597 -0.2045
vn -0.6718 -0.6203 0.4049
vn 0.6595 0.3872 -0.6443
vn 0.8488 0.4616 -0.2579
vn -0.7666 -0.4466 0.4614
vn 0.7013 0.2285 -0.6753
vn 0.9338 0.2729 -0.2314
vn -0.8361 -0.2882 0.4668
vn 0.7181 0.1530 -0.6789
vn 0.9747 0.1214 -0.1878
vn -0.8746 -0.1985 0.4423
vn 0.7174 0.3018 -0.6279
vn 0.9816 0.0836 -0.1717
vn -0.8819 -0.2690 0.3872
vn 0.6949 0.3623 -0.6212
vn 0.9734 0.0455 -0.2247
vn -0.8733 -0.2804 0.3985
vn 0.6173 0.0987 -0.7805
vn 0.9298 -0.1039 -0.3530
vn -0.8268 -0.0756 0.5574
vn 0.5232 -0.1166 -0.8442
vn 0.8819 -0.2115 -0.4212
vn -0.7607 0.0852 0.6435
vn 0.0137 0.9491 -0.3147
vn -0.1278 0.9455 -0.2994
vn -0.0802 0.9752 0.2063
vn -0.1754 0.9490 0.2620
vn -0.0550 -0.9976 0.0423
vn 0.0428 -0.9991 0.0055
vn 0.4581 0.8310 -0.3155
vn 0.3026 0.9432 0.1375
vn -0.4264 -0.9008 0.0827
vn 0.7739 0.5587 -0.2982
vn 0.6643 0.7412 0.0964
vn -0.7403 -0.6642 0.1035
vn 0.8833 0.3668 -0.2920
vn 0.8405 0.5209 0.1491
vn -0.8817 -0.4653 0.0780
vn 0.9694 0.1436 -0.1991
vn 0.9117 0.2672 0.3120
vn -0.9699 -0.2382 -0.0502
vn 0.9921 0.0514 -0.1143
vn 0.8875 0.1737 0.4268
vn -0.9753 -0.1625 -0.1498
vn 0.9830 0.1580 -0.0931
vn 0.8535 0.2426 0.4613
vn -0.9464 -0.2705 -0.1767
vn 0.9888 0.1370 -0.0587
vn 0.8458 0.2021 0.4937
vn -0.9449 -0.2497 -0.2117
vn 0.9786 -0.2051 0.0189
vn 0.8260 -0.0880 0.5568
vn -0.9535 0.0800 -0.2906
vn 0.8986 -0.4342 0.0637
vn 0.7674 -0.2825 0.5756
vn -0.8942 0.3086 -0.3244
vn 0.0701 0.9511 -0.3010
vn -0.0388 0.9437 -0.3286
vn -0.1711 0.9707 0.1684
vn -0.2548 0.9472 0.1945
vn -0.0300 -0.9992 0.0283
vn 0.0446 -0.9988 0.0206
vn 0.4613 0.8705 -0.1717
vn 0.1690 0.9649 0.2008
vn -0.3546 -0.9344 -0.0343
vn 0.7999 0.5981 -0.0487
vn 0.5531 0.7878 0.2711
vn -0.6965 -0.7083 -0.1150
vn 0.9174 0.3977 -0.0133
vn 0.7379 0.5600 0.3767
vn -0.8470 -0.5000 -0.1806
vn 0.9738 0.2013 0.1057
vn 0.7590 0.3164 0.5691
vn -0.8941 -0.2916 -0.3399
vn 0.9690 0.0954 0.2277
vn 0.6851 0.1823 0.7053
vn -0.8598 -0.1880 -0.4748
vn 0.9427 0.1877 0.2759
vn 0.6290 0.1747 0.7575
vn -0.8110 -0.2483 -0.5297
vn 0.9421 0.1426 0.3035
vn 0.6214 0.0789 0.7795
vn -0.8065 -0.1849 -0.5616
vn 0.9251 -0.2191 0.3103
vn 0.6046 -0.1726 0.7776
vn -0.8080 0.1333 -0.5739
vn 0.8453 -0.4481 0.2910
vn 0.5674 -0.3182 0.7595
vn -0.7622 0.3341 -0.5545
vn 0.1110 0.9534 -0.2804
vn -0.0071 0.9388 -0.3443
vn -0.1982 0.9703 0.1390
vn -0.3155 0.9405 0.1260
vn -0.0265 -0.9994 0.0232
vn 0.0714 -0.9963 0.0484
vn 0.4740 0.8761 -0.0885
vn 0.1605 0.9576 0.2394
vn -0.3503 -0.9316 -0.0973
vn 0.7655 0.6413 0.0519
vn 0.5129 0.7841 0.3495
vn -0.6550 -0.7271 -0.2057
vn 0.9049 0.4112 0.1097
vn 0.7034 0.5277 0.4761
vn -0.8209 -0.4888 -0.2953
vn 0.9714 0.1366 0.1940
vn 0.7439 0.2311 0.6270
vn -0.8841 -0.2097 -0.4176
vn 0.9699 -0.0373 0.2405
vn 0.7022 0.1036 0.7044
vn -0.8741 -0.0726 -0.4804
vn 0.9489 -0.1232 0.2905
vn 0.6693 0.1043 0.7356
vn -0.8557 -0.0428 -0.5157
vn 0.8879 -0.2543 0.3833
vn 0.6035 0.0248 0.7970
vn -0.8012 0.0618 -0.5952
vn 0.7481 -0.4818 0.4562
vn 0.4276 -0.2521 0.8681
vn -0.6515 0.3269 -0.6846
vn 0.6381 -0.6139 0.4647
vn 0.2872 -0.4326 0.8546
vn -0.5245 0.4930 -0.6942
vn 0.1874 0.9569 -0.2218
vn 0.1528 0.9428 -0.2962
vn -0.2709 0.9615 0.0463
vn -0.3349 0.9422 -0.0074
vn -0.0004 -0.9998 0.0178
vn 0.0384 -0.9972 0.0639
vn 0.3804 0.9233 0.0524
vn -0.0500 0.9655 0.2556
vn -0.1853 -0.9647 -0.1874
vn 0.6162 0.7144 0.3314
vn 0.2329 0.8191 0.5242
vn -0.4365 -0.7850 -0.4395
vn 0.7477 0.4724 0.4667
vn 0.3851 0.5573 0.7356
vn -0.5805 -0.5364 -0.6126
vn 0.7959 0.1985 0.5720
vn 0.3840 0.2537 0.8878
vn -0.6099 -0.2554 -0.7502
vn 0.7893 0.0050 0.6140
vn 0.3344 0.0380 0.9417
vn -0.5861 -0.0594 -0.8081
vn 0.7924 -0.1211 0.5978
vn 0.3271 -0.1491 0.9332
vn -0.5864 0.0936 -0.8046
vn 0.7850 -0.3213 0.5297
vn 0.3230 -0.3872 0.8635
vn -0.5858 0.3192 -0.7449
vn 0.7146 -0.5543 0.4268
vn 0.2689 -0.5637 0.7810
vn -0.5312 0.5334 -0.6583
vn 0.6478 -0.6670 0.3681
vn 0.2249 -0.6272 0.7457
vn -0.4810 0.6270 -0.6128
vn 0.2231 0.9585 -0.1775
vn 0.2175 0.9341 -0.2831
vn -0.2813 0.9585 -0.0464
vn -0.3277 0.9343 -0.1406
vn 0.0067 -0.9997 0.0252
vn 0.0263 -0.9945 0.1010
vn 0.2802 0.9562 0.0853
vn -0.1549 0.9755 0.1564
vn -0.0716 -0.9850 -0.1569
vn 0.4097 0.8112 0.4173
vn 0.0115 0.8803 0.4743
vn -0.2158 -0.8631 -0.4565
vn 0.5002 0.5851 0.6384
vn 0.1034 0.6453 0.7569
vn -0.3083 -0.6360 -0.7074
vn 0.5301 0.3358 0.7786
vn 0.0634 0.3671 0.9280
vn -0.3058 -0.3804 -0.8728
vn 0.5119 0.1047 0.8527
vn -0.0194 0.1166 0.9930
vn -0.2562 -0.1506 -0.9548
vn 0.4976 -0.0299 0.8669
vn -0.0609 -0.0513 0.9968
vn -0.2277 -0.0090 -0.9737
vn 0.4900 -0.2538 0.8340
vn -0.0706 -0.2830 0.9565
vn -0.2205 0.2247 -0.9491
vn 0.4425 -0.5402 0.7158
vn -0.1073 -0.5071 0.8552
vn -0.1836 0.4915 -0.8513
vn 0.3961 -0.6687 0.6293
vn -0.1384 -0.5933 0.7930
vn -0.1491 0.6052 -0.7820
vn 0.2850 0.9571 -0.0530
vn 0.3229 0.9331 -0.1581
vn -0.2370 0.9572 -0.1661
vn -0.2319 0.9367 -0.2625
vn -0.0054 -0.9996 0.0295
vn -0.0249 -0.9932 0.1139
vn 0.2105 0.9583 0.1931
vn -0.2361 0.9705 0.0489
vn 0.0224 -0.9872 -0.1577
vn 0.1372 0.8256 0.5472
vn -0.2727 0.8805 0.3877
vn 0.0699 -0.8742 -0.4806
vn 0.0845 0.5712 0.8165
vn -0.3475 0.6413 0.6841
vn 0.1323 -0.6290 -0.7660
vn 0.0398 0.2844 0.9579
vn -0.4608 0.3442 0.8180
vn 0.2134 -0.3451 -0.9140
vn -0.0223 0.0267 0.9994
vn -0.5506 0.1052 0.8281
vn 0.2919 -0.1026 -0.9509
vn -0.1008 -0.1734 0.9797
vn -0.6244 -0.0471 0.7797
vn 0.3710 0.0731 -0.9257
vn -0.1841 -0.4279 0.8849
vn -0.6918 -0.2690 0.6701
vn 0.4529 0.3203 -0.8320
vn -0.1951 -0.6352 0.7473
vn -0.6960 -0.5052 0.5102
vn 0.4682 0.5519 -0.6901
vn -0.1755 -0.7130 0.6788
vn -0.6686 -0.6128 0.4213
vn 0.4492 0.6489 -0.6142
vn 0.2896 0.9570 0.0152
vn 0.3351 0.9411 -0.0457
vn -0.1964 0.9568 -0.2146
vn -0.1709 0.9383 -0.3008
vn -0.0114 -0.9997 0.0226
vn -0.0386 -0.9959 0.0818
vn 0.1828 0.9692 0.1650
vn -0.2596 0.9656 -0.0112
vn 0.0535 -0.9922 -0.1122
vn 0.0261 0.8711 0.4903
vn -0.4034 0.8481 0.3436
vn 0.1940 -0.8820 -0.4294
vn -0.0845 0.6380 0.7653
vn -0.5205 0.5990 0.6085
vn 0.3099 -0.6423 -0.7010
vn -0.0928 0.3789 0.9208
vn -0.5891 0.3414 0.7324
vn 0.3522 -0.3945 -0.8487
vn -0.0697 0.1451 0.9870
vn -0.5980 0.1022 0.7949
vn 0.3492 -0.1653 -0.9224
vn -0.0403 0.0488 0.9980
vn -0.5801 -0.0126 0.8144
vn 0.3281 -0.0659 -0.9423
vn 0.0053 -0.1410 0.9900
vn -0.5380 -0.2112 0.8161
vn 0.2866 0.1312 -0.9490
vn 0.0748 -0.4374 0.8962
vn -0.4694 -0.4890 0.7352
vn 0.2186 0.4326 -0.8747
vn 0.1107 -0.5818 0.8058
vn -0.4274 -0.6190 0.6589
vn 0.1786 0.5786 -0.7958
vn 0.2548 0.9563 0.1435
vn 0.3501 0.9314 0.0999
vn -0.0446 0.9564 -0.2888
vn 0.0273 0.9320 -0.3613
vn -0.0260 -0.9995 0.0182
vn -0.0908 -0.9939 0.0629
vn 0.0758 0.9771 0.1987
vn -0.1912 0.9685 -0.1598
vn 0.0904 -0.9950 -0.0417
vn -0.2442 0.9070 0.3432
vn -0.5052 0.8629 0.0152
vn 0.3844 -0.9046 -0.1842
vn -0.5292 0.6956 0.4860
vn -0.7651 0.6301 0.1327
vn 0.6576 -0.6855 -0.3127
vn -0.6505 0.4827 0.5864
vn -0.8902 0.4299 0.1511
vn 0.7867 -0.4913 -0.3738
vn -0.7032 0.2615 0.6611
vn -0.9565 0.2370 0.1704
vn 0.8535 -0.3004 -0.4257
vn -0.6988 0.2352 0.6756
vn -0.9535 0.2542 0.1618
vn 0.8457 -0.3154 -0.4305
vn -0.7125 0.2204 0.6662
vn -0.9541 0.2607 0.1475
vn 0.8500 -0.3184 -0.4196
vn -0.7558 -0.0431 0.6534
vn -0.9908 -0.0294 0.1318
vn 0.9102 -0.0334 -0.4128
vn -0.7461 -0.2435 0.6197
vn -0.9611 -0.2516 0.1141
vn 0.9017 0.1890 -0.3888
vn 0.2365 0.9528 0.1904
vn 0.3455 0.9265 0.1493
vn 0.0076 0.9527 -0.3039
vn 0.1262 0.9216 -0.3670
vn -0.0410 -0.9990 0.0176
vn -0.1447 -0.9872 0.0672
vn 0.0463 0.9738 0.2225
vn -0.2141 0.9566 -0.1976
vn 0.1234 -0.9918 -0.0326
vn -0.2560 0.9214 0.2924
vn -0.5406 0.8372 -0.0830
vn 0.4116 -0.9048 -0.1089
vn -0.5490 0.7430 0.3828
vn -0.7980 0.6025 -0.0169
vn 0.6895 -0.7005 -0.1840
vn -0.6939 0.5228 0.4951
vn -0.9176 0.3973 0.0097
vn 0.8275 -0.5018 -0.2519
vn -0.7380 0.2958 0.6066
vn -0.9642 0.2516 0.0838
vn 0.8772 -0.3276 -0.3510
vn -0.7150 0.2445 0.6550
vn -0.9345 0.3305 0.1321
vn 0.8425 -0.3513 -0.4083
vn -0.7205 0.2308 0.6540
vn -0.9180 0.3741 0.1317
vn 0.8318 -0.3717 -0.4123
vn -0.7888 0.0347 0.6137
vn -0.9934 0.0800 0.0818
vn 0.9212 -0.1214 -0.3698
vn -0.8122 -0.1295 0.5688
vn -0.9853 -0.1660 0.0408
vn 0.9424 0.0919 -0.3218
vn 0.1352 0.9563 0.2592
vn 0.2190 0.9377 0.2696
vn 0.1023 0.9563 -0.2740
vn 0.1854 0.9375 -0.2944
vn -0.0225 -0.9997 0.0012
vn -0.0850 -0.9964 0.0052
vn -0.0625 0.9776 0.2012
vn -0.1433 0.9535 -0.2651
vn 0.1457 -0.9889 0.0287
vn -0.4471 0.8856 0.1260
vn -0.5436 0.7812 -0.3070
vn 0.5104 -0.8549 0.0930
vn -0.7438 0.6634 0.0817
vn -0.7661 0.5328 -0.3596
vn 0.7693 -0.6222 0.1448
vn -0.8773 0.4674 0.1092
vn -0.8454 0.3519 -0.4018
vn 0.8799 -0.4487 0.1564
vn -0.9400 0.3049 0.1529
vn -0.9036 0.1732 -0.3917
vn 0.9462 -0.2941 0.1351
vn -0.9132 0.3886 0.1228
vn -0.8943 0.1773 -0.4108
vn 0.9195 -0.3539 0.1708
vn -0.8889 0.4457 0.1059
vn -0.8870 0.2031 -0.4147
vn 0.8964 -0.4018 0.1871
vn -0.9548 0.1960 0.2236
vn -0.9472 0.0185 -0.3202
vn 0.9807 -0.1799 0.0765
vn -0.9524 -0.0191 0.3042
vn -0.9617 -0.1396 -0.2360
vn 0.9998 0.0145 -0.0153
vn 0.0505 0.9564 0.2875
vn 0.1237 0.9369 0.3271
vn 0.1924 0.9559 -0.2218
vn 0.2969 0.9317 -0.2091
vn -0.0201 -0.9998 -0.0071
vn -0.0855 -0.9961 -0.0237
vn -0.1037 0.9822 0.1568
vn -0.0964 0.9472 -0.3059
vn 0.1458 -0.9858 0.0833
vn -0.4295 0.9023 -0.0363
vn -0.4862 0.7440 -0.4582
vn 0.4737 -0.8431 0.2546
vn -0.7029 0.6901 -0.1724
vn -0.6752 0.4686 -0.5697
vn 0.7003 -0.6024 0.3830
vn -0.8260 0.5326 -0.1844
vn -0.7053 0.3187 -0.6333
vn 0.7750 -0.4639 0.4290
vn -0.8930 0.4293 -0.1352
vn -0.7519 0.2055 -0.6264
vn 0.8309 -0.3745 0.4115
vn -0.8480 0.5069 -0.1549
vn -0.7498 0.2012 -0.6304
vn 0.7931 -0.4259 0.4355
vn -0.8261 0.5406 -0.1593
vn -0.7520 0.2115 -0.6242
vn 0.7749 -0.4531 0.4407
vn -0.9433 0.3317 -0.0119
vn -0.8586 0.0635 -0.5087
vn 0.9106 -0.2749 0.3087
vn -0.9826 0.1578 0.0984
vn -0.9112 -0.0582 -0.4077
vn 0.9728 -0.1233 0.1959
vn -0.1021 0.9607 0.2580
vn -0.0847 0.9444 0.3178
vn 0.2754 0.9523 -0.1317
vn 0.3149 0.9454 -0.0841
vn -0.0131 -0.9998 0.0122
vn -0.0256 -0.9993 -0.0261
vn -0.2417 0.9703 0.0046
vn 0.0827 0.9194 -0.3844
vn 0.1149 -0.9672 0.2265
vn -0.5137 0.7645 -0.3894
vn -0.1974 0.6433 -0.7397
vn 0.3672 -0.7244 0.5834
vn -0.7168 0.3408 -0.6084
vn -0.3354 0.2333 -0.9127
vn 0.5389 -0.3075 0.7842
vn -0.7799 0.1253 -0.6133
vn -0.3436 0.0657 -0.9368
vn 0.5778 -0.1401 0.8041
vn -0.8029 0.1362 -0.5804
vn -0.3448 0.1686 -0.9234
vn 0.5932 -0.2252 0.7729
vn -0.8247 0.1527 -0.5446
vn -0.3847 0.3582 -0.8507
vn 0.6333 -0.3363 0.6971
vn -0.8243 0.1459 -0.5471
vn -0.3937 0.4237 -0.8158
vn 0.6460 -0.3669 0.6694
vn -0.7793 0.0657 -0.6232
vn -0.3213 0.2272 -0.9193
vn 0.5916 -0.2337 0.7716
vn -0.7401 0.0018 -0.6724
vn -0.2547 0.0630 -0.9650
vn 0.5369 -0.1240 0.8345
vn -0.1652 0.9561 0.2419
vn -0.1548 0.9376 0.3113
vn 0.3125 0.9497 -0.0217
vn 0.3502 0.9346 0.0624
vn -0.0159 -0.9999 -0.0037
vn -0.0328 -0.9975 -0.0625
vn -0.2184 0.9758 0.0042
vn 0.1870 0.9318 -0.3111
vn 0.0463 -0.9775 0.2059
vn -0.3498 0.8610 -0.3692
vn 0.0133 0.7306 -0.6826
vn 0.1747 -0.8201 0.5449
vn -0.5220 0.5356 -0.6638
vn -0.1175 0.3601 -0.9255
vn 0.3236 -0.4763 0.8176
vn -0.6331 0.2223 -0.7414
vn -0.1648 0.0698 -0.9839
vn 0.3992 -0.1949 0.8959
vn -0.6177 0.2670 -0.7397
vn -0.1469 0.0616 -0.9872
vn 0.3649 -0.2386 0.8999
vn -0.4309 0.5269 -0.7325
vn -0.0704 0.1576 -0.9850
vn 0.2023 -0.4202 0.8846
vn -0.3494 0.5946 -0.7241
vn -0.0372 0.1828 -0.9825
vn 0.1287 -0.4620 0.8775
vn -0.5696 0.4326 -0.6988
vn -0.1912 0.1106 -0.9753
vn 0.3253 -0.3549 0.8765
vn -0.7122 0.2880 -0.6402
vn -0.3179 0.0428 -0.9472
vn 0.4752 -0.2574 0.8414
vn -0.2305 0.9588 0.1661
vn -0.2475 0.9343 0.2567
vn 0.2886 0.9538 0.0835
vn 0.3072 0.9347 0.1790
vn -0.0116 -0.9999 0.0039
vn -0.0076 -0.9984 -0.0556
vn -0.2090 0.9669 -0.1460
vn 0.2477 0.9366 -0.2478
vn -0.0117 -0.9674 0.2530
vn -0.2143 0.7879 -0.5774
vn 0.2067 0.7210 -0.6614
vn 0.0038 -0.7717 0.6360
vn -0.2562 0.4092 -0.8757
vn 0.1925 0.3451 -0.9186
vn 0.0307 -0.4000 0.9160
vn -0.3086 0.0983 -0.9461
vn 0.1999 0.0568 -0.9782
vn 0.0509 -0.1209 0.9914
vn -0.3327 0.1076 -0.9369
vn 0.2135 -0.0049 -0.9769
vn 0.0396 -0.1312 0.9906
vn -0.2559 0.3181 -0.9128
vn 0.2170 0.0089 -0.9761
vn -0.0306 -0.2549 0.9665
vn -0.2189 0.4089 -0.8859
vn 0.1874 0.0091 -0.9822
vn -0.0528 -0.2937 0.9544
vn -0.3848 0.2626 -0.8849
vn 0.0877 -0.0293 -0.9957
vn 0.0788 -0.2168 0.9730
vn -0.4996 0.1297 -0.8565
vn 0.0182 -0.0635 -0.9978
vn 0.1786 -0.1494 0.9725
vn -0.1797 0.9613 -0.2090
vn -0.3331 0.9375 -0.1007
vn 0.0991 0.9715 0.2155
vn -0.0058 0.9397 0.3420
vn -0.0581 -0.9962 0.0655
vn 0.0415 -0.9987 -0.0294
vn 0.1657 0.8797 -0.4457
vn 0.3605 0.9300 -0.0716
vn -0.3033 -0.9089 0.2862
vn 0.4320 0.6407 -0.6348
vn 0.6083 0.7301 -0.3113
vn -0.5317 -0.6956 0.4832
vn 0.5211 0.4559 -0.7216
vn 0.7428 0.5321 -0.4064
vn -0.6371 -0.5162 0.5724
vn 0.5581 0.3254 -0.7633
vn 0.8425 0.3641 -0.3971
vn -0.7098 -0.3802 0.5930
vn 0.5977 0.1766 -0.7820
vn 0.9236 0.1631 -0.3468
vn -0.7816 -0.2336 0.5783
vn 0.6095 0.1092 -0.7853
vn 0.9411 -0.0137 -0.3378
vn -0.8118 -0.1400 0.5668
vn 0.5909 0.0896 -0.8017
vn 0.9194 -0.1119 -0.3771
vn -0.8049 -0.0877 0.5869
vn 0.5511 -0.0068 -0.8344
vn 0.9050 -0.1265 -0.4062
vn -0.7811 -0.0424 0.6229
vn 0.5253 -0.0834 -0.8468
vn 0.9036 -0.1159 -0.4124
vn -0.7679 -0.0166 0.6404
vn -0.1355 0.9611 -0.2407
vn -0.3060 0.9385 -0.1600
vn 0.0617 0.9724 0.2248
vn -0.0755 0.9376 0.3395
vn -0.0648 -0.9963 0.0565
vn 0.0548 -0.9982 -0.0258
vn 0.2411 0.8733 -0.4234
vn 0.3952 0.9178 -0.0385
vn -0.3576 -0.8994 0.2515
vn 0.5030 0.6554 -0.5635
vn 0.6680 0.7035 -0.2426
vn -0.5970 -0.6891 0.4109
vn 0.6053 0.4696 -0.6427
vn 0.8111 0.4891 -0.3207
vn -0.7156 -0.5002 0.4876
vn 0.6519 0.2755 -0.7065
vn 0.9038 0.2744 -0.3284
vn -0.7927 -0.3060 0.5273
vn 0.6464 0.1061 -0.7556
vn 0.9463 0.0746 -0.3145
vn -0.8240 -0.1457 0.5475
vn 0.6181 0.0621 -0.7836
vn 0.9431 -0.0452 -0.3294
vn -0.8206 -0.0927 0.5639
vn 0.5837 0.0449 -0.8107
vn 0.9186 -0.1207 -0.3764
vn -0.7999 -0.0546 0.5976
vn 0.5216 -0.1091 -0.8462
vn 0.8751 -0.2396 -0.4204
vn -0.7574 0.0802 0.6480
vn 0.4741 -0.2277 -0.8505
vn 0.8436 -0.3154 -0.4346
vn -0.7230 0.1775 0.6677
vn -0.0248 0.9567 -0.2901
vn -0.2306 0.9259 -0.2993
vn -0.1004 0.9715 0.2147
vn -0.2585 0.9326 0.2517
vn -0.0445 -0.9987 0.0250
vn 0.1079 -0.9941 0.0110
vn 0.3610 0.8925 -0.2705
vn 0.2006 0.9723 0.1202
vn -0.3265 -0.9427 0.0690
vn 0.6256 0.7240 -0.2906
vn 0.4666 0.8838 0.0341
vn -0.5596 -0.8184 0.1303
vn 0.7891 0.5228 -0.3225
vn 0.7056 0.7082 0.0238
vn -0.7552 -0.6366 0.1566
vn 0.9045 0.2897 -0.3130
vn 0.8752 0.4695 0.1165
vn -0.9062 -0.4085 0.1096
vn 0.9679 0.0499 -0.2465
vn 0.9293 0.2753 0.2461
vn -0.9779 -0.2078 0.0215
vn 0.9836 -0.1190 -0.1357
vn 0.9218 0.2149 0.3226
vn -0.9928 -0.1052 -0.0577
vn 0.9819 -0.1874 -0.0263
vn 0.8994 0.2018 0.3877
vn -0.9881 -0.0634 -0.1399
vn 0.9726 -0.2235 0.0636
vn 0.8510 0.1027 0.5150
vn -0.9679 -0.0026 -0.2515
vn 0.9643 -0.2436 0.1039
vn 0.8085 0.0206 0.5881
vn -0.9488 0.0420 -0.3132
vn 0.0990 0.9557 -0.2772
vn -0.0624 0.9238 -0.3779
vn -0.2093 0.9662 0.1507
vn -0.3570 0.9295 0.0923
vn -0.0187 -0.9998 0.0111
vn 0.1216 -0.9891 0.0834
vn 0.4170 0.9042 -0.0924
vn 0.0852 0.9707 0.2245
vn -0.2870 -0.9535 -0.0916
vn 0.6746 0.7381 0.0060
vn 0.3729 0.8849 0.2790
vn -0.5378 -0.8302 -0.1468
vn 0.8506 0.5218 0.0647
vn 0.6100 0.6827 0.4022
vn -0.7448 -0.6251 -0.2334
vn 0.9532 0.2601 0.1543
vn 0.7112 0.4019 0.5767
vn -0.8563 -0.3624 -0.3680
vn 0.9703 0.0338 0.2397
vn 0.6919 0.1848 0.6979
vn -0.8668 -0.1519 -0.4749
vn 0.9515 -0.0748 0.2986
vn 0.6529 0.1155 0.7486
vn -0.8454 -0.0731 -0.5292
vn 0.9084 -0.1954 0.3696
vn 0.5963 0.0170 0.8026
vn -0.8023 0.0352 -0.5959
vn 0.8103 -0.3967 0.4313
vn 0.4772 -0.2083 0.8537
vn -0.7018 0.2553 -0.6650
vn 0.7433 -0.4996 0.4448
vn 0.3970 -0.3335 0.8551
vn -0.6308 0.3738 -0.6800
vn 0.1410 0.9597 -0.2430
vn 0.0475 0.9118 -0.4079
vn -0.2757 0.9597 0.0553
vn -0.3957 0.9150 -0.0792
vn 0.0140 -0.9997 0.0178
vn 0.1060 -0.9832 0.1488
vn 0.3353 0.9410 0.0452
vn -0.0438 0.9726 0.2284
vn -0.1676 -0.9713 -0.1690
vn 0.5351 0.8150 0.2223
vn 0.1936 0.9079 0.3718
vn -0.3722 -0.8771 -0.3035
vn 0.6950 0.6258 0.3540
vn 0.3879 0.7138 0.5831
vn -0.5492 -0.6901 -0.4712
vn 0.7908 0.3674 0.4896
vn 0.4384 0.4341 0.7870
vn -0.6298 -0.4275 -0.6486
vn 0.8040 0.1082 0.5847
vn 0.3763 0.1996 0.9047
vn -0.6159 -0.1958 -0.7631
vn 0.7630 -0.0271 0.6459
vn 0.3025 0.1361 0.9434
vn -0.5685 -0.1137 -0.8148
vn 0.6786 -0.1596 0.7170
vn 0.2123 0.0542 0.9757
vn -0.4872 -0.0074 -0.8732
vn 0.5443 -0.3807 0.7475
vn 0.0634 -0.1852 0.9807
vn -0.3493 0.2299 -0.9084
vn 0.4677 -0.4945 0.7326
vn -0.0210 -0.3256 0.9453
vn -0.2678 0.3618 -0.8930
vn 0.2350 0.9518 -0.1973
vn 0.2121 0.9038 -0.3716
vn -0.2902 0.9518 -0.0991
vn -0.3317 0.9045 -0.2682
vn 0.0113 -0.9981 0.0611
vn 0.0416 -0.9740 0.2227
vn 0.2741 0.9577 0.0874
vn -0.1913 0.9694 0.1536
vn -0.0497 -0.9853 -0.1634
vn 0.3445 0.8866 0.3086
vn -0.0878 0.9260 0.3673
vn -0.1318 -0.9283 -0.3475
vn 0.4303 0.7420 0.5140
vn -0.0143 0.7899 0.6130
vn -0.2124 -0.7931 -0.5709
vn 0.4934 0.5169 0.6995
vn -0.0090 0.5519 0.8339
vn -0.2494 -0.5729 -0.7808
vn 0.4994 0.2507 0.8293
vn -0.0470 0.2814 0.9584
vn -0.2359 -0.3145 -0.9195
vn 0.4690 0.0939 0.8782
vn -0.0906 0.1435 0.9855
vn -0.2011 -0.1751 -0.9638
vn 0.4351 0.0032 0.9004
vn -0.1275 0.0696 0.9894
vn -0.1670 -0.0970 -0.9812
vn 0.3889 -0.1925 0.9010
vn -0.1735 -0.1200 0.9775
vn -0.1216 0.1003 -0.9875
vn 0.3537 -0.3303 0.8751
vn -0.1977 -0.2578 0.9458
vn -0.0918 0.2435 -0.9655
vn 0.2794 0.9508 -0.1339
vn 0.3157 0.8973 -0.3086
vn -0.2387 0.9508 -0.1973
vn -0.2313 0.8948 -0.3818
vn -0.0101 -0.9971 0.0751
vn -0.0290 -0.9707 0.2387
vn 0.2156 0.9668 0.1371
vn -0.2209 0.9714 0.0869
vn 0.0066 -0.9882 -0.1528
vn 0.2006 0.9131 0.3550
vn -0.1977 0.9283 0.3149
vn -0.0013 -0.9393 -0.3431
vn 0.2201 0.7824 0.5826
vn -0.1993 0.8012 0.5643
vn -0.0110 -0.8159 -0.5782
vn 0.2592 0.5640 0.7840
vn -0.2295 0.5744 0.7857
vn -0.0154 -0.6032 -0.7974
vn 0.2979 0.2986 0.9067
vn -0.2526 0.2859 0.9244
vn -0.0219 -0.3391 -0.9405
vn 0.3291 0.1501 0.9323
vn -0.2387 0.0955 0.9664
vn -0.0415 -0.1819 -0.9824
vn 0.3638 0.0714 0.9287
vn -0.2019 -0.0069 0.9794
vn -0.0762 -0.0951 -0.9925
vn 0.4046 -0.1391 0.9039
vn -0.1610 -0.1919 0.9681
vn -0.1205 0.1062 -0.9870
vn 0.4155 -0.2937 0.8609
vn -0.1387 -0.3224 0.9364
vn -0.1408 0.2536 -0.9570
vn 0.3042 0.9521 0.0309
vn 0.4227 0.9003 -0.1041
vn -0.1158 0.9521 -0.2830
vn -0.0189 0.8996 -0.4363
vn -0.0417 -0.9976 0.0556
vn -0.1405 -0.9720 0.1882
vn 0.1032 0.9687 0.2258
vn -0.2577 0.9656 -0.0335
vn 0.1015 -0.9865 -0.1287
vn -0.0563 0.9196 0.3887
vn -0.3889 0.9081 0.1551
vn 0.2281 -0.9329 -0.2788
vn -0.2044 0.7823 0.5884
vn -0.5482 0.7659 0.3360
vn 0.3806 -0.7984 -0.4666
vn -0.3046 0.5455 0.7808
vn -0.7001 0.5247 0.4844
vn 0.5125 -0.5690 -0.6431
vn -0.3335 0.2858 0.8984
vn -0.7816 0.2304 0.5797
vn 0.5776 -0.3035 -0.7579
vn -0.3081 0.1752 0.9351
vn -0.7738 0.0426 0.6320
vn 0.5702 -0.1637 -0.8050
vn -0.2509 0.1071 0.9621
vn -0.7232 -0.0691 0.6871
vn 0.5215 -0.0755 -0.8499
vn -0.1489 -0.1308 0.9802
vn -0.6425 -0.2565 0.7221
vn 0.4329 0.1411 -0.8903
vn -0.0827 -0.2998 0.9504
vn -0.5860 -0.3786 0.7165
vn 0.3702 0.2907 -0.8823
vn 0.2932 0.9474 0.1284
vn 0.4469 0.8936 0.0417
vn 0.0067 0.9473 -0.3202
vn 0.1559 0.8910 -0.4265
vn -0.0692 -0.9966 0.0437
vn -0.2111 -0.9681 0.1350
vn 0.0503 0.9707 0.2349
vn -0.2168 0.9652 -0.1462
vn 0.1225 -0.9900 -0.0700
vn -0.1410 0.9420 0.3046
vn -0.4066 0.9129 -0.0359
vn 0.2817 -0.9494 -0.1387
vn -0.3507 0.8413 0.4114
vn -0.6148 0.7874 0.0457
vn 0.4880 -0.8423 -0.2289
vn -0.5165 0.6657 0.5385
vn -0.7908 0.6027 0.1066
vn 0.6629 -0.6758 -0.3224
vn -0.6102 0.4585 0.6461
vn -0.9112 0.3704 0.1802
vn 0.7795 -0.4701 -0.4140
vn -0.6265 0.3270 0.7075
vn -0.9489 0.1802 0.2592
vn 0.8160 -0.3180 -0.4828
vn -0.5979 0.2519 0.7609
vn -0.9388 0.0696 0.3374
vn 0.8036 -0.2295 -0.5491
vn -0.5525 0.1204 0.8248
vn -0.9145 -0.0159 0.4044
vn 0.7734 -0.1234 -0.6218
vn -0.5242 0.0336 0.8510
vn -0.9000 -0.0592 0.4319
vn 0.7536 -0.0596 -0.6546
vn 0.2231 0.9462 0.2342
vn 0.3871 0.8952 0.2208
vn 0.1452 0.9461 -0.2895
vn 0.3336 0.8844 -0.3264
vn -0.0752 -0.9971 0.0085
vn -0.2372 -0.9708 0.0356
vn -0.0204 0.9724 0.2324
vn -0.1458 0.9664 -0.2119
vn 0.1353 -0.9906 -0.0217
vn -0.1648 0.9662 0.1983
vn -0.3607 0.9145 -0.1833
vn 0.2720 -0.9623 -0.0090
vn -0.3643 0.9137 0.1800
vn -0.5799 0.7880 -0.2069
vn 0.4749 -0.8799 0.0184
vn -0.5748 0.7855 0.2296
vn -0.7349 0.6367 -0.2335
vn 0.6559 -0.7547 0.0131
vn -0.7182 0.5986 0.3548
vn -0.8108 0.5525 -0.1931
vn 0.7667 -0.6379 -0.0726
vn -0.8005 0.3647 0.4755
vn -0.8626 0.4987 -0.0849
vn 0.8373 -0.5067 -0.2054
vn -0.8464 0.1866 0.4987
vn -0.9253 0.3772 -0.0400
vn 0.8972 -0.3614 -0.2538
vn -0.8808 0.1154 0.4593
vn -0.9802 0.1726 -0.0973
vn 0.9514 -0.2323 -0.2022
vn -0.8939 0.1033 0.4362
vn -0.9898 0.0483 -0.1344
vn 0.9714 -0.1707 -0.1653
vn 0.0524 0.9589 0.2787
vn 0.2202 0.9166 0.3337
vn 0.1714 0.9594 -0.2239
vn 0.3635 0.9106 -0.1965
vn -0.0028 -1.0000 -0.0036
vn -0.1593 -0.9865 -0.0370
vn -0.1552 0.9766 0.1491
vn -0.1444 0.9483 -0.2826
vn 0.1974 -0.9774 0.0757
vn -0.3474 0.9377 -0.0015
vn -0.3903 0.8325 -0.3931
vn 0.3791 -0.9030 0.2019
vn -0.5863 0.8011 -0.1200
vn -0.5609 0.6543 -0.5072
vn 0.5764 -0.7516 0.3206
vn -0.7740 0.6211 -0.1235
vn -0.6515 0.5032 -0.5677
vn 0.7177 -0.5980 0.3567
vn -0.9264 0.3747 -0.0379
vn -0.7488 0.3585 -0.5574
vn 0.8522 -0.4238 0.3068
vn -0.9925 0.1220 0.0129
vn -0.8193 0.2369 -0.5221
vn 0.9337 -0.2536 0.2529
vn -0.9992 -0.0352 -0.0181
vn -0.8310 0.1428 -0.5376
vn 0.9544 -0.1312 0.2683
vn -0.9973 -0.0525 -0.0510
vn -0.8113 0.0226 -0.5842
vn 0.9471 -0.0733 0.3124
vn -0.9980 -0.0274 -0.0573
vn -0.7962 -0.0507 -0.6029
vn 0.9418 -0.0577 0.3311
vn -0.0962 0.9596 0.2643
vn 0.0217 0.9147 0.4036
vn 0.2627 0.9596 -0.1008
vn 0.4074 0.9131 0.0184
vn 0.0134 -0.9998 0.0131
vn -0.0943 -0.9912 -0.0926
vn -0.2112 0.9766 0.0400
vn 0.0340 0.9503 -0.3096
vn 0.1281 -0.9766 0.1729
vn -0.3425 0.9113 -0.2284
vn -0.1389 0.8184 -0.5576
vn 0.2460 -0.8822 0.4015
vn -0.5671 0.6393 -0.5193
vn -0.2929 0.5280 -0.7971
vn 0.4316 -0.6075 0.6668
vn -0.6922 0.3891 -0.6078
vn -0.3271 0.3202 -0.8891
vn 0.5137 -0.3934 0.7624
vn -0.7620 0.2647 -0.5911
vn -0.3179 0.2806 -0.9056
vn 0.5482 -0.3480 0.7605
vn -0.8024 0.1544 -0.5764
vn -0.3431 0.2698 -0.8997
vn 0.5917 -0.3239 0.7382
vn -0.8026 0.0639 -0.5931
vn -0.3525 0.2228 -0.9089
vn 0.6105 -0.2676 0.7454
vn -0.7832 -0.0044 -0.6217
vn -0.3247 0.0858 -0.9419
vn 0.5925 -0.1742 0.7865
vn -0.7716 -0.0357 -0.6351
vn -0.3026 -0.0073 -0.9531
vn 0.5755 -0.1169 0.8094
vn -0.1379 0.9513 -0.2755
vn -0.2371 0.9557 -0.1745
vn 0.1860 0.9647 0.1866
vn 0.0945 0.9560 0.2779
vn -0.0963 -0.9906 0.0971
vn -0.0024 -1.0000 0.0017
vn 0.1382 0.8376 -0.5285
vn 0.4599 0.8858 -0.0613
vn -0.3511 -0.8746 0.3344
vn 0.3715 0.5960 -0.7118
vn 0.6975 0.6589 -0.2818
vn -0.5625 -0.6420 0.5210
vn 0.4731 0.4005 -0.7847
vn 0.8188 0.4419 -0.3665
vn -0.6663 -0.4487 0.5956
vn 0.5384 0.2348 -0.8094
vn 0.8923 0.2557 -0.3721
vn -0.7370 -0.2882 0.6114
vn 0.5597 0.2339 -0.7950
vn 0.9057 0.2468 -0.3446
vn -0.7502 -0.3052 0.5866
vn 0.4260 0.5824 -0.6923
vn 0.7842 0.5768 -0.2288
vn -0.5917 -0.6675 0.4520
vn 0.1697 0.8664 -0.4696
vn 0.5286 0.8483 -0.0306
vn -0.2948 -0.9326 0.2079
vn 0.2954 0.7732 -0.5611
vn 0.6484 0.7547 -0.1003
vn -0.4310 -0.8521 0.2968
vn 0.5811 0.3063 -0.7540
vn 0.9027 0.3164 -0.2915
vn -0.7510 -0.3954 0.5289
vn 0.6339 0.0368 -0.7726
vn 0.9446 0.0625 -0.3222
vn -0.8150 -0.1157 0.5678
vn -0.0366 0.9457 -0.3229
vn -0.1725 0.9522 -0.2519
vn 0.0625 0.9700 0.2349
vn -0.0467 0.9538 0.2968
vn -0.0843 -0.9947 0.0586
vn 0.0384 -0.9992 -0.0077
vn 0.2971 0.8311 -0.4700
vn 0.3712 0.9234 0.0974
vn -0.3921 -0.8979 0.1999
vn 0.5488 0.6179 -0.5631
vn 0.6524 0.7577 -0.0160
vn -0.6370 -0.7088 0.3030
vn 0.6988 0.4165 -0.5815
vn 0.8439 0.5354 -0.0358
vn -0.7983 -0.5079 0.3235
vn 0.8235 0.2167 -0.5242
vn 0.9521 0.3046 0.0278
vn -0.9173 -0.2993 0.2625
vn 0.8495 0.2097 -0.4841
vn 0.9390 0.3386 0.0601
vn -0.9172 -0.3257 0.2295
vn 0.6212 0.5270 -0.5800
vn 0.6591 0.7512 -0.0347
vn -0.6283 -0.7033 0.3325
vn 0.2394 0.7276 -0.6429
vn 0.1818 0.9736 -0.1382
vn -0.1597 -0.8967 0.4127
vn 0.4123 0.6769 -0.6098
vn 0.3720 0.9241 -0.0878
vn -0.3487 -0.8571 0.3791
vn 0.8593 0.3081 -0.4084
vn 0.8678 0.4781 0.1353
vn -0.8755 -0.4561 0.1597
vn 0.9626 0.0220 -0.2700
vn 0.9560 0.1462 0.2545
vn -0.9911 -0.1316 0.0196
vn 0.0091 0.9478 -0.3186
vn -0.1439 0.9433 -0.2991
vn -0.0716 0.9673 0.2435
vn -0.1922 0.9462 0.2603
vn -0.0512 -0.9983 0.0274
vn 0.0865 -0.9962 0.0103
vn 0.3428 0.8718 -0.3499
vn 0.2162 0.9565 0.1958
vn -0.3389 -0.9381 0.0712
vn 0.6080 0.7014 -0.3721
vn 0.5053 0.8512 0.1417
vn -0.5873 -0.8007 0.1177
vn 0.7821 0.5055 -0.3644
vn 0.7394 0.6547 0.1571
vn -0.7843 -0.6104 0.1107
vn 0.9068 0.2994 -0.2968
vn 0.8763 0.4089 0.2547
vn -0.9187 -0.3939 0.0283
vn 0.9310 0.2899 -0.2220
vn 0.8809 0.3270 0.3422
vn -0.9288 -0.3664 -0.0561
vn 0.7003 0.6942 -0.1662
vn 0.6941 0.5874 0.4161
vn -0.6858 -0.7158 -0.1317
vn 0.2699 0.9614 -0.0530
vn 0.3978 0.7815 0.4806
vn -0.2779 -0.9329 -0.2292
vn 0.4819 0.8746 -0.0533
vn 0.5190 0.6977 0.4939
vn -0.4527 -0.8572 -0.2455
vn 0.9233 0.3581 -0.1392
vn 0.8326 0.3571 0.4234
vn -0.8885 -0.4328 -0.1528
vn 0.9877 0.0332 -0.1528
vn 0.9148 0.1198 0.3857
vn -0.9842 -0.1338 -0.1156
vn 0.0258 0.9519 -0.3052
vn -0.1200 0.9284 -0.3517
vn -0.1952 0.9557 0.2202
vn -0.3187 0.9322 0.1716
vn 0.0068 -0.9999 0.0092
vn 0.1443 -0.9877 0.0596
vn 0.3131 0.9200 -0.2359
vn 0.0378 0.9637 0.2644
vn -0.2337 -0.9715 -0.0394
vn 0.5677 0.7954 -0.2124
vn 0.2920 0.9160 0.2752
vn -0.4607 -0.8867 -0.0390
vn 0.7518 0.6318 -0.1885
vn 0.5351 0.7838 0.3152
vn -0.6618 -0.7473 -0.0600
vn 0.8640 0.4872 -0.1271
vn 0.6879 0.6029 0.4042
vn -0.7934 -0.5940 -0.1329
vn 0.8690 0.4940 -0.0275
vn 0.7162 0.4628 0.5224
vn -0.8058 -0.5367 -0.2503
vn 0.6053 0.7747 0.1831
vn 0.6040 0.4237 0.6751
vn -0.5997 -0.6593 -0.4535
vn 0.3360 0.8319 0.4416
vn 0.4770 0.3325 0.8136
vn -0.3734 -0.6394 -0.6722
vn 0.5786 0.6774 0.4542
vn 0.4626 0.2856 0.8393
vn -0.4765 -0.5367 -0.6963
vn 0.9138 0.3588 0.1902
vn 0.6549 0.2554 0.7112
vn -0.7883 -0.3792 -0.4844
vn 0.9905 0.1297 0.0460
vn 0.7987 0.1763 0.5754
vn -0.9211 -0.2172 -0.3230
vn -0.0601 0.9550 0.2905
vn 0.0490 0.9390 0.3405
vn 0.1995 0.9556 -0.2171
vn 0.3201 0.9353 -0.1506
vn 0.0117 -0.9999 0.0031
vn -0.1063 -0.9928 -0.0543
vn -0.2131 0.9637 0.1605
vn -0.0219 0.9279 -0.3721
vn 0.1753 -0.9755 0.1328
vn -0.4358 0.8982 -0.0574
vn -0.2710 0.7623 -0.5877
vn 0.3808 -0.8595 0.3410
vn -0.6570 0.7064 -0.2634
vn -0.4416 0.5049 -0.7417
vn 0.5628 -0.6406 0.5223
vn -0.7467 0.5599 -0.3591
vn -0.4705 0.3494 -0.8103
vn 0.6138 -0.5027 0.6087
vn -0.7226 0.5475 -0.4220
vn -0.4577 0.2739 -0.8459
vn 0.5842 -0.4668 0.6639
vn -0.4381 0.7116 -0.5493
vn -0.3341 0.2591 -0.9062
vn 0.3523 -0.5382 0.7657
vn -0.1338 0.7289 -0.6714
vn -0.1883 0.2040 -0.9607
vn 0.0977 -0.5075 0.8561
vn -0.3477 0.6311 -0.6934
vn -0.2268 0.1471 -0.9628
vn 0.2237 -0.4286 0.8754
vn -0.7790 0.4047 -0.4789
vn -0.4798 0.0985 -0.8718
vn 0.6123 -0.3112 0.7268
vn -0.9180 0.2377 -0.3175
vn -0.6433 0.0425 -0.7644
vn 0.7889 -0.2002 0.5809
vn 0.0586 0.9535 0.2956
vn 0.1778 0.9354 0.3055
vn 0.1289 0.9541 -0.2705
vn 0.2680 0.9307 -0.2489
vn -0.0126 -0.9999 -0.0043
vn -0.1444 -0.9894 -0.0179
vn -0.1418 0.9647 0.2220
vn -0.1497 0.9286 -0.3396
vn 0.2022 -0.9773 0.0635
vn -0.4035 0.9110 0.0852
vn -0.4400 0.7770 -0.4502
vn 0.4488 -0.8732 0.1899
vn -0.6658 0.7457 -0.0253
vn -0.6372 0.5545 -0.5353
vn 0.6699 -0.6823 0.2929
vn -0.8330 0.5516 -0.0428
vn -0.7407 0.3615 -0.5663
vn 0.8047 -0.4983 0.3229
vn -0.8659 0.4962 -0.0634
vn -0.7785 0.2613 -0.5706
vn 0.8336 -0.4323 0.3439
vn -0.5805 0.7696 -0.2661
vn -0.5975 0.3808 -0.7057
vn 0.5688 -0.6302 0.5285
vn -0.1486 0.8712 -0.4679
vn -0.3258 0.4541 -0.8293
vn 0.1825 -0.6984 0.6920
vn -0.3721 0.8314 -0.4126
vn -0.4574 0.4072 -0.7906
vn 0.3666 -0.6591 0.6566
vn -0.8736 0.4810 -0.0740
vn -0.8003 0.1984 -0.5658
vn 0.8415 -0.3980 0.3652
vn -0.9766 0.1878 0.1050
vn -0.9113 0.0140 -0.4116
vn 0.9721 -0.1523 0.1783
vn 0.1804 0.9474 0.2645
vn 0.3103 0.9193 0.2421
vn 0.1050 0.9475 -0.3022
vn 0.2577 0.9132 -0.3157
vn -0.0661 -0.9978 0.0071
vn -0.2122 -0.9768 0.0280
vn -0.0111 0.9620 0.2727
vn -0.1368 0.9485 -0.2856
vn 0.1310 -0.9914 -0.0035
vn -0.2066 0.9468 0.2468
vn -0.3781 0.8754 -0.3011
vn 0.3191 -0.9474 0.0245
vn -0.4686 0.8569 0.2149
vn -0.6240 0.7116 -0.3229
vn 0.5597 -0.8265 0.0607
vn -0.6614 0.7226 0.2008
vn -0.7592 0.5552 -0.3396
vn 0.7209 -0.6882 0.0816
vn -0.7171 0.6688 0.1959
vn -0.7680 0.5346 -0.3526
vn 0.7457 -0.6599 0.0921
vn -0.4659 0.8673 0.1753
vn -0.4643 0.7866 -0.4070
vn 0.4330 -0.8925 0.1264
vn -0.0587 0.9849 0.1627
vn 0.0087 0.9185 -0.3953
vn -0.0443 -0.9921 0.1173
vn -0.2531 0.9530 0.1665
vn -0.1833 0.8946 -0.4075
vn 0.1552 -0.9804 0.1216
vn -0.7590 0.6113 0.2242
vn -0.7759 0.5339 -0.3361
vn 0.7619 -0.6447 0.0623
vn -0.8958 0.3366 0.2901
vn -0.9452 0.2245 -0.2372
vn 0.9407 -0.3388 -0.0178
vn 0.3062 0.9383 0.1606
vn 0.4313 0.8979 0.0881
vn 0.0387 0.9382 -0.3440
vn 0.1844 0.8924 -0.4120
vn -0.1007 -0.9935 0.0523
vn -0.2415 -0.9620 0.1276
vn 0.1093 0.9565 0.2705
vn -0.1807 0.9575 -0.2247
vn 0.0900 -0.9945 -0.0544
vn -0.0138 0.9468 0.3215
vn -0.3377 0.9288 -0.1524
vn 0.1970 -0.9756 -0.0971
vn -0.2079 0.8984 0.3868
vn -0.5473 0.8333 -0.0775
vn 0.3831 -0.9109 -0.1532
vn -0.3962 0.8063 0.4392
vn -0.7155 0.6982 -0.0246
vn 0.5594 -0.8046 -0.1991
vn -0.4511 0.8064 0.3825
vn -0.7772 0.6272 -0.0511
vn 0.6158 -0.7743 -0.1459
vn -0.3403 0.9394 0.0416
vn -0.7520 0.6202 -0.2233
vn 0.5398 -0.8302 0.1393
vn -0.2399 0.9061 -0.3484
vn -0.7230 0.5476 -0.4211
vn 0.4619 -0.7581 0.4604
vn -0.4304 0.8839 -0.1831
vn -0.7832 0.4873 -0.3862
vn 0.5956 -0.7150 0.3662
vn -0.5995 0.7082 0.3729
vn -0.8896 0.4524 -0.0622
vn 0.7574 -0.6432 -0.1124
vn -0.6026 0.5164 0.6085
vn -0.9091 0.3817 0.1671
vn 0.7728 -0.5127 -0.3742
vn -0.2602 0.9655 -0.0067
vn -0.3438 0.9248 0.1631
vn 0.2231 0.9625 0.1544
vn 0.1629 0.9226 0.3496
vn -0.0220 -0.9988 0.0427
vn 0.0232 -0.9976 -0.0659
vn -0.0760 0.9091 -0.4095
vn 0.3548 0.8885 -0.2909
vn -0.1464 -0.9174 0.3701
vn 0.0444 0.6046 -0.7953
vn 0.4857 0.5642 -0.6676
vn -0.2690 -0.6194 0.7376
vn 0.0558 0.2243 -0.9729
vn 0.5588 0.2052 -0.8035
vn -0.3139 -0.2882 0.9047
vn 0.0393 0.0894 -0.9952
vn 0.5733 0.1429 -0.8068
vn -0.3060 -0.2290 0.9241
vn 0.0500 0.0713 -0.9962
vn 0.5811 0.1417 -0.8014
vn -0.3052 -0.2455 0.9201
vn 0.0654 0.0252 -0.9975
vn 0.5930 0.0657 -0.8025
vn -0.3178 -0.1991 0.9270
vn -0.0897 0.9624 -0.2564
vn -0.3108 0.9436 -0.1145
vn 0.0791 0.9821 0.1708
vn -0.0720 0.9484 0.3089
vn -0.0840 -0.9927 0.0860
vn 0.0484 -0.9985 -0.0243
vn 0.3687 0.7740 -0.5147
vn 0.4601 0.8791 -0.1243
vn -0.4332 -0.8384 0.3307
vn 0.5785 0.4940 -0.6491
vn 0.7220 0.6308 -0.2843
vn -0.6533 -0.5888 0.4759
vn 0.6245 0.3346 -0.7057
vn 0.8615 0.4279 -0.2733
vn -0.7440 -0.4395 0.5033
vn 0.6862 0.1695 -0.7074
vn 0.9563 0.1953 -0.2175
vn -0.8348 -0.2697 0.4800
vn 0.7169 0.0171 -0.6970
vn 0.9801 0.0435 -0.1934
vn -0.8751 -0.1363 0.4644
vn 0.7185 -0.0592 -0.6930
vn 0.9812 0.0003 -0.1932
vn -0.8810 -0.0872 0.4650
vn 0.0077 0.9535 -0.3014
vn -0.1989 0.9163 -0.3475
vn -0.1698 0.9668 0.1910
vn -0.3445 0.9207 0.1834
vn -0.0122 -0.9996 0.0264
vn 0.1254 -0.9914 0.0382
vn 0.4265 0.8788 -0.2140
vn 0.2047 0.9590 0.1959
vn -0.3366 -0.9416 0.0046
vn 0.7047 0.6795 -0.2042
vn 0.5216 0.8249 0.2179
vn -0.6156 -0.7881 0.0009
vn 0.8263 0.5183 -0.2203
vn 0.7278 0.6154 0.3026
vn -0.7778 -0.6278 -0.0304
vn 0.9096 0.3735 -0.1823
vn 0.8517 0.3520 0.3881
vn -0.8927 -0.4389 -0.1021
vn 0.9710 0.1693 -0.1686
vn 0.9093 0.1273 0.3962
vn -0.9650 -0.2316 -0.1230
vn 0.9824 0.0442 -0.1815
vn 0.9239 0.0421 0.3803
vn -0.9849 -0.1343 -0.1095
vn 0.2124 0.9560 -0.2023
vn 0.1688 0.8981 -0.4061
vn -0.2892 0.9556 -0.0566
vn -0.3545 0.9042 -0.2384
vn 0.0144 -0.9989 0.0435
vn 0.0539 -0.9805 0.1888
vn 0.2951 0.9459 0.1346
vn -0.1530 0.9691 0.1937
vn -0.0750 -0.9809 -0.1797
vn 0.4279 0.8196 0.3810
vn -0.0358 0.9037 0.4268
vn -0.1992 -0.8948 -0.3996
vn 0.5381 0.6309 0.5589
vn 0.0257 0.7163 0.6974
vn -0.2883 -0.7286 -0.6214
vn 0.5705 0.4393 0.6940
vn 0.0304 0.4624 0.8862
vn -0.3082 -0.5223 -0.7951
vn 0.5735 0.1909 0.7966
vn 0.0351 0.2043 0.9783
vn -0.3132 -0.2746 -0.9091
vn 0.5713 0.0535 0.8190
vn 0.0386 0.0954 0.9947
vn -0.3169 -0.1564 -0.9355
vn 0.2801 0.9571 -0.0741
vn 0.3583 0.8942 -0.2684
vn -0.1812 0.9570 -0.2266
vn -0.1280 0.8955 -0.4262
vn -0.0207 -0.9977 0.0642
vn -0.0705 -0.9746 0.2124
vn 0.1530 0.9680 0.1990
vn -0.2379 0.9694 0.0604
vn 0.0470 -0.9886 -0.1430
vn 0.0841 0.8938 0.4404
vn -0.3268 0.8990 0.2915
vn 0.1193 -0.9250 -0.3609
vn 0.0344 0.7313 0.6811
vn -0.4579 0.7233 0.5169
vn 0.2091 -0.7799 -0.5899
vn -0.0125 0.5365 0.8438
vn -0.5517 0.5018 0.6662
vn 0.2845 -0.5942 -0.7523
vn -0.0526 0.2750 0.9600
vn -0.5870 0.2460 0.7713
vn 0.3296 -0.3450 -0.8788
vn -0.0603 0.1322 0.9894
vn -0.5866 0.1205 0.8009
vn 0.3357 -0.2165 -0.9167
vn 0.2523 0.9501 0.1834
vn 0.4395 0.8898 0.1230
vn 0.0645 0.9502 -0.3049
vn 0.2650 0.8799 -0.3943
vn -0.0648 -0.9976 0.0233
vn -0.2078 -0.9748 0.0808
vn 0.0045 0.9753 0.2208
vn -0.2251 0.9593 -0.1705
vn 0.1262 -0.9915 -0.0318
vn -0.2106 0.9402 0.2679
vn -0.4919 0.8632 -0.1135
vn 0.3436 -0.9365 -0.0697
vn -0.4774 0.7905 0.3837
vn -0.7011 0.7064 -0.0972
vn 0.5753 -0.8075 -0.1299
vn -0.6537 0.5902 0.4735
vn -0.7805 0.6195 -0.0840
vn 0.7055 -0.6827 -0.1904
vn -0.7748 0.3846 0.5018
vn -0.8975 0.4379 -0.0531
vn 0.8344 -0.4995 -0.2329
vn -0.8198 0.2862 0.4960
vn -0.9570 0.2858 -0.0489
vn 0.8936 -0.3834 -0.2335
vn 0.0414 0.9616 0.2714
vn 0.1894 0.9183 0.3476
vn 0.1830 0.9562 -0.2283
vn 0.3641 0.9145 -0.1761
vn -0.0165 -0.9998 0.0075
vn -0.1233 -0.9916 -0.0380
vn -0.2304 0.9689 0.0904
vn -0.1900 0.9125 -0.3623
vn 0.2271 -0.9636 0.1413
vn -0.5438 0.8337 -0.0960
vn -0.4946 0.6757 -0.5466
vn 0.5186 -0.7890 0.3295
vn -0.7609 0.6175 -0.1995
vn -0.5953 0.4344 -0.6759
vn 0.6711 -0.5859 0.4542
vn -0.8615 0.4594 -0.2160
vn -0.6332 0.2954 -0.7154
vn 0.7419 -0.4577 0.4899
vn -0.9459 0.2664 -0.1855
vn -0.7166 0.1244 -0.6864
vn 0.8378 -0.2849 0.4657
vn -0.9736 0.1642 -0.1587
vn -0.7526 0.0292 -0.6579
vn 0.8761 -0.1933 0.4416
vn -0.1045 0.9668 0.2334
vn -0.0553 0.9244 0.3774
vn 0.2773 0.9587 -0.0631
vn 0.3836 0.9174 0.1058
vn -0.0169 -0.9998 0.0142
vn -0.0533 -0.9955 -0.0779
vn -0.2151 0.9726 -0.0881
vn 0.0426 0.9038 -0.4258
vn 0.0977 -0.9569 0.2735
vn -0.4130 0.8021 -0.4313
vn -0.1593 0.6226 -0.7661
vn 0.2812 -0.7438 0.6064
vn -0.6083 0.4807 -0.6315
vn -0.2656 0.2261 -0.9372
vn 0.4191 -0.4151 0.8075
vn -0.6289 0.3702 -0.6837
vn -0.2585 0.0470 -0.9649
vn 0.4056 -0.2970 0.8644
vn -0.6392 0.3681 -0.6753
vn -0.2758 0.0323 -0.9607
vn 0.3999 -0.3026 0.8651
vn -0.6910 0.3183 -0.6490
vn -0.3240 0.0072 -0.9460
vn 0.4440 -0.2755 0.8526
vn -0.0821 0.9578 0.2754
vn 0.0115 0.9207 0.3901
vn 0.2749 0.9545 -0.1154
vn 0.3914 0.9201 -0.0125
vn -0.0113 -0.9999 -0.0003
vn -0.0967 -0.9912 -0.0906
vn -0.2327 0.9720 0.0316
vn 0.0449 0.9349 -0.3521
vn 0.1287 -0.9728 0.1927
vn -0.4447 0.8489 -0.2858
vn -0.1718 0.7384 -0.6521
vn 0.3129 -0.8200 0.4792
vn -0.6551 0.5212 -0.5470
vn -0.3004 0.3802 -0.8748
vn 0.4817 -0.4870 0.7285
vn -0.6674 0.3787 -0.6412
vn -0.2783 0.1325 -0.9513
vn 0.4642 -0.3125 0.8288
vn -0.5776 0.4061 -0.7082
vn -0.3082 -0.0361 -0.9507
vn 0.4203 -0.2364 0.8760
vn -0.5993 0.3694 -0.7102
vn -0.4558 -0.1709 -0.8735
vn 0.5096 -0.1276 0.8509
vn -0.7661 0.3015 -0.5675
vn -0.5530 -0.1658 -0.8165
vn 0.6367 -0.1053 0.7639
vn -0.8548 0.2534 -0.4529
vn -0.5725 -0.1374 -0.8083
vn 0.6881 -0.1121 0.7169
vn -0.1794 0.9704 0.1620
vn -0.1452 0.9444 0.2951
vn 0.2615 0.9559 -0.1336
vn 0.3307 0.9437 0.0057
vn 0.0147 -0.9970 0.0761
vn -0.0233 -0.9990 -0.0377
vn -0.2910 0.9382 -0.1871
vn 0.0892 0.8726 -0.4802
vn 0.1242 -0.9194 0.3732
vn -0.4680 0.6696 -0.5767
vn -0.0793 0.5575 -0.8264
vn 0.2794 -0.6346 0.7205
vn -0.5800 0.3423 -0.7393
vn -0.1334 0.2542 -0.9579
vn 0.3606 -0.3323 0.8715
vn -0.6233 0.2496 -0.7411
vn -0.1350 0.1289 -0.9824
vn 0.3749 -0.2494 0.8929
vn -0.6008 0.3234 -0.7310
vn -0.1851 0.0310 -0.9822
vn 0.3740 -0.2410 0.8956
vn -0.5911 0.3911 -0.7054
vn -0.2843 -0.0285 -0.9583
vn 0.4130 -0.2347 0.8800
vn -0.7328 0.2989 -0.6113
vn -0.4025 -0.0535 -0.9139
vn 0.5425 -0.1845 0.8195
vn -0.8276 0.1979 -0.5253
vn -0.4610 -0.0667 -0.8849
vn 0.6239 -0.1404 0.7688
vn -0.2050 0.9738 0.0982
vn -0.2138 0.9467 0.2411
vn 0.2830 0.9550 -0.0889
vn 0.3192 0.9442 0.0810
vn -0.0063 -0.9957 0.0919
vn -0.0119 -0.9993 -0.0359
vn -0.2506 0.9117 -0.3257
vn 0.1667 0.8290 -0.5338
vn 0.0557 -0.8804 0.4709
vn -0.3684 0.5490 -0.7502
vn 0.0397 0.4196 -0.9068
vn 0.1671 -0.4994 0.8501
vn -0.4521 0.2308 -0.8616
vn 0.0099 0.1377 -0.9904
vn 0.2223 -0.2124 0.9515
vn -0.5233 0.1294 -0.8422
vn 0.0053 0.0856 -0.9963
vn 0.2625 -0.1649 0.9507
vn -0.5640 0.0258 -0.8254
vn -0.0209 0.0780 -0.9967
vn 0.3072 -0.1270 0.9431
vn -0.5461 -0.0624 -0.8354
vn -0.0153 0.0896 -0.9959
vn 0.3079 -0.0915 0.9470
vn -0.5104 -0.1119 -0.8526
vn 0.0322 -0.0153 -0.9994
vn 0.2699 -0.0238 0.9626
vn -0.4941 -0.1328 -0.8592
vn 0.0652 -0.1150 -0.9912
vn 0.2439 0.0284 0.9694
vn -0.2477 0.9678 -0.0441
vn -0.2805 0.9543 0.1034
vn 0.2886 0.9564 -0.0443
vn 0.2757 0.9542 0.1161
vn -0.0229 -0.9888 0.1475
vn -0.0003 -0.9999 0.0158
vn -0.1824 0.8689 -0.4602
vn 0.3206 0.8253 -0.4649
vn -0.0713 -0.8562 0.5117
vn -0.1394 0.5053 -0.8516
vn 0.3512 0.4439 -0.8244
vn -0.1097 -0.4926 0.8633
vn -0.1321 0.2232 -0.9658
vn 0.3859 0.1691 -0.9069
vn -0.1334 -0.2320 0.9635
vn -0.1354 0.1455 -0.9801
vn 0.4186 0.0630 -0.9060
vn -0.1562 -0.1648 0.9739
vn -0.1317 0.1389 -0.9815
vn 0.3939 -0.0714 -0.9164
vn -0.1597 -0.0985 0.9822
vn -0.1545 0.1625 -0.9745
vn 0.3172 -0.1651 -0.9339
vn -0.1217 -0.0594 0.9908
vn -0.2497 0.0892 -0.9642
vn 0.2531 -0.1805 -0.9504
vn -0.0471 -0.0243 0.9986
vn -0.3154 0.0160 -0.9488
vn 0.2341 -0.1719 -0.9569
vn -0.0051 -0.0028 1.0000
vn -0.2363 0.9663 -0.1018
vn -0.3011 0.9508 0.0735
vn 0.2939 0.9558 0.0132
vn 0.2340 0.9492 0.2103
vn -0.0486 -0.9901 0.1317
vn 0.0098 -0.9991 -0.0421
vn -0.0945 0.8070 -0.5829
vn 0.4277 0.7610 -0.4878
vn -0.1778 -0.7916 0.5846
vn -0.0126 0.3657 -0.9306
vn 0.4899 0.3039 -0.8171
vn -0.2477 -0.3482 0.9041
vn -0.0261 0.1188 -0.9926
vn 0.5027 0.0659 -0.8620
vn -0.2493 -0.1268 0.9601
vn -0.0475 0.0523 -0.9975
vn 0.5094 0.0353 -0.8598
vn -0.2398 -0.1016 0.9655
vn -0.0323 -0.0143 -0.9994
vn 0.5046 0.1110 -0.8562
vn -0.2329 -0.1080 0.9665
vn 0.0455 -0.0786 -0.9959
vn 0.5323 0.1803 -0.8271
vn -0.2781 -0.1072 0.9545
vn 0.1599 -0.1909 -0.9685
vn 0.6497 0.0136 -0.7601
vn -0.3973 0.0291 0.9172
vn 0.2158 -0.2619 -0.9407
vn 0.7115 -0.1393 -0.6888
vn -0.4646 0.1360 0.8750
vn -0.2171 0.9627 -0.1615
vn -0.3071 0.9514 -0.0239
vn 0.2486 0.9625 0.1087
vn 0.1686 0.9504 0.2612
vn -0.0658 -0.9913 0.1138
vn 0.0088 -0.9998 -0.0151
vn 0.0109 0.8428 -0.5381
vn 0.4634 0.8355 -0.2953
vn -0.2616 -0.8480 0.4610
vn 0.1906 0.4863 -0.8527
vn 0.6346 0.4606 -0.6206
vn -0.4257 -0.4916 0.7596
vn 0.2203 0.2393 -0.9456
vn 0.6887 0.2114 -0.6936
vn -0.4685 -0.2638 0.8432
vn 0.2051 0.1254 -0.9707
vn 0.7019 0.1571 -0.6948
vn -0.4631 -0.2043 0.8624
vn 0.2226 0.0171 -0.9748
vn 0.6683 0.2382 -0.7047
vn -0.4405 -0.1893 0.8776
vn 0.2981 -0.0363 -0.9538
vn 0.6476 0.3375 -0.6832
vn -0.4605 -0.2025 0.8642
vn 0.4133 -0.0794 -0.9071
vn 0.7771 0.2230 -0.5885
vn -0.5836 -0.1311 0.8014
vn 0.4745 -0.1094 -0.8734
vn 0.8623 0.0953 -0.4974
vn -0.6639 -0.0641 0.7451
vn -0.2003 0.9608 -0.1916
vn -0.3255 0.9426 -0.0750
vn 0.1555 0.9664 0.2048
vn 0.0443 0.9414 0.3345
vn -0.0622 -0.9954 0.0728
vn 0.0373 -0.9987 -0.0345
vn 0.0765 0.8886 -0.4522
vn 0.4095 0.9072 -0.0960
vn -0.2800 -0.9084 0.3106
vn 0.3073 0.6513 -0.6938
vn 0.6520 0.6642 -0.3657
vn -0.4914 -0.6808 0.5431
vn 0.3864 0.4143 -0.8241
vn 0.7652 0.4294 -0.4797
vn -0.5856 -0.4637 0.6649
vn 0.3736 0.2304 -0.8985
vn 0.7675 0.3688 -0.5243
vn -0.5707 -0.3651 0.7356
vn 0.4038 0.0248 -0.9145
vn 0.6908 0.4020 -0.6011
vn -0.5361 -0.2689 0.8002
vn 0.5251 -0.1049 -0.8446
vn 0.6804 0.4055 -0.6104
vn -0.5950 -0.1838 0.7824
vn 0.6424 -0.1217 -0.7566
vn 0.8376 0.3154 -0.4461
vn -0.7305 -0.1388 0.6687
vn 0.6828 -0.1111 -0.7221
vn 0.9210 0.2385 -0.3081
vn -0.7944 -0.1227 0.5949
vn -0.2596 0.9597 -0.1080
vn -0.2882 0.9574 0.0199
vn 0.3019 0.9531 -0.0226
vn 0.2685 0.9575 0.1054
vn -0.0331 -0.9899 0.1380
vn -0.0017 -0.9999 0.0106
vn -0.1863 0.8816 -0.4337
vn 0.3810 0.8593 -0.3413
vn -0.1071 -0.8916 0.4401
vn -0.1017 0.6075 -0.7877
vn 0.4667 0.5719 -0.6746
vn -0.1911 -0.6133 0.7664
vn -0.0318 0.3232 -0.9458
vn 0.5215 0.2697 -0.8095
vn -0.2563 -0.3281 0.9092
vn 0.0383 0.2506 -0.9673
vn 0.5639 0.0658 -0.8233
vn -0.3242 -0.1978 0.9251
vn 0.0942 0.2313 -0.9683
vn 0.4609 -0.1916 -0.8665
vn -0.3099 -0.0457 0.9497
vn 0.0571 0.1884 -0.9804
vn 0.2144 -0.3646 -0.9061
vn -0.1664 0.0821 0.9826
vn -0.0728 0.1752 -0.9818
vn 0.0541 -0.3833 -0.9220
vn -0.0173 0.1017 0.9947
vn -0.2622 0.1530 -0.9528
vn 0.0781 -0.3111 -0.9472
vn 0.0549 0.0628 0.9965
vn -0.3696 0.1262 -0.9206
vn 0.1421 -0.2454 -0.9589
vn 0.0677 0.0321 0.9972
vn -0.0532 0.9727 0.2261
vn 0.0178 0.9456 0.3248
vn 0.1731 0.9479 -0.2673
vn 0.2914 0.9420 -0.1666
vn 0.0102 -0.9984 0.0558
vn -0.0717 -0.9968 -0.0363
vn -0.3612 0.9315 -0.0439
vn -0.2022 0.8187 -0.5374
vn 0.3203 -0.8948 0.3111
vn -0.6765 0.6811 -0.2800
vn -0.4869 0.4928 -0.7211
vn 0.6000 -0.6089 0.5189
vn -0.8336 0.4370 -0.3378
vn -0.5653 0.2637 -0.7816
vn 0.7155 -0.3846 0.5832
vn -0.9224 0.2511 -0.2936
vn -0.6419 0.0838 -0.7622
vn 0.8029 -0.2111 0.5575
vn -0.9533 0.1845 -0.2392
vn -0.7069 -0.0352 -0.7064
vn 0.8542 -0.1178 0.5064
vn -0.9846 0.0971 -0.1453
vn -0.7743 -0.1698 -0.6097
vn 0.9104 -0.0046 0.4138
vn -0.9877 -0.1512 0.0390
vn -0.8057 -0.3900 -0.4458
vn 0.9418 0.2362 0.2394
vn -0.9431 -0.2992 0.1452
vn -0.7890 -0.5032 -0.3525
vn 0.9189 0.3700 0.1366
vn -0.1381 0.9747 0.1757
vn -0.0928 0.9482 0.3038
vn 0.2277 0.9477 -0.2235
vn 0.3131 0.9461 -0.0828
vn 0.0130 -0.9966 0.0816
vn -0.0416 -0.9983 -0.0415
vn -0.3855 0.8988 -0.2089
vn -0.0592 0.7870 -0.6141
vn 0.2534 -0.8590 0.4449
vn -0.6561 0.5350 -0.5322
vn -0.3009 0.3826 -0.8736
vn 0.4934 -0.4761 0.7280
vn -0.7596 0.2794 -0.5873
vn -0.3476 0.1624 -0.9235
vn 0.5670 -0.2544 0.7835
vn -0.8146 0.1580 -0.5582
vn -0.3807 0.0754 -0.9216
vn 0.6141 -0.1663 0.7715
vn -0.8424 0.0355 -0.5377
vn -0.4094 0.0288 -0.9119
vn 0.6502 -0.0844 0.7551
vn -0.8268 -0.1176 -0.5501
vn -0.3907 -0.0491 -0.9192
vn 0.6409 0.0315 0.7670
vn -0.7836 -0.2865 -0.5513
vn -0.3375 -0.2582 -0.9052
vn 0.5992 0.2225 0.7690
vn -0.7631 -0.3523 -0.5418
vn -0.3015 -0.3791 -0.8749
vn 0.5726 0.3162 0.7564
vn -0.1148 0.9407 -0.3192
vn -0.2835 0.9526 -0.1107
vn 0.2686 0.9606 0.0720
vn 0.1127 0.9582 0.2631
vn -0.1326 -0.9748 0.1794
vn 0.0265 -0.9995 -0.0156
vn 0.2458 0.6501 -0.7190
vn 0.6177 0.7143 -0.3290
vn -0.4664 -0.6848 0.5600
vn 0.4016 0.3004 -0.8652
vn 0.7766 0.3698 -0.5100
vn -0.6089 -0.3497 0.7120
vn 0.4235 0.1357 -0.8957
vn 0.8309 0.1983 -0.5198
vn -0.6476 -0.2005 0.7352
vn 0.4395 -0.0066 -0.8982
vn 0.8592 0.0409 -0.5101
vn -0.6748 -0.0613 0.7355
vn 0.4118 -0.1048 -0.9052
vn 0.8406 -0.1327 -0.5252
vn -0.6587 0.0763 0.7486
vn 0.3435 -0.2011 -0.9174
vn 0.7704 -0.3169 -0.5532
vn -0.5967 0.2198 0.7718
vn 0.2886 -0.2659 -0.9198
vn 0.7368 -0.3550 -0.5754
vn -0.5544 0.2685 0.7877
vn 0.2732 -0.2970 -0.9149
vn 0.7438 -0.3295 -0.5815
vn -0.5504 0.2681 0.7907
vn -0.0222 0.9334 -0.3581
vn -0.2385 0.9517 -0.1932
vn 0.2338 0.9635 0.1307
vn 0.0294 0.9594 0.2804
vn -0.1723 -0.9734 0.1508
vn 0.0350 -0.9994 -0.0047
vn 0.3814 0.6785 -0.6279
vn 0.6398 0.7513 -0.1618
vn -0.5511 -0.7207 0.4205
vn 0.5736 0.3659 -0.7328
vn 0.8578 0.4206 -0.2953
vn -0.7403 -0.4104 0.5326
vn 0.6392 0.1489 -0.7545
vn 0.9406 0.1832 -0.2858
vn -0.8177 -0.1964 0.5411
vn 0.6791 -0.0440 -0.7327
vn 0.9705 0.0036 -0.2411
vn -0.8587 -0.0170 0.5122
vn 0.7111 -0.2341 -0.6630
vn 0.9777 -0.1301 -0.1650
vn -0.8841 0.1490 0.4429
vn 0.7138 -0.4432 -0.5422
vn 0.9624 -0.2653 -0.0578
vn -0.8846 0.3272 0.3323
vn 0.6692 -0.5782 -0.4668
vn 0.9110 -0.4117 0.0234
vn -0.8434 0.4720 0.2568
vn 0.6349 -0.6250 -0.4541
vn 0.8659 -0.4976 0.0520
vn -0.8078 0.5398 0.2369
vn 0.6920 -0.6877 -0.2193
vn 0.8525 -0.4628 -0.2432
vn 0.7427 -0.5753 0.3428
vn 0.8864 -0.3613 0.2894
vn -0.6995 0.7104 -0.0777
vn -0.8056 0.5893 -0.0608
vn 0.5263 -0.8223 -0.2164
vn 0.6020 -0.7218 0.3415
vn -0.6484 0.7595 -0.0524
vn 0.4751 -0.8438 -0.2495
vn 0.5515 -0.7741 0.3108
vn -0.6290 0.7773 -0.0122
vn 0.3725 -0.8958 -0.2425
vn 0.4398 -0.8439 0.3072
vn -0.5340 0.8454 -0.0127
vn 0.7256 -0.6668 0.1701
vn 0.8633 -0.4615 0.2042
vn 0.5051 -0.5287 0.6822
vn 0.6418 -0.3353 0.6897
vn -0.5950 0.6746 -0.4369
vn -0.6811 0.5701 -0.4595
vn 0.6197 -0.7754 0.1216
vn 0.4166 -0.6444 0.6413
vn -0.5939 0.6926 -0.4093
vn 0.5783 -0.8118 0.0817
vn 0.3760 -0.7035 0.6030
vn -0.5810 0.7219 -0.3759
vn 0.4517 -0.8910 0.0447
vn 0.2522 -0.7970 0.5488
vn -0.4670 0.8179 -0.3362
vn 0.6082 -0.6443 0.4636
vn 0.7167 -0.4399 0.5411
vn 0.1967 -0.5055 0.8401
vn 0.3154 -0.3129 0.8959
vn -0.3854 0.6463 -0.6586
vn -0.4593 0.5319 -0.7114
vn 0.5339 -0.7510 0.3885
vn 0.1332 -0.6172 0.7755
vn -0.3869 0.6693 -0.6344
vn 0.5054 -0.7938 0.3382
vn 0.1062 -0.6771 0.7282
vn -0.3802 0.7035 -0.6004
vn 0.3980 -0.8820 0.2524
vn 0.0114 -0.7766 0.6299
vn -0.2856 0.8068 -0.5173
vn 0.4411 -0.5850 0.6806
vn 0.5152 -0.3512 0.7818
vn -0.0853 -0.4682 0.8795
vn 0.0143 -0.2447 0.9695
vn -0.1612 0.6033 -0.7810
vn -0.2185 0.4714 -0.8544
vn 0.3813 -0.7041 0.5991
vn -0.1435 -0.5877 0.7963
vn -0.1514 0.6211 -0.7690
vn 0.3593 -0.7364 0.5732
vn -0.1625 -0.6189 0.7684
vn -0.1446 0.6283 -0.7645
vn 0.2878 -0.8327 0.4730
vn -0.2151 -0.7148 0.6654
vn -0.0860 0.7318 -0.6761
vn 0.2252 -0.5616 0.7962
vn 0.2206 -0.3275 0.9187
vn -0.3438 -0.4803 0.8069
vn -0.3239 -0.2615 0.9092
vn 0.0681 0.5930 -0.8023
vn 0.0713 0.4536 -0.8884
vn 0.2707 -0.6670 0.6942
vn -0.2964 -0.5921 0.7494
vn 0.0075 0.6081 -0.7938
vn 0.3407 -0.6774 0.6520
vn -0.2243 -0.6515 0.7248
vn -0.0709 0.6203 -0.7812
vn 0.3505 -0.7723 0.5299
vn -0.1968 -0.7780 0.5966
vn -0.0917 0.7388 -0.6677
vn -0.0472 -0.5181 0.8540
vn -0.0894 -0.2923 0.9521
vn -0.5800 -0.5051 0.6391
vn -0.5996 -0.2788 0.7501
vn 0.3164 0.5830 -0.7484
vn 0.3403 0.4428 -0.8295
vn -0.0361 -0.6200 0.7838
vn -0.5642 -0.6059 0.5609
vn 0.3262 0.5910 -0.7378
vn -0.0451 -0.6520 0.7569
vn -0.5683 -0.6281 0.5316
vn 0.3405 0.5949 -0.7282
vn -0.0193 -0.7677 0.6406
vn -0.5261 -0.7372 0.4241
vn 0.3116 0.7142 -0.6268
vn -0.3360 -0.4386 0.8335
vn -0.4259 -0.2034 0.8816
vn -0.7535 -0.4884 0.4400
vn -0.8251 -0.2476 0.5079
vn 0.5470 0.5305 -0.6476
vn 0.6121 0.3705 -0.6986
vn -0.2670 -0.5803 0.7694
vn -0.6792 -0.6302 0.3762
vn 0.5206 0.5864 -0.6205
vn -0.2489 -0.6162 0.7473
vn -0.6597 -0.6633 0.3532
vn 0.5170 0.5996 -0.6109
vn -0.1853 -0.7102 0.6792
vn -0.5857 -0.7557 0.2930
vn 0.4549 0.6972 -0.5541
vn -0.6427 -0.4112 0.6464
vn -0.7353 -0.1934 0.6496
vn -0.8402 -0.5288 0.1199
vn -0.9448 -0.2904 0.1517
vn 0.7402 0.5427 -0.3970
vn 0.8112 0.4052 -0.4216
vn -0.6193 -0.5204 0.5879
vn -0.7718 -0.6343 0.0449
vn 0.7641 0.5511 -0.3353
vn -0.6327 -0.5804 0.5126
vn -0.7649 -0.6431 -0.0385
vn 0.7876 0.5613 -0.2541
vn -0.5321 -0.7167 0.4507
vn -0.6609 -0.7456 -0.0850
vn 0.6978 0.6872 -0.2024
vn -0.8146 -0.4405 0.3774
vn -0.9124 -0.2353 0.3349
vn -0.7947 -0.5803 -0.1782
vn -0.9130 -0.3556 -0.1998
vn 0.7984 0.5905 -0.1176
vn 0.8703 0.4801 -0.1099
vn -0.7698 -0.5357 0.3470
vn -0.7108 -0.6715 -0.2094
vn 0.8174 0.5732 -0.0585
vn -0.7416 -0.6029 0.2943
vn -0.6704 -0.6940 -0.2626
vn 0.8050 0.5932 0.0046
vn -0.6029 -0.7434 0.2894
vn -0.5384 -0.8053 -0.2480
vn 0.6855 0.7281 0.0009
vn 0.1045 -0.5053 -0.8566
vn 0.1342 -0.5132 -0.8477
vn -0.7124 0.0523 -0.6998
vn -0.7212 -0.0227 -0.6923
vn 0.2199 0.0586 0.9738
vn 0.2109 0.0825 0.9740
vn 0.0914 -0.4360 -0.8953
vn -0.6315 0.2668 -0.7280
vn 0.2276 -0.0055 0.9737
vn 0.0935 -0.3366 -0.9370
vn -0.4968 0.4806 -0.7227
vn 0.2294 -0.0917 0.9690
vn 0.0726 -0.2538 -0.9645
vn -0.3188 0.6544 -0.6857
vn 0.1925 -0.2110 0.9583
vn 0.0611 -0.1665 -0.9841
vn -0.1257 0.7746 -0.6198
vn 0.1244 -0.3322 0.9350
vn 0.0453 -0.0999 -0.9940
vn -0.1980 0.7983 -0.5688
vn 0.1859 -0.3742 0.9085
vn 0.0195 -0.0705 -0.9973
vn -0.4625 0.7077 -0.5341
vn 0.3506 -0.3116 0.8832
vn 0.0010 -0.0640 -0.9980
vn -0.6121 0.6025 -0.5122
vn 0.4405 -0.2339 0.8667
vn 0.0043 -0.0445 -0.9990
vn -0.6171 0.6013 -0.5075
vn 0.4512 -0.2240 0.8638
vn 0.0112 -0.0280 -0.9995
vn -0.5949 0.6246 -0.5059
vn 0.4462 -0.2355 0.8634
usemtl messy_hair
s off
f 3/1/1 2/2/1 1/3/1
f 4/4/1 3/1/1 1/5/1
f 5/6/1 4/4/1 1/7/1
f 6/8/1 5/6/1 1/9/1
f 7/10/1 6/8/1 1/11/1
f 8/12/1 7/10/1 1/13/1
f 9/14/1 8/12/1 1/15/1
f 10/16/1 9/14/1 1/17/1
f 11/18/1 10/16/1 1/19/1
f 12/20/1 11/18/1 1/21/1
f 13/22/1 12/20/1 1/23/1
f 14/24/1 13/22/1 1/25/1
f 15/26/1 14/24/1 1/27/1
f 16/28/1 15/26/1 1/29/1
f 17/30/1 16/28/1 1/31/1
f 18/32/1 17/30/1 1/33/1
f 19/34/1 18/32/1 1/35/1
f 2/36/1 19/34/1 1/37/1
f 2/2/1 3/1/1 21/38/2 20/39/3
f 3/1/1 4/4/1 22/40/4 21/38/2
f 4/4/1 5/6/1 23/41/5 22/40/4
f 5/6/1 6/8/1 24/42/6 23/41/5
f 6/8/1 7/10/1 25/43/7 24/42/6
f 7/10/1 8/12/1 26/44/8 25/43/7
f 8/12/1 9/14/1 27/45/9 26/44/8
f 9/14/1 10/16/1 28/46/10 27/45/9
f 10/16/1 11/18/1 29/47/11 28/46/10
f 11/18/1 12/20/1 30/48/12 29/47/11
f 12/20/1 13/22/1 31/49/13 30/48/12
f 13/22/1 14/24/1 32/50/14 31/49/13
f 14/24/1 15/26/1 33/51/15 32/50/14
f 15/26/1 16/28/1 34/52/16 33/51/15
f 16/28/1 17/30/1 35/53/17 34/52/16
f 17/30/1 18/32/1 36/54/18 35/53/17
f 18/32/1 19/34/1 37/55/19 36/54/18
f 19/34/1 2/36/1 20/56/3 37/55/19
f 20/39/3 21/38/2 39/57/20 38/58/21
f 21/38/2 22/40/4 40/59/22 39/57/20
f 22/40/4 23/41/5 41/60/23 40/59/22
f 23/41/5 24/42/6 42/61/24 41/60/23
f 24/42/6 25/43/7 43/62/25 42/61/24
f 25/43/7 26/44/8 44/63/26 43/62/25
f 26/44/8 27/45/9 45/64/27 44/63/26
f 27/45/9 28/46/10 46/65/28 45/64/27
f 28/46/10 29/47/11 47/66/29 46/65/28
f 29/47/11 30/48/12 48/67/30 47/66/29
f 30/48/12 31/49/13 49/68/31 48/67/30
f 31/49/13 32/50/14 50/69/32 49/68/31
f 32/50/14 33/51/15 51/70/33 50/69/32
f 33/51/15 34/52/16 52/71/34 51/70/33
f 34/52/16 35/53/17 53/72/35 52/71/34
f 35/53/17 36/54/18 54/73/36 53/72/35
f 36/54/18 37/55/19 55/74/37 54/73/36
f 37/55/19 20/56/3 38/75/21 55/74/37
f 38/58/21 39/57/20 57/76/38 56/77/39
f 39/57/20 40/59/22 58/78/40 57/76/38
f 40/59/22 41/60/23 59/79/41 58/78/40
f 41/60/23 42/61/24 60/80/42 59/79/41
f 42/61/24 43/62/25 61/81/43 60/80/42
f 43/62/25 44/63/26 62/82/44 61/81/43
f 44/63/26 45/64/27 63/83/45 62/82/44
f 45/64/27 46/65/28 64/84/46 63/83/45
f 46/65/28 47/66/29 65/85/47 64/84/46
f 47/66/29 48/67/30 66/86/48 65/85/47
f 48/67/30 49/68/31 67/87/49 66/86/48
f 49/68/31 50/69/32 68/88/50 67/87/49
f 50/69/32 51/70/33 69/89/51 68/88/50
f 51/70/33 52/71/34 70/90/52 69/89/51
f 52/71/34 53/72/35 71/91/53 70/90/52
f 53/72/35 54/73/36 72/92/54 71/91/53
f 54/73/36 55/74/37 73/93/55 72/92/54
f 55/74/37 38/75/21 56/94/39 73/93/55
f 56/77/39 57/76/38 75/95/56 74/96/57
f 57/76/38 58/78/40 76/97/58 75/95/56
f 58/78/40 59/79/41 77/98/59 76/97/58
f 59/79/41 60/80/42 78/99/60 77/98/59
f 60/80/42 61/81/43 79/100/61 78/99/60
f 61/81/43 62/82/44 80/101/62 79/100/61
f 62/82/44 63/83/45 81/102/63 80/101/62
f 63/83/45 64/84/46 82/103/64 81/102/63
f 64/84/46 65/85/47 83/104/65 82/103/64
f 65/85/47 66/86/48 84/105/66 83/104/65
f 66/86/48 67/87/49 85/106/67 84/105/66
f 67/87/49 68/88/50 86/107/68 85/106/67
f 68/88/50 69/89/51 87/108/69 86/107/68
f 69/89/51 70/90/52 88/109/70 87/108/69
f 70/90/52 71/91/53 89/110/71 88/109/70
f 71/91/53 72/92/54 90/111/72 89/110/71
f 72/92/54 73/93/55 91/112/73 90/111/72
f 73/93/55 56/94/39 74/113/57 91/112/73
f 74/96/57 75/95/56 93/114/74 92/115/75
f 75/95/56 76/97/58 94/116/76 93/114/74
f 76/97/58 77/98/59 95/117/77 94/116/76
f 77/98/59 78/99/60 96/118/78 95/117/77
f 78/99/60 79/100/61 97/119/79 96/118/78
f 79/100/61 80/101/62 98/120/80 97/119/79
f 80/101/62 81/102/63 99/121/81 98/120/80
f 81/102/63 82/103/64 100/122/82 99/121/81
f 82/103/64 83/104/65 101/123/83 100/122/82
f 83/104/65 84/105/66 102/124/84 101/123/83
f 84/105/66 85/106/67 103/125/85 102/124/84
f 85/106/67 86/107/68 104/126/86 103/125/85
f 86/107/68 87/108/69 105/127/87 104/126/86
f 87/108/69 88/109/70 106/128/88 105/127/87
f 88/109/70 89/110/71 107/129/89 106/128/88
f 89/110/71 90/111/72 108/130/90 107/129/89
f 90/111/72 91/112/73 109/131/91 108/130/90
f 91/112/73 74/113/57 92/132/75 109/131/91
f 110/133/92 111/133/93 112/133/94
f 110/133/92 112/133/94 113/133/95
f 110/133/92 113/133/95 114/133/96
f 110/133/92 114/133/96 115/133/97
f 110/133/92 115/133/97 116/133/98
f 110/133/92 116/133/98 117/133/99
f 110/133/92 117/133/99 118/133/100
f 110/133/92 118/133/100 119/133/101
f 110/133/92 119/133/101 120/133/102
f 110/133/92 120/133/102 121/133/103
f 110/133/92 121/133/103 122/133/104
f 110/133/92 122/133/104 123/133/105
f 110/133/92 123/133/105 124/133/106
f 110/133/92 124/133/106 125/133/107
f 110/133/92 125/133/107 126/133/108
f 110/133/92 126/133/108 127/133/109
f 110/133/92 127/133/109 128/133/92
f 110/133/92 128/133/92 111/133/93
f 129/133/110 130/133/111 112/133/94 111/133/93
f 130/133/111 131/133/112 113/133/95 112/133/94
f 131/133/112 132/133/113 114/133/96 113/133/95
f 132/133/113 133/133/114 115/133/97 114/133/96
f 133/133/114 134/133/115 116/133/98 115/133/97
f 134/133/115 135/133/116 117/133/99 116/133/98
f 135/133/116 136/133/117 118/133/100 117/133/99
f 136/133/117 137/133/118 119/133/101 118/133/100
f 137/133/118 138/133/119 120/133/102 119/133/101
f 138/133/119 139/133/120 121/133/103 120/133/102
f 139/133/120 140/133/121 122/133/104 121/133/103
f 140/133/121 141/133/122 123/133/105 122/133/104
f 141/133/122 142/133/123 124/133/106 123/133/105
f 142/133/123 143/133/124 125/133/107 124/133/106
f 143/133/124 144/133/125 126/133/108 125/133/107
f 144/133/125 145/133/126 127/133/109 126/133/108
f 145/133/126 146/133/127 128/133/92 127/133/109
f 146/133/127 129/133/110 111/133/93 128/133/92
f 147/133/128 148/133/129 130/133/111 129/133/110
f 148/133/129 149/133/130 131/133/112 130/133/111
f 149/133/130 150/133/131 132/133/113 131/133/112
f 150/133/131 151/133/132 133/133/114 132/133/113
f 151/133/132 152/133/133 134/133/115 133/133/114
f 152/133/133 153/133/134 135/133/116 134/133/115
f 153/133/134 154/133/135 136/133/117 135/133/116
f 154/133/135 155/133/136 137/133/118 136/133/117
f 155/133/136 156/133/137 138/133/119 137/133/118
f 156/133/137 157/133/138 139/133/120 138/133/119
f 157/133/138 158/133/139 140/133/121 139/133/120
f 158/133/139 159/133/140 141/133/122 140/133/121
f 159/133/140 160/133/141 142/133/123 141/133/122
f 160/133/141 161/133/142 143/133/124 142/133/123
f 161/133/142 162/133/143 144/133/125 143/133/124
f 162/133/143 163/133/144 145/133/126 144/133/125
f 163/133/144 164/133/145 146/133/127 145/133/126
f 164/133/145 147/133/128 129/133/110 146/133/127
f 92/133/146 93/133/146 148/133/146 147/133/146
f 93/133/147 94/133/147 149/133/147 148/133/147
f 94/133/148 95/133/148 150/133/148 149/133/148
f 95/133/149 96/133/149 151/133/149 150/133/149
f 96/133/150 97/133/150 152/133/150 151/133/150
f 97/133/151 98/133/151 153/133/151 152/133/151
f 98/133/152 99/133/152 154/133/152 153/133/152
f 99/133/153 100/133/153 155/133/153 154/133/153
f 100/133/154 101/133/154 156/133/154 155/133/154
f 101/133/155 102/133/155 157/133/155 156/133/155
f 102/133/156 103/133/156 158/133/156 157/133/156
f 103/133/157 104/133/157 159/133/157 158/133/157
f 104/133/158 105/133/158 160/133/158 159/133/158
f 105/133/159 106/133/159 161/133/159 160/133/159
f 106/133/160 107/133/160 162/133/160 161/133/160
f 107/133/161 108/133/161 163/133/161 162/133/161
f 108/133/162 109/133/162 164/133/162 163/133/162
f 109/133/163 92/133/163 147/133/163 164/133/163
f 168/134/164 167/135/164 165/136/165
f 169/137/166 168/134/166 165/138/167
f 167/139/168 169/137/168 165/140/169
f 167/135/164 168/134/164 171/141/170 170/142/170
f 168/134/166 169/137/166 172/143/171 171/141/171
f 169/137/168 167/139/168 170/144/172 172/143/172
f 170/142/170 171/141/170 174/145/173 173/146/173
f 171/141/171 172/143/171 175/147/174 174/145/174
f 172/143/172 170/144/172 173/148/175 175/147/175
f 173/146/173 174/145/173 177/149/176 176/150/176
f 174/145/174 175/147/174 178/151/177 177/149/177
f 175/147/175 173/148/175 176/152/178 178/151/178
f 176/150/176 177/149/176 180/153/179 179/154/179
f 177/149/177 178/151/177 181/155/180 180/153/180
f 178/151/178 176/152/178 179/156/181 181/155/181
f 179/154/179 180/153/179 183/157/182 182/158/182
f 180/153/180 181/155/180 184/159/183 183/157/183
f 181/155/181 179/156/181 182/160/184 184/159/184
f 182/158/182 183/157/182 166/161/185
f 183/157/183 184/159/183 166/162/186
f 184/159/184 182/160/184 166/163/187
f 188/164/188 187/165/188 185/166/189
f 189/167/190 188/164/190 185/168/191
f 187/169/192 189/167/192 185/170/193
f 187/165/188 188/164/188 191/171/194 190/172/194
f 188/164/190 189/167/190 192/173/195 191/171/195
f 189/167/192 187/169/192 190/174/196 192/173/196
f 190/172/194 191/171/194 194/175/197 193/176/197
f 191/171/195 192/173/195 195/177/198 194/175/198
f 192/173/196 190/174/196 193/178/199 195/177/199
f 193/176/197 194/175/197 197/179/200 196/180/200
f 194/175/198 195/177/198 198/181/201 197/179/201
f 195/177/199 193/178/199 196/182/202 198/181/202
f 196/180/200 197/179/200 200/183/203 199/184/203
f 197/179/201 198/181/201 201/185/204 200/183/204
f 198/181/202 196/182/202 199/186/205 201/185/205
f 199/184/203 200/183/203 203/187/206 202/188/206
f 200/183/204 201/185/204 204/189/207 203/187/207
f 201/185/205 199/186/205 202/190/208 204/189/208
f 202/188/206 203/187/206 186/191/209
f 203/187/207 204/189/207 186/192/210
f 204/189/208 202/190/208 186/193/211
f 208/194/212 207/195/212 205/196/213
f 209/197/214 208/194/214 205/198/215
f 207/199/216 209/197/216 205/200/217
f 207/195/212 208/194/212 211/201/218 210/202/218
f 208/194/214 209/197/214 212/203/219 211/201/219
f 209/197/216 207/199/216 210/204/220 212/203/220
f 210/202/218 211/201/218 214/205/221 213/206/221
f 211/201/219 212/203/219 215/207/222 214/205/222
f 212/203/220 210/204/220 213/208/223 215/207/223
f 213/206/221 214/205/221 217/209/224 216/210/224
f 214/205/222 215/207/222 218/211/225 217/209/225
f 215/207/223 213/208/223 216/212/226 218/211/226
f 216/210/224 217/209/224 220/213/227 219/214/227
f 217/209/225 218/211/225 221/215/228 220/213/228
f 218/211/226 216/212/226 219/216/229 221/215/229
f 219/214/227 220/213/227 223/217/230 222/218/230
f 220/213/228 221/215/228 224/219/231 223/217/231
f 221/215/229 219/216/229 222/220/232 224/219/232
f 222/218/230 223/217/230 206/221/233
f 223/217/231 224/219/231 206/222/234
f 224/219/232 222/220/232 206/223/235
f 228/224/236 227/225/236 225/226/237
f 229/227/238 228/224/238 225/228/239
f 227/229/240 229/227/240 225/230/241
f 227/225/236 228/224/236 231/231/242 230/232/242
f 228/224/238 229/227/238 232/233/243 231/231/243
f 229/227/240 227/229/240 230/234/244 232/233/244
f 230/232/242 231/231/242 234/235/245 233/236/245
f 231/231/243 232/233/243 235/237/246 234/235/246
f 232/233/244 230/234/244 233/238/247 235/237/247
f 233/236/245 234/235/245 237/239/248 236/240/248
f 234/235/246 235/237/246 238/241/249 237/239/249
f 235/237/247 233/238/247 236/242/250 238/241/250
f 236/240/248 237/239/248 240/243/251 239/244/251
f 237/239/249 238/241/249 241/245/252 240/243/252
f 238/241/250 236/242/250 239/246/253 241/245/253
f 239/244/251 240/243/251 243/247/254 242/248/254
f 240/243/252 241/245/252 244/249/255 243/247/255
f 241/245/253 239/246/253 242/250/256 244/249/256
f 242/248/254 243/247/254 226/251/257
f 243/247/255 244/249/255 226/252/258
f 244/249/256 242/250/256 226/253/259
f 248/254/260 247/255/260 245/256/261
f 249/257/262 248/254/262 245/258/263
f 247/259/264 249/257/264 245/260/265
f 247/255/260 248/254/260 251/261/266 250/262/266
f 248/254/262 249/257/262 252/263/267 251/261/267
f 249/257/264 247/259/264 250/264/268 252/263/268
f 250/262/266 251/261/266 254/265/269 253/266/269
f 251/261/267 252/263/267 255/267/270 254/265/270
f 252/263/268 250/264/268 253/268/271 255/267/271
f 253/266/269 254/265/269 257/269/272 256/270/272
f 254/265/270 255/267/270 258/271/273 257/269/273
f 255/267/271 253/268/271 256/272/274 258/271/274
f 256/270/272 257/269/272 260/273/275 259/274/275
f 257/269/273 258/271/273 261/275/276 260/273/276
f 258/271/274 256/272/274 259/276/277 261/275/277
f 259/274/275 260/273/275 263/277/278 262/278/278
f 260/273/276 261/275/276 264/279/279 263/277/279
f 261/275/277 259/276/277 262/280/280 264/279/280
f 262/278/278 263/277/278 246/281/281
f 263/277/279 264/279/279 246/282/282
f 264/279/280 262/280/280 246/283/283
f 268/284/284 267/285/284 265/286/285
f 269/287/286 268/284/286 265/288/287
f 267/289/288 269/287/288 265/290/289
f 267/285/284 268/284/284 271/291/290 270/292/290
f 268/284/286 269/287/286 272/293/291 271/291/291
f 269/287/288 267/289/288 270/294/292 272/293/292
f 270/292/290 271/291/290 274/295/293 273/296/293
f 271/291/291 272/293/291 275/297/294 274/295/294
f 272/293/292 270/294/292 273/298/295 275/297/295
f 273/296/293 274/295/293 277/299/296 276/300/296
f 274/295/294 275/297/294 278/301/297 277/299/297
f 275/297/295 273/298/295 276/302/298 278/301/298
f 276/300/296 277/299/296 280/303/299 279/304/299
f 277/299/297 278/301/297 281/305/300 280/303/300
f 278/301/298 276/302/298 279/306/301 281/305/301
f 279/304/299 280/303/299 283/307/302 282/308/302
f 280/303/300 281/305/300 284/309/303 283/307/303
f 281/305/301 279/306/301 282/310/304 284/309/304
f 282/308/302 283/307/302 266/311/305
f 283/307/303 284/309/303 266/312/306
f 284/309/304 282/310/304 266/313/307
f 288/314/308 287/315/308 285/316/309
f 289/317/310 288/314/310 285/318/311
f 287/319/312 289/317/312 285/320/313
f 287/315/308 288/314/308 291/321/314 290/322/314
f 288/314/310 289/317/310 292/323/315 291/321/315
f 289/317/312 287/319/312 290/324/316 292/323/316
f 290/322/314 291/321/314 294/325/317 293/326/317
f 291/321/315 292/323/315 295/327/318 294/325/318
f 292/323/316 290/324/316 293/328/319 295/327/319
f 293/326/317 294/325/317 297/329/320 296/330/320
f 294/325/318 295/327/318 298/331/321 297/329/321
f 295/327/319 293/328/319 296/332/322 298/331/322
f 296/330/320 297/329/320 300/333/323 299/334/323
f 297/329/321 298/331/321 301/335/324 300/333/324
f 298/331/322 296/332/322 299/336/325 301/335/325
f 299/334/323 300/333/323 303/337/326 302/338/326
f 300/333/324 301/335/324 304/339/327 303/337/327
f 301/335/325 299/336/325 302/340/328 304/339/328
f 302/338/326 303/337/326 286/341/329
f 303/337/327 304/339/327 286/342/330
f 304/339/328 302/340/328 286/343/331
f 308/344/332 307/345/332 305/346/333
f 309/347/334 308/344/334 305/348/335
f 307/349/336 309/347/336 305/350/337
f 307/345/332 308/344/332 311/351/338 310/352/338
f 308/344/334 309/347/334 312/353/339 311/351/339
f 309/347/336 307/349/336 310/354/340 312/353/340
f 310/352/338 311/351/338 314/355/341 313/356/341
f 311/351/339 312/353/339 315/357/342 314/355/342
f 312/353/340 310/354/340 313/358/343 315/357/343
f 313/356/341 314/355/341 317/359/344 316/360/344
f 314/355/342 315/357/342 318/361/345 317/359/345
f 315/357/343 313/358/343 316/362/346 318/361/346
f 316/360/344 317/359/344 320/363/347 319/364/347
f 317/359/345 318/361/345 321/365/348 320/363/348
f 318/361/346 316/362/346 319/366/349 321/365/349
f 319/364/347 320/363/347 323/367/350 322/368/350
f 320/363/348 321/365/348 324/369/351 323/367/351
f 321/365/349 319/366/349 322/370/352 324/369/352
f 322/368/350 323/367/350 306/371/353
f 323/367/351 324/369/351 306/372/354
f 324/369/352 322/370/352 306/373/355
f 328/374/356 327/375/356 325/376/357
f 329/377/358 328/374/358 325/378/359
f 327/379/360 329/377/360 325/380/361
f 327/375/356 328/374/356 331/381/362 330/382/362
f 328/374/358 329/377/358 332/383/363 331/381/363
f 329/377/360 327/379/360 330/384/364 332/383/364
f 330/382/362 331/381/362 334/385/365 333/386/365
f 331/381/363 332/383/363 335/387/366 334/385/366
f 332/383/364 330/384/364 333/388/367 335/387/367
f 333/386/365 334/385/365 337/389/368 336/390/368
f 334/385/366 335/387/366 338/391/369 337/389/369
f 335/387/367 333/388/367 336/392/370 338/391/370
f 336/390/368 337/389/368 340/393/371 339/394/371
f 337/389/369 338/391/369 341/395/372 340/393/372
f 338/391/370 336/392/370 339/396/373 341/395/373
f 339/394/371 340/393/371 343/397/374 342/398/374
f 340/393/372 341/395/372 344/399/375 343/397/375
f 341/395/373 339/396/373 342/400/376 344/399/376
f 342/398/374 343/397/374 326/401/377
f 343/397/375 344/399/375 326/402/378
f 344/399/376 342/400/376 326/403/379
f 348/404/380 347/405/380 345/406/381
f 349/407/382 348/404/382 345/408/383
f 347/409/384 349/407/384 345/410/385
f 347/405/380 348/404/380 351/411/386 350/412/386
f 348/404/382 349/407/382 352/413/387 351/411/387
f 349/407/384 347/409/384 350/414/388 352/413/388
f 350/412/386 351/411/386 354/415/389 353/416/389
f 351/411/387 352/413/387 355/417/390 354/415/390
f 352/413/388 350/414/388 353/418/391 355/417/391
f 353/416/389 354/415/389 357/419/392 356/420/392
f 354/415/390 355/417/390 358/421/393 357/419/393
f 355/417/391 353/418/391 356/422/394 358/421/394
f 356/420/392 357/419/392 360/423/395 359/424/395
f 357/419/393 358/421/393 361/425/396 360/423/396
f 358/421/394 356/422/394 359/426/397 361/425/397
f 359/424/395 360/423/395 363/427/398 362/428/398
f 360/423/396 361/425/396 364/429/399 363/427/399
f 361/425/397 359/426/397 362/430/400 364/429/400
f 362/428/398 363/427/398 346/431/401
f 363/427/399 364/429/399 346/432/402
f 364/429/400 362/430/400 346/433/403
f 368/434/404 367/435/404 365/436/405
f 369/437/406 368/434/406 365/438/407
f 367/439/408 369/437/408 365/440/409
f 367/435/404 368/434/404 371/441/410 370/442/410
f 368/434/406 369/437/406 372/443/411 371/441/411
f 369/437/408 367/439/408 370/444/412 372/443/412
f 370/442/410 371/441/410 374/445/413 373/446/413
f 371/441/411 372/443/411 375/447/414 374/445/414
f 372/443/412 370/444/412 373/448/415 375/447/415
f 373/446/413 374/445/413 377/449/416 376/450/416
f 374/445/414 375/447/414 378/451/417 377/449/417
f 375/447/415 373/448/415 376/452/418 378/451/418
f 376/450/416 377/449/416 380/453/419 379/454/419
f 377/449/417 378/451/417 381/455/420 380/453/420
f 378/451/418 376/452/418 379/456/421 381/455/421
f 379/454/419 380/453/419 383/457/422 382/458/422
f 380/453/420 381/455/420 384/459/423 383/457/423
f 381/455/421 379/456/421 382/460/424 384/459/424
f 382/458/422 383/457/422 366/461/425
f 383/457/423 384/459/423 366/462/426
f 384/459/424 382/460/424 366/463/427
f 388/464/428 387/465/428 385/466/429
f 389/467/430 388/464/430 385/468/431
f 387/469/432 389/467/432 385/470/433
f 387/465/428 388/464/428 391/471/434 390/472/434
f 388/464/430 389/467/430 392/473/435 391/471/435
f 389/467/432 387/469/432 390/474/436 392/473/436
f 390/472/434 391/471/434 394/475/437 393/476/437
f 391/471/435 392/473/435 395/477/438 394/475/438
f 392/473/436 390/474/436 393/478/439 395/477/439
f 393/476/437 394/475/437 397/479/440 396/480/440
f 394/475/438 395/477/438 398/481/441 397/479/441
f 395/477/439 393/478/439 396/482/442 398/481/442
f 396/480/440 397/479/440 400/483/443 399/484/443
f 397/479/441 398/481/441 401/485/444 400/483/444
f 398/481/442 396/482/442 399/486/445 401/485/445
f 399/484/443 400/483/443 403/487/446 402/488/446
f 400/483/444 401/485/444 404/489/447 403/487/447
f 401/485/445 399/486/445 402/490/448 404/489/448
f 402/488/446 403/487/446 386/491/449
f 403/487/447 404/489/447 386/492/450
f 404/489/448 402/490/448 386/493/451
f 408/494/452 407/495/452 405/496/453
f 409/497/454 408/494/454 405/498/455
f 407/499/456 409/497/456 405/500/457
f 407/495/452 408/494/452 411/501/458 410/502/458
f 408/494/454 409/497/454 412/503/459 411/501/459
f 409/497/456 407/499/456 410/504/460 412/503/460
f 410/502/458 411/501/458 414/505/461 413/506/461
f 411/501/459 412/503/459 415/507/462 414/505/462
f 412/503/460 410/504/460 413/508/463 415/507/463
f 413/506/461 414/505/461 417/509/464 416/510/464
f 414/505/462 415/507/462 418/511/465 417/509/465
f 415/507/463 413/508/463 416/512/466 418/511/466
f 416/510/464 417/509/464 420/513/467 419/514/467
f 417/509/465 418/511/465 421/515/468 420/513/468
f 418/511/466 416/512/466 419/516/469 421/515/469
f 419/514/467 420/513/467 423/517/470 422/518/470
f 420/513/468 421/515/468 424/519/471 423/517/471
f 421/515/469 419/516/469 422/520/472 424/519/472
f 422/518/470 423/517/470 426/521/473 425/522/473
f 423/517/471 424/519/471 427/523/474 426/521/474
f 424/519/472 422/520/472 425/524/475 427/523/475
f 425/522/473 426/521/473 429/525/476 428/526/476
f 426/521/474 427/523/474 430/527/477 429/525/477
f 427/523/475 425/524/475 428/528/478 430/527/478
f 428/526/476 429/525/476 432/529/479 431/530/479
f 429/525/477 430/527/477 433/531/480 432/529/480
f 430/527/478 428/528/478 431/532/481 433/531/481
f 431/530/479 432/529/479 406/533/482
f 432/529/480 433/531/480 406/534/483
f 433/531/481 431/532/481 406/535/484
f 437/536/485 436/537/485 434/538/486
f 438/539/487 437/536/487 434/540/488
f 436/541/489 438/539/489 434/542/490
f 436/537/485 437/536/485 440/543/491 439/544/491
f 437/536/487 438/539/487 441/545/492 440/543/492
f 438/539/489 436/541/489 439/546/493 441/545/493
f 439/544/491 440/543/491 443/547/494 442/548/494
f 440/543/492 441/545/492 444/549/495 443/547/495
f 441/545/493 439/546/493 442/550/496 444/549/496
f 442/548/494 443/547/494 446/551/497 445/552/497
f 443/547/495 444/549/495 447/553/498 446/551/498
f 444/549/496 442/550/496 445/554/499 447/553/499
f 445/552/497 446/551/497 449/555/500 448/556/500
f 446/551/498 447/553/498 450/557/501 449/555/501
f 447/553/499 445/554/499 448/558/502 450/557/502
f 448/556/500 449/555/500 452/559/503 451/560/503
f 449/555/501 450/557/501 453/561/504 452/559/504
f 450/557/502 448/558/502 451/562/505 453/561/505
f 451/560/503 452/559/503 455/563/506 454/564/506
f 452/559/504 453/561/504 456/565/507 455/563/507
f 453/561/505 451/562/505 454/566/508 456/565/508
f 454/564/506 455/563/506 458/567/509 457/568/509
f 455/563/507 456/565/507 459/569/510 458/567/510
f 456/565/508 454/566/508 457/570/511 459/569/511
f 457/568/509 458/567/509 461/571/512 460/572/512
f 458/567/510 459/569/510 462/573/513 461/571/513
f 459/569/511 457/570/511 460/574/514 462/573/514
f 460/572/512 461/571/512 435/575/515
f 461/571/513 462/573/513 435/576/516
f 462/573/514 460/574/514 435/577/517
f 466/578/518 465/579/518 463/580/519
f 467/581/520 466/578/520 463/582/521
f 465/583/522 467/581/522 463/584/523
f 465/579/518 466/578/518 469/585/524 468/586/524
f 466/578/520 467/581/520 470/587/525 469/585/525
f 467/581/522 465/583/522 468/588/526 470/587/526
f 468/586/524 469/585/524 472/589/527 471/590/527
f 469/585/525 470/587/525 473/591/528 472/589/528
f 470/587/526 468/588/526 471/592/529 473/591/529
f 471/590/527 472/589/527 475/593/530 474/594/530
f 472/589/528 473/591/528 476/595/531 475/593/531
f 473/591/529 471/592/529 474/596/532 476/595/532
f 474/594/530 475/593/530 478/597/533 477/598/533
f 475/593/531 476/595/531 479/599/534 478/597/534
f 476/595/532 474/596/532 477/600/535 479/599/535
f 477/598/533 478/597/533 481/601/536 480/602/536
f 478/597/534 479/599/534 482/603/537 481/601/537
f 479/599/535 477/600/535 480/604/538 482/603/538
f 480/602/536 481/601/536 484/605/539 483/606/539
f 481/601/537 482/603/537 485/607/540 484/605/540
f 482/603/538 480/604/538 483/608/541 485/607/541
f 483/606/539 484/605/539 487/609/542 486/610/542
f 484/605/540 485/607/540 488/611/543 487/609/543
f 485/607/541 483/608/541 486/612/544 488/611/544
f 486/610/542 487/609/542 490/613/545 489/614/545
f 487/609/543 488/611/543 491/615/546 490/613/546
f 488/611/544 486/612/544 489/616/547 491/615/547
f 489/614/545 490/613/545 464/617/548
f 490/613/546 491/615/546 464/618/549
f 491/615/547 489/616/547 464/619/550
f 495/620/551 494/621/551 492/622/552
f 496/623/553 495/620/553 492/624/554
f 494/625/555 496/623/555 492/626/556
f 494/621/551 495/620/551 498/627/557 497/628/557
f 495/620/553 496/623/553 499/629/558 498/627/558
f 496/623/555 494/625/555 497/630/559 499/629/559
f 497/628/557 498/627/557 501/631/560 500/632/560
f 498/627/558 499/629/558 502/633/561 501/631/561
f 499/629/559 497/630/559 500/634/562 502/633/562
f 500/632/560 501/631/560 504/635/563 503/636/563
f 501/631/561 502/633/561 505/637/564 504/635/564
f 502/633/562 500/634/562 503/638/565 505/637/565
f 503/636/563 504/635/563 507/639/566 506/640/566
f 504/635/564 505/637/564 508/641/567 507/639/567
f 505/637/565 503/638/565 506/642/568 508/641/568
f 506/640/566 507/639/566 510/643/569 509/644/569
f 507/639/567 508/641/567 511/645/570 510/643/570
f 508/641/568 506/642/568 509/646/571 511/645/571
f 509/644/569 510/643/569 513/647/572 512/648/572
f 510/643/570 511/645/570 514/649/573 513/647/573
f 511/645/571 509/646/571 512/650/574 514/649/574
f 512/648/572 513/647/572 516/651/575 515/652/575
f 513/647/573 514/649/573 517/653/576 516/651/576
f 514/649/574 512/650/574 515/654/577 517/653/577
f 515/652/575 516/651/575 519/655/578 518/656/578
f 516/651/576 517/653/576 520/657/579 519/655/579
f 517/653/577 515/654/577 518/658/580 520/657/580
f 518/656/578 519/655/578 493/659/581
f 519/655/579 520/657/579 493/660/582
f 520/657/580 518/658/580 493/661/583
f 524/662/584 523/663/584 521/664/585
f 525/665/586 524/662/586 521/666/587
f 523/667/588 525/665/588 521/668/589
f 523/663/584 524/662/584 527/669/590 526/670/590
f 524/662/586 525/665/586 528/671/591 527/669/591
f 525/665/588 523/667/588 526/672/592 528/671/592
f 526/670/590 527/669/590 530/673/593 529/674/593
f 527/669/591 528/671/591 531/675/594 530/673/594
f 528/671/592 526/672/592 529/676/595 531/675/595
f 529/674/593 530/673/593 533/677/596 532/678/596
f 530/673/594 531/675/594 534/679/597 533/677/597
f 531/675/595 529/676/595 532/680/598 534/679/598
f 532/678/596 533/677/596 536/681/599 535/682/599
f 533/677/597 534/679/597 537/683/600 536/681/600
f 534/679/598 532/680/598 535/684/601 537/683/601
f 535/682/599 536/681/599 539/685/602 538/686/602
f 536/681/600 537/683/600 540/687/603 539/685/603
f 537/683/601 535/684/601 538/688/604 540/687/604
f 538/686/602 539/685/602 542/689/605 541/690/605
f 539/685/603 540/687/603 543/691/606 542/689/606
f 540/687/604 538/688/604 541/692/607 543/691/607
f 541/690/605 542/689/605 545/693/608 544/694/608
f 542/689/606 543/691/606 546/695/609 545/693/609
f 543/691/607 541/692/607 544/696/610 546/695/610
f 544/694/608 545/693/608 548/697/611 547/698/611
f 545/693/609 546/695/609 549/699/612 548/697/612
f 546/695/610 544/696/610 547/700/613 549/699/613
f 547/698/611 548/697/611 522/701/614
f 548/697/612 549/699/612 522/702/615
f 549/699/613 547/700/613 522/703/616
f 553/704/617 552/705/617 550/706/618
f 554/707/619 553/704/619 550/708/620
f 552/709/621 554/707/621 550/710/622
f 552/705/617 553/704/617 556/711/623 555/712/623
f 553/704/619 554/707/619 557/713/624 556/711/624
f 554/707/621 552/709/621 555/714/625 557/713/625
f 555/712/623 556/711/623 559/715/626 558/716/626
f 556/711/624 557/713/624 560/717/627 559/715/627
f 557/713/625 555/714/625 558/718/628 560/717/628
f 558/716/626 559/715/626 562/719/629 561/720/629
f 559/715/627 560/717/627 563/721/630 562/719/630
f 560/717/628 558/718/628 561/722/631 563/721/631
f 561/720/629 562/719/629 565/723/632 564/724/632
f 562/719/630 563/721/630 566/725/633 565/723/633
f 563/721/631 561/722/631 564/726/634 566/725/634
f 564/724/632 565/723/632 568/727/635 567/728/635
f 565/723/633 566/725/633 569/729/636 568/727/636
f 566/725/634 564/726/634 567/730/637 569/729/637
f 567/728/635 568/727/635 571/731/638 570/732/638
f 568/727/636 569/729/636 572/733/639 571/731/639
f 569/729/637 567/730/637 570/734/640 572/733/640
f 570/732/638 571/731/638 574/735/641 573/736/641
f 571/731/639 572/733/639 575/737/642 574/735/642
f 572/733/640 570/734/640 573/738/643 575/737/643
f 573/736/641 574/735/641 577/739/644 576/740/644
f 574/735/642 575/737/642 578/741/645 577/739/645
f 575/737/643 573/738/643 576/742/646 578/741/646
f 576/740/644 577/739/644 551/743/647
f 577/739/645 578/741/645 551/744/648
f 578/741/646 576/742/646 551/745/649
f 582/746/650 581/747/650 579/748/651
f 583/749/652 582/746/652 579/750/653
f 581/751/654 583/749/654 579/752/655
f 581/747/650 582/746/650 585/753/656 584/754/656
f 582/746/652 583/749/652 586/755/657 585/753/657
f 583/749/654 581/751/654 584/756/658 586/755/658
f 584/754/656 585/753/656 588/757/659 587/758/659
f 585/753/657 586/755/657 589/759/660 588/757/660
f 586/755/658 584/756/658 587/760/661 589/759/661
f 587/758/659 588/757/659 591/761/662 590/762/662
f 588/757/660 589/759/660 592/763/663 591/761/663
f 589/759/661 587/760/661 590/764/664 592/763/664
f 590/762/662 591/761/662 594/765/665 593/766/665
f 591/761/663 592/763/663 595/767/666 594/765/666
f 592/763/664 590/764/664 593/768/667 595/767/667
f 593/766/665 594/765/665 597/769/668 596/770/668
f 594/765/666 595/767/666 598/771/669 597/769/669
f 595/767/667 593/768/667 596/772/670 598/771/670
f 596/770/668 597/769/668 600/773/671 599/774/671
f 597/769/669 598/771/669 601/775/672 600/773/672
f 598/771/670 596/772/670 599/776/673 601/775/673
f 599/774/671 600/773/671 603/777/674 602/778/674
f 600/773/672 601/775/672 604/779/675 603/777/675
f 601/775/673 599/776/673 602/780/676 604/779/676
f 602/778/674 603/777/674 606/781/677 605/782/677
f 603/777/675 604/779/675 607/783/678 606/781/678
f 604/779/676 602/780/676 605/784/679 607/783/679
f 605/782/677 606/781/677 580/785/680
f 606/781/678 607/783/678 580/786/681
f 607/783/679 605/784/679 580/787/682
f 611/788/683 610/789/683 608/790/684
f 612/791/685 611/788/685 608/792/686
f 610/793/687 612/791/687 608/794/688
f 610/789/683 611/788/683 614/795/689 613/796/689
f 611/788/685 612/791/685 615/797/690 614/795/690
f 612/791/687 610/793/687 613/798/691 615/797/691
f 613/796/689 614/795/689 617/799/692 616/800/692
f 614/795/690 615/797/690 618/801/693 617/799/693
f 615/797/691 613/798/691 616/802/694 618/801/694
f 616/800/692 617/799/692 620/803/695 619/804/695
f 617/799/693 618/801/693 621/805/696 620/803/696
f 618/801/694 616/802/694 619/806/697 621/805/697
f 619/804/695 620/803/695 623/807/698 622/808/698
f 620/803/696 621/805/696 624/809/699 623/807/699
f 621/805/697 619/806/697 622/810/700 624/809/700
f 622/808/698 623/807/698 626/811/701 625/812/701
f 623/807/699 624/809/699 627/813/702 626/811/702
f 624/809/700 622/810/700 625/814/703 627/813/703
f 625/812/701 626/811/701 629/815/704 628/816/704
f 626/811/702 627/813/702 630/817/705 629/815/705
f 627/813/703 625/814/703 628/818/706 630/817/706
f 628/816/704 629/815/704 632/819/707 631/820/707
f 629/815/705 630/817/705 633/821/708 632/819/708
f 630/817/706 628/818/706 631/822/709 633/821/709
f 631/820/707 632/819/707 635/823/710 634/824/710
f 632/819/708 633/821/708 636/825/711 635/823/711
f 633/821/709 631/822/709 634/826/712 636/825/712
f 634/824/710 635/823/710 609/827/713
f 635/823/711 636/825/711 609/828/714
f 636/825/712 634/826/712 609/829/715
f 640/830/716 639/831/716 637/832/717
f 641/833/718 640/830/718 637/834/719
f 639/835/720 641/833/720 637/836/721
f 639/831/716 640/830/716 643/837/722 642/838/722
f 640/830/718 641/833/718 644/839/723 643/837/723
f 641/833/720 639/835/720 642/840/724 644/839/724
f 642/838/722 643/837/722 646/841/725 645/842/725
f 643/837/723 644/839/723 647/843/726 646/841/726
f 644/839/724 642/840/724 645/844/727 647/843/727
f 645/842/725 646/841/725 649/845/728 648/846/728
f 646/841/726 647/843/726 650/847/729 649/845/729
f 647/843/727 645/844/727 648/848/730 650/847/730
f 648/846/728 649/845/728 652/849/731 651/850/731
f 649/845/729 650/847/729 653/851/732 652/849/732
f 650/847/730 648/848/730 651/852/733 653/851/733
f 651/850/731 652/849/731 655/853/734 654/854/734
f 652/849/732 653/851/732 656/855/735 655/853/735
f 653/851/733 651/852/733 654/856/736 656/855/736
f 654/854/734 655/853/734 658/857/737 657/858/737
f 655/853/735 656/855/735 659/859/738 658/857/738
f 656/855/736 654/856/736 657/860/739 659/859/739
f 657/858/737 658/857/737 661/861/740 660/862/740
f 658/857/738 659/859/738 662/863/741 661/861/741
f 659/859/739 657/860/739 660/864/742 662/863/742
f 660/862/740 661/861/740 664/865/743 663/866/743
f 661/861/741 662/863/741 665/867/744 664/865/744
f 662/863/742 660/864/742 663/868/745 665/867/745
f 663/866/743 664/865/743 638/869/746
f 664/865/744 665/867/744 638/870/747
f 665/867/745 663/868/745 638/871/748
f 669/872/749 668/873/749 666/874/750
f 670/875/751 669/872/751 666/876/752
f 668/877/753 670/875/753 666/878/754
f 668/873/749 669/872/749 672/879/755 671/880/755
f 669/872/751 670/875/751 673/881/756 672/879/756
f 670/875/753 668/877/753 671/882/757 673/881/757
f 671/880/755 672/879/755 675/883/758 674/884/758
f 672/879/756 673/881/756 676/885/759 675/883/759
f 673/881/757 671/882/757 674/886/760 676/885/760
f 674/884/758 675/883/758 678/887/761 677/888/761
f 675/883/759 676/885/759 679/889/762 678/887/762
f 676/885/760 674/886/760 677/890/763 679/889/763
f 677/888/761 678/887/761 681/891/764 680/892/764
f 678/887/762 679/889/762 682/893/765 681/891/765
f 679/889/763 677/890/763 680/894/766 682/893/766
f 680/892/764 681/891/764 684/895/767 683/896/767
f 681/891/765 682/893/765 685/897/768 684/895/768
f 682/893/766 680/894/766 683/898/769 685/897/769
f 683/896/767 684/895/767 687/899/770 686/900/770
f 684/895/768 685/897/768 688/901/771 687/899/771
f 685/897/769 683/898/769 686/902/772 688/901/772
f 686/900/770 687/899/770 690/903/773 689/904/773
f 687/899/771 688/901/771 691/905/774 690/903/774
f 688/901/772 686/902/772 689/906/775 691/905/775
f 689/904/773 690/903/773 693/907/776 692/908/776
f 690/903/774 691/905/774 694/909/777 693/907/777
f 691/905/775 689/906/775 692/910/778 694/909/778
f 692/908/776 693/907/776 667/911/779
f 693/907/777 694/909/777 667/912/780
f 694/909/778 692/910/778 667/913/781
f 698/914/782 697/915/782 695/916/783
f 699/917/784 698/914/784 695/918/785
f 697/919/786 699/917/786 695/920/787
f 697/915/782 698/914/782 701/921/788 700/922/788
f 698/914/784 699/917/784 702/923/789 701/921/789
f 699/917/786 697/919/786 700/924/790 702/923/790
f 700/922/788 701/921/788 704/925/791 703/926/791
f 701/921/789 702/923/789 705/927/792 704/925/792
f 702/923/790 700/924/790 703/928/793 705/927/793
f 703/926/791 704/925/791 707/929/794 706/930/794
f 704/925/792 705/927/792 708/931/795 707/929/795
f 705/927/793 703/928/793 706/932/796 708/931/796
f 706/930/794 707/929/794 710/933/797 709/934/797
f 707/929/795 708/931/795 711/935/798 710/933/798
f 708/931/796 706/932/796 709/936/799 711/935/799
f 709/934/797 710/933/797 713/937/800 712/938/800
f 710/933/798 711/935/798 714/939/801 713/937/801
f 711/935/799 709/936/799 712/940/802 714/939/802
f 712/938/800 713/937/800 716/941/803 715/942/803
f 713/937/801 714/939/801 717/943/804 716/941/804
f 714/939/802 712/940/802 715/944/805 717/943/805
f 715/942/803 716/941/803 719/945/806 718/946/806
f 716/941/804 717/943/804 720/947/807 719/945/807
f 717/943/805 715/944/805 718/948/808 720/947/808
f 718/946/806 719/945/806 722/949/809 721/950/809
f 719/945/807 720/947/807 723/951/810 722/949/810
f 720/947/808 718/948/808 721/952/811 723/951/811
f 721/950/809 722/949/809 696/953/812
f 722/949/810 723/951/810 696/954/813
f 723/951/811 721/952/811 696/955/814
f 727/956/815 726/957/815 724/958/816
f 728/959/817 727/956/817 724/960/818
f 726/961/819 728/959/819 724/962/820
f 726/957/815 727/956/815 730/963/821 729/964/821
f 727/956/817 728/959/817 731/965/822 730/963/822
f 728/959/819 726/961/819 729/966/823 731/965/823
f 729/964/821 730/963/821 733/967/824 732/968/824
f 730/963/822 731/965/822 734/969/825 733/967/825
f 731/965/823 729/966/823 732/970/826 734/969/826
f 732/968/824 733/967/824 736/971/827 735/972/827
f 733/967/825 734/969/825 737/973/828 736/971/828
f 734/969/826 732/970/826 735/974/829 737/973/829
f 735/972/827 736/971/827 739/975/830 738/976/830
f 736/971/828 737/973/828 740/977/831 739/975/831
f 737/973/829 735/974/829 738/978/832 740/977/832
f 738/976/830 739/975/830 742/979/833 741/980/833
f 739/975/831 740/977/831 743/981/834 742/979/834
f 740/977/832 738/978/832 741/982/835 743/981/835
f 741/980/833 742/979/833 745/983/836 744/984/836
f 742/979/834 743/981/834 746/985/837 745/983/837
f 743/981/835 741/982/835 744/986/838 746/985/838
f 744/984/836 745/983/836 748/987/839 747/988/839
f 745/983/837 746/985/837 749/989/840 748/987/840
f 746/985/838 744/986/838 747/990/841 749/989/841
f 747/988/839 748/987/839 751/991/842 750/992/842
f 748/987/840 749/989/840 752/993/843 751/991/843
f 749/989/841 747/990/841 750/994/844 752/993/844
f 750/992/842 751/991/842 725/995/845
f 751/991/843 752/993/843 725/996/846
f 752/993/844 750/994/844 725/997/847
f 756/998/848 755/999/848 753/1000/849
f 757/1001/850 756/998/850 753/1002/851
f 755/1003/852 757/1001/852 753/1004/853
f 755/999/848 756/998/848 759/1005/854 758/1006/854
f 756/998/850 757/1001/850 760/1007/855 759/1005/855
f 757/1001/852 755/1003/852 758/1008/856 760/1007/856
f 758/1006/854 759/1005/854 762/1009/857 761/1010/857
f 759/1005/855 760/1007/855 763/1011/858 762/1009/858
f 760/1007/856 758/1008/856 761/1012/859 763/1011/859
f 761/1010/857 762/1009/857 765/1013/860 764/1014/860
f 762/1009/858 763/1011/858 766/1015/861 765/1013/861
f 763/1011/859 761/1012/859 764/1016/862 766/1015/862
f 764/1014/860 765/1013/860 768/1017/863 767/1018/863
f 765/1013/861 766/1015/861 769/1019/864 768/1017/864
f 766/1015/862 764/1016/862 767/1020/865 769/1019/865
f 767/1018/863 768/1017/863 771/1021/866 770/1022/866
f 768/1017/864 769/1019/864 772/1023/867 771/1021/867
f 769/1019/865 767/1020/865 770/1024/868 772/1023/868
f 770/1022/866 771/1021/866 774/1025/869 773/1026/869
f 771/1021/867 772/1023/867 775/1027/870 774/1025/870
f 772/1023/868 770/1024/868 773/1028/871 775/1027/871
f 773/1026/869 774/1025/869 777/1029/872 776/1030/872
f 774/1025/870 775/1027/870 778/1031/873 777/1029/873
f 775/1027/871 773/1028/871 776/1032/874 778/1031/874
f 776/1030/872 777/1029/872 780/1033/875 779/1034/875
f 777/1029/873 778/1031/873 781/1035/876 780/1033/876
f 778/1031/874 776/1032/874 779/1036/877 781/1035/877
f 779/1034/875 780/1033/875 754/1037/878
f 780/1033/876 781/1035/876 754/1038/879
f 781/1035/877 779/1036/877 754/1039/880
f 785/1040/881 784/1041/881 782/1042/882
f 786/1043/883 785/1040/883 782/1044/884
f 784/1045/885 786/1043/885 782/1046/886
f 784/1041/881 785/1040/881 788/1047/887 787/1048/887
f 785/1040/883 786/1043/883 789/1049/888 788/1047/888
f 786/1043/885 784/1045/885 787/1050/889 789/1049/889
f 787/1048/887 788/1047/887 791/1051/890 790/1052/890
f 788/1047/888 789/1049/888 792/1053/891 791/1051/891
f 789/1049/889 787/1050/889 790/1054/892 792/1053/892
f 790/1052/890 791/1051/890 794/1055/893 793/1056/893
f 791/1051/891 792/1053/891 795/1057/894 794/1055/894
f 792/1053/892 790/1054/892 793/1058/895 795/1057/895
f 793/1056/893 794/1055/893 797/1059/896 796/1060/896
f 794/1055/894 795/1057/894 798/1061/897 797/1059/897
f 795/1057/895 793/1058/895 796/1062/898 798/1061/898
f 796/1060/896 797/1059/896 800/1063/899 799/1064/899
f 797/1059/897 798/1061/897 801/1065/900 800/1063/900
f 798/1061/898 796/1062/898 799/1066/901 801/1065/901
f 799/1064/899 800/1063/899 803/1067/902 802/1068/902
f 800/1063/900 801/1065/900 804/1069/903 803/1067/903
f 801/1065/901 799/1066/901 802/1070/904 804/1069/904
f 802/1068/902 803/1067/902 806/1071/905 805/1072/905
f 803/1067/903 804/1069/903 807/1073/906 806/1071/906
f 804/1069/904 802/1070/904 805/1074/907 807/1073/907
f 805/1072/905 806/1071/905 809/1075/908 808/1076/908
f 806/1071/906 807/1073/906 810/1077/909 809/1075/909
f 807/1073/907 805/1074/907 808/1078/910 810/1077/910
f 808/1076/908 809/1075/908 783/1079/911
f 809/1075/909 810/1077/909 783/1080/912
f 810/1077/910 808/1078/910 783/1081/913
f 814/1082/914 813/1083/914 811/1084/915
f 815/1085/916 814/1082/916 811/1086/917
f 813/1087/918 815/1085/918 811/1088/919
f 813/1083/914 814/1082/914 817/1089/920 816/1090/920
f 814/1082/916 815/1085/916 818/1091/921 817/1089/921
f 815/1085/918 813/1087/918 816/1092/922 818/1091/922
f 816/1090/920 817/1089/920 820/1093/923 819/1094/923
f 817/1089/921 818/1091/921 821/1095/924 820/1093/924
f 818/1091/922 816/1092/922 819/1096/925 821/1095/925
f 819/1094/923 820/1093/923 823/1097/926 822/1098/926
f 820/1093/924 821/1095/924 824/1099/927 823/1097/927
f 821/1095/925 819/1096/925 822/1100/928 824/1099/928
f 822/1098/926 823/1097/926 826/1101/929 825/1102/929
f 823/1097/927 824/1099/927 827/1103/930 826/1101/930
f 824/1099/928 822/1100/928 825/1104/931 827/1103/931
f 825/1102/929 826/1101/929 829/1105/932 828/1106/932
f 826/1101/930 827/1103/930 830/1107/933 829/1105/933
f 827/1103/931 825/1104/931 828/1108/934 830/1107/934
f 828/1106/932 829/1105/932 832/1109/935 831/1110/935
f 829/1105/933 830/1107/933 833/1111/936 832/1109/936
f 830/1107/934 828/1108/934 831/1112/937 833/1111/937
f 831/1110/935 832/1109/935 835/1113/938 834/1114/938
f 832/1109/936 833/1111/936 836/1115/939 835/1113/939
f 833/1111/937 831/1112/937 834/1116/940 836/1115/940
f 834/1114/938 835/1113/938 838/1117/941 837/1118/941
f 835/1113/939 836/1115/939 839/1119/942 838/1117/942
f 836/1115/940 834/1116/940 837/1120/943 839/1119/943
f 837/1118/941 838/1117/941 812/1121/944
f 838/1117/942 839/1119/942 812/1122/945
f 839/1119/943 837/1120/943 812/1123/946
f 843/1124/947 842/1125/947 840/1126/948
f 844/1127/949 843/1124/949 840/1128/950
f 842/1129/951 844/1127/951 840/1130/952
f 842/1125/947 843/1124/947 846/1131/953 845/1132/953
f 843/1124/949 844/1127/949 847/1133/954 846/1131/954
f 844/1127/951 842/1129/951 845/1134/955 847/1133/955
f 845/1132/953 846/1131/953 849/1135/956 848/1136/956
f 846/1131/954 847/1133/954 850/1137/957 849/1135/957
f 847/1133/955 845/1134/955 848/1138/958 850/1137/958
f 848/1136/956 849/1135/956 852/1139/959 851/1140/959
f 849/1135/957 850/1137/957 853/1141/960 852/1139/960
f 850/1137/958 848/1138/958 851/1142/961 853/1141/961
f 851/1140/959 852/1139/959 855/1143/962 854/1144/962
f 852/1139/960 853/1141/960 856/1145/963 855/1143/963
f 853/1141/961 851/1142/961 854/1146/964 856/1145/964
f 854/1144/962 855/1143/962 858/1147/965 857/1148/965
f 855/1143/963 856/1145/963 859/1149/966 858/1147/966
f 856/1145/964 854/1146/964 857/1150/967 859/1149/967
f 857/1148/965 858/1147/965 861/1151/968 860/1152/968
f 858/1147/966 859/1149/966 862/1153/969 861/1151/969
f 859/1149/967 857/1150/967 860/1154/970 862/1153/970
f 860/1152/968 861/1151/968 864/1155/971 863/1156/971
f 861/1151/969 862/1153/969 865/1157/972 864/1155/972
f 862/1153/970 860/1154/970 863/1158/973 865/1157/973
f 863/1156/971 864/1155/971 867/1159/974 866/1160/974
f 864/1155/972 865/1157/972 868/1161/975 867/1159/975
f 865/1157/973 863/1158/973 866/1162/976 868/1161/976
f 866/1160/974 867/1159/974 841/1163/977
f 867/1159/975 868/1161/975 841/1164/978
f 868/1161/976 866/1162/976 841/1165/979
f 872/1166/980 871/1167/980 869/1168/981
f 873/1169/982 872/1166/982 869/1170/983
f 871/1171/984 873/1169/984 869/1172/985
f 871/1167/980 872/1166/980 875/1173/986 874/1174/986
f 872/1166/982 873/1169/982 876/1175/987 875/1173/987
f 873/1169/984 871/1171/984 874/1176/988 876/1175/988
f 874/1174/986 875/1173/986 878/1177/989 877/1178/989
f 875/1173/987 876/1175/987 879/1179/990 878/1177/990
f 876/1175/988 874/1176/988 877/1180/991 879/1179/991
f 877/1178/989 878/1177/989 881/1181/992 880/1182/992
f 878/1177/990 879/1179/990 882/1183/993 881/1181/993
f 879/1179/991 877/1180/991 880/1184/994 882/1183/994
f 880/1182/992 881/1181/992 884/1185/995 883/1186/995
f 881/1181/993 882/1183/993 885/1187/996 884/1185/996
f 882/1183/994 880/1184/994 883/1188/997 885/1187/997
f 883/1186/995 884/1185/995 887/1189/998 886/1190/998
f 884/1185/996 885/1187/996 888/1191/999 887/1189/999
f 885/1187/997 883/1188/997 886/1192/1000 888/1191/1000
f 886/1190/998 887/1189/998 890/1193/1001 889/1194/1001
f 887/1189/999 888/1191/999 891/1195/1002 890/1193/1002
f 888/1191/1000 886/1192/1000 889/1196/1003 891/1195/1003
f 889/1194/1001 890/1193/1001 893/1197/1004 892/1198/1004
f 890/1193/1002 891/1195/1002 894/1199/1005 893/1197/1005
f 891/1195/1003 889/1196/1003 892/1200/1006 894/1199/1006
f 892/1198/1004 893/1197/1004 896/1201/1007 895/1202/1007
f 893/1197/1005 894/1199/1005 897/1203/1008 896/1201/1008
f 894/1199/1006 892/1200/1006 895/1204/1009 897/1203/1009
f 895/1202/1007 896/1201/1007 870/1205/1010
f 896/1201/1008 897/1203/1008 870/1206/1011
f 897/1203/1009 895/1204/1009 870/1207/1012
f 901/1208/1013 900/1209/1013 898/1210/1014
f 902/1211/1015 901/1208/1015 898/1212/1016
f 900/1213/1017 902/1211/1017 898/1214/1018
f 900/1209/1013 901/1208/1013 904/1215/1019 903/1216/1019
f 901/1208/1015 902/1211/1015 905/1217/1020 904/1215/1020
f 902/1211/1017 900/1213/1017 903/1218/1021 905/1217/1021
f 903/1216/1019 904/1215/1019 907/1219/1022 906/1220/1022
f 904/1215/1020 905/1217/1020 908/1221/1023 907/1219/1023
f 905/1217/1021 903/1218/1021 906/1222/1024 908/1221/1024
f 906/1220/1022 907/1219/1022 910/1223/1025 909/1224/1025
f 907/1219/1023 908/1221/1023 911/1225/1026 910/1223/1026
f 908/1221/1024 906/1222/1024 909/1226/1027 911/1225/1027
f 909/1224/1025 910/1223/1025 913/1227/1028 912/1228/1028
f 910/1223/1026 911/1225/1026 914/1229/1029 913/1227/1029
f 911/1225/1027 909/1226/1027 912/1230/1030 914/1229/1030
f 912/1228/1028 913/1227/1028 916/1231/1031 915/1232/1031
f 913/1227/1029 914/1229/1029 917/1233/1032 916/1231/1032
f 914/1229/1030 912/1230/1030 915/1234/1033 917/1233/1033
f 915/1232/1031 916/1231/1031 919/1235/1034 918/1236/1034
f 916/1231/1032 917/1233/1032 920/1237/1035 919/1235/1035
f 917/1233/1033 915/1234/1033 918/1238/1036 920/1237/1036
f 918/1236/1034 919/1235/1034 922/1239/1037 921/1240/1037
f 919/1235/1035 920/1237/1035 923/1241/1038 922/1239/1038
f 920/1237/1036 918/1238/1036 921/1242/1039 923/1241/1039
f 921/1240/1037 922/1239/1037 925/1243/1040 924/1244/1040
f 922/1239/1038 923/1241/1038 926/1245/1041 925/1243/1041
f 923/1241/1039 921/1242/1039 924/1246/1042 926/1245/1042
f 924/1244/1040 925/1243/1040 899/1247/1043
f 925/1243/1041 926/1245/1041 899/1248/1044
f 926/1245/1042 924/1246/1042 899/1249/1045
f 930/1250/1046 929/1251/1046 927/1252/1047
f 931/1253/1048 930/1250/1048 927/1254/1049
f 929/1255/1050 931/1253/1050 927/1256/1051
f 929/1251/1046 930/1250/1046 933/1257/1052 932/1258/1052
f 930/1250/1048 931/1253/1048 934/1259/1053 933/1257/1053
f 931/1253/1050 929/1255/1050 932/1260/1054 934/1259/1054
f 932/1258/1052 933/1257/1052 936/1261/1055 935/1262/1055
f 933/1257/1053 934/1259/1053 937/1263/1056 936/1261/1056
f 934/1259/1054 932/1260/1054 935/1264/1057 937/1263/1057
f 935/1262/1055 936/1261/1055 939/1265/1058 938/1266/1058
f 936/1261/1056 937/1263/1056 940/1267/1059 939/1265/1059
f 937/1263/1057 935/1264/1057 938/1268/1060 940/1267/1060
f 938/1266/1058 939/1265/1058 942/1269/1061 941/1270/1061
f 939/1265/1059 940/1267/1059 943/1271/1062 942/1269/1062
f 940/1267/1060 938/1268/1060 941/1272/1063 943/1271/1063
f 941/1270/1061 942/1269/1061 945/1273/1064 944/1274/1064
f 942/1269/1062 943/1271/1062 946/1275/1065 945/1273/1065
f 943/1271/1063 941/1272/1063 944/1276/1066 946/1275/1066
f 944/1274/1064 945/1273/1064 948/1277/1067 947/1278/1067
f 945/1273/1065 946/1275/1065 949/1279/1068 948/1277/1068
f 946/1275/1066 944/1276/1066 947/1280/1069 949/1279/1069
f 947/1278/1067 948/1277/1067 951/1281/1070 950/1282/1070
f 948/1277/1068 949/1279/1068 952/1283/1071 951/1281/1071
f 949/1279/1069 947/1280/1069 950/1284/1072 952/1283/1072
f 950/1282/1070 951/1281/1070 954/1285/1073 953/1286/1073
f 951/1281/1071 952/1283/1071 955/1287/1074 954/1285/1074
f 952/1283/1072 950/1284/1072 953/1288/1075 955/1287/1075
f 953/1286/1073 954/1285/1073 928/1289/1076
f 954/1285/1074 955/1287/1074 928/1290/1077
f 955/1287/1075 953/1288/1075 928/1291/1078
f 959/1292/1079 958/1293/1079 956/1294/1080
f 960/1295/1081 959/1292/1081 956/1296/1082
f 958/1297/1083 960/1295/1083 956/1298/1084
f 958/1293/1079 959/1292/1079 962/1299/1085 961/1300/1085
f 959/1292/1081 960/1295/1081 963/1301/1086 962/1299/1086
f 960/1295/1083 958/1297/1083 961/1302/1087 963/1301/1087
f 961/1300/1085 962/1299/1085 965/1303/1088 964/1304/1088
f 962/1299/1086 963/1301/1086 966/1305/1089 965/1303/1089
f 963/1301/1087 961/1302/1087 964/1306/1090 966/1305/1090
f 964/1304/1088 965/1303/1088 968/1307/1091 967/1308/1091
f 965/1303/1089 966/1305/1089 969/1309/1092 968/1307/1092
f 966/1305/1090 964/1306/1090 967/1310/1093 969/1309/1093
f 967/1308/1091 968/1307/1091 971/1311/1094 970/1312/1094
f 968/1307/1092 969/1309/1092 972/1313/1095 971/1311/1095
f 969/1309/1093 967/1310/1093 970/1314/1096 972/1313/1096
f 970/1312/1094 971/1311/1094 974/1315/1097 973/1316/1097
f 971/1311/1095 972/1313/1095 975/1317/1098 974/1315/1098
f 972/1313/1096 970/1314/1096 973/1318/1099 975/1317/1099
f 973/1316/1097 974/1315/1097 977/1319/1100 976/1320/1100
f 974/1315/1098 975/1317/1098 978/1321/1101 977/1319/1101
f 975/1317/1099 973/1318/1099 976/1322/1102 978/1321/1102
f 976/1320/1100 977/1319/1100 980/1323/1103 979/1324/1103
f 977/1319/1101 978/1321/1101 981/1325/1104 980/1323/1104
f 978/1321/1102 976/1322/1102 979/1326/1105 981/1325/1105
f 979/1324/1103 980/1323/1103 983/1327/1106 982/1328/1106
f 980/1323/1104 981/1325/1104 984/1329/1107 983/1327/1107
f 981/1325/1105 979/1326/1105 982/1330/1108 984/1329/1108
f 982/1328/1106 983/1327/1106 957/1331/1109
f 983/1327/1107 984/1329/1107 957/1332/1110
f 984/1329/1108 982/1330/1108 957/1333/1111
f 988/1334/1112 987/1335/1112 985/1336/1113
f 989/1337/1114 988/1334/1114 985/1338/1115
f 987/1339/1116 989/1337/1116 985/1340/1117
f 987/1335/1112 988/1334/1112 991/1341/1118 990/1342/1118
f 988/1334/1114 989/1337/1114 992/1343/1119 991/1341/1119
f 989/1337/1116 987/1339/1116 990/1344/1120 992/1343/1120
f 990/1342/1118 991/1341/1118 994/1345/1121 993/1346/1121
f 991/1341/1119 992/1343/1119 995/1347/1122 994/1345/1122
f 992/1343/1120 990/1344/1120 993/1348/1123 995/1347/1123
f 993/1346/1121 994/1345/1121 997/1349/1124 996/1350/1124
f 994/1345/1122 995/1347/1122 998/1351/1125 997/1349/1125
f 995/1347/1123 993/1348/1123 996/1352/1126 998/1351/1126
f 996/1350/1124 997/1349/1124 1000/1353/1127 999/1354/1127
f 997/1349/1125 998/1351/1125 1001/1355/1128 1000/1353/1128
f 998/1351/1126 996/1352/1126 999/1356/1129 1001/1355/1129
f 999/1354/1127 1000/1353/1127 1003/1357/1130 1002/1358/1130
f 1000/1353/1128 1001/1355/1128 1004/1359/1131 1003/1357/1131
f 1001/1355/1129 999/1356/1129 1002/1360/1132 1004/1359/1132
f 1002/1358/1130 1003/1357/1130 1006/1361/1133 1005/1362/1133
f 1003/1357/1131 1004/1359/1131 1007/1363/1134 1006/1361/1134
f 1004/1359/1132 1002/1360/1132 1005/1364/1135 1007/1363/1135
f 1005/1362/1133 1006/1361/1133 1009/1365/1136 1008/1366/1136
f 1006/1361/1134 1007/1363/1134 1010/1367/1137 1009/1365/1137
f 1007/1363/1135 1005/1364/1135 1008/1368/1138 1010/1367/1138
f 1008/1366/1136 1009/1365/1136 1012/1369/1139 1011/1370/1139
f 1009/1365/1137 1010/1367/1137 1013/1371/1140 1012/1369/1140
f 1010/1367/1138 1008/1368/1138 1011/1372/1141 1013/1371/1141
f 1011/1370/1139 1012/1369/1139 986/1373/1142
f 1012/1369/1140 1013/1371/1140 986/1374/1143
f 1013/1371/1141 1011/1372/1141 986/1375/1144
f 1017/1376/1145 1016/1377/1145 1014/1378/1146
f 1018/1379/1147 1017/1376/1147 1014/1380/1148
f 1016/1381/1149 1018/1379/1149 1014/1382/1150
f 1016/1377/1145 1017/1376/1145 1020/1383/1151 1019/1384/1151
f 1017/1376/1147 1018/1379/1147 1021/1385/1152 1020/1383/1152
f 1018/1379/1149 1016/1381/1149 1019/1386/1153 1021/1385/1153
f 1019/1384/1151 1020/1383/1151 1023/1387/1154 1022/1388/1154
f 1020/1383/1152 1021/1385/1152 1024/1389/1155 1023/1387/1155
f 1021/1385/1153 1019/1386/1153 1022/1390/1156 1024/1389/1156
f 1022/1388/1154 1023/1387/1154 1026/1391/1157 1025/1392/1157
f 1023/1387/1155 1024/1389/1155 1027/1393/1158 1026/1391/1158
f 1024/1389/1156 1022/1390/1156 1025/1394/1159 1027/1393/1159
f 1025/1392/1157 1026/1391/1157 1029/1395/1160 1028/1396/1160
f 1026/1391/1158 1027/1393/1158 1030/1397/1161 1029/1395/1161
f 1027/1393/1159 1025/1394/1159 1028/1398/1162 1030/1397/1162
f 1028/1396/1160 1029/1395/1160 1032/1399/1163 1031/1400/1163
f 1029/1395/1161 1030/1397/1161 1033/1401/1164 1032/1399/1164
f 1030/1397/1162 1028/1398/1162 1031/1402/1165 1033/1401/1165
f 1031/1400/1163 1032/1399/1163 1035/1403/1166 1034/1404/1166
f 1032/1399/1164 1033/1401/1164 1036/1405/1167 1035/1403/1167
f 1033/1401/1165 1031/1402/1165 1034/1406/1168 1036/1405/1168
f 1034/1404/1166 1035/1403/1166 1038/1407/1169 1037/1408/1169
f 1035/1403/1167 1036/1405/1167 1039/1409/1170 1038/1407/1170
f 1036/1405/1168 1034/1406/1168 1037/1410/1171 1039/1409/1171
f 1037/1408/1169 1038/1407/1169 1041/1411/1172 1040/1412/1172
f 1038/1407/1170 1039/1409/1170 1042/1413/1173 1041/1411/1173
f 1039/1409/1171 1037/1410/1171 1040/1414/1174 1042/1413/1174
f 1040/1412/1172 1041/1411/1172 1015/1415/1175
f 1041/1411/1173 1042/1413/1173 1015/1416/1176
f 1042/1413/1174 1040/1414/1174 1015/1417/1177
f 1046/1418/1178 1045/1419/1178 1043/1420/1179
f 1047/1421/1180 1046/1418/1180 1043/1422/1181
f 1045/1423/1182 1047/1421/1182 1043/1424/1183
f 1045/1419/1178 1046/1418/1178 1049/1425/1184 1048/1426/1184
f 1046/1418/1180 1047/1421/1180 1050/1427/1185 1049/1425/1185
f 1047/1421/1182 1045/1423/1182 1048/1428/1186 1050/1427/1186
f 1048/1426/1184 1049/1425/1184 1052/1429/1187 1051/1430/1187
f 1049/1425/1185 1050/1427/1185 1053/1431/1188 1052/1429/1188
f 1050/1427/1186 1048/1428/1186 1051/1432/1189 1053/1431/1189
f 1051/1430/1187 1052/1429/1187 1055/1433/1190 1054/1434/1190
f 1052/1429/1188 1053/1431/1188 1056/1435/1191 1055/1433/1191
f 1053/1431/1189 1051/1432/1189 1054/1436/1192 1056/1435/1192
f 1054/1434/1190 1055/1433/1190 1058/1437/1193 1057/1438/1193
f 1055/1433/1191 1056/1435/1191 1059/1439/1194 1058/1437/1194
f 1056/1435/1192 1054/1436/1192 1057/1440/1195 1059/1439/1195
f 1057/1438/1193 1058/1437/1193 1061/1441/1196 1060/1442/1196
f 1058/1437/1194 1059/1439/1194 1062/1443/1197 1061/1441/1197
f 1059/1439/1195 1057/1440/1195 1060/1444/1198 1062/1443/1198
f 1060/1442/1196 1061/1441/1196 1064/1445/1199 1063/1446/1199
f 1061/1441/1197 1062/1443/1197 1065/1447/1200 1064/1445/1200
f 1062/1443/1198 1060/1444/1198 1063/1448/1201 1065/1447/1201
f 1063/1446/1199 1064/1445/1199 1067/1449/1202 1066/1450/1202
f 1064/1445/1200 1065/1447/1200 1068/1451/1203 1067/1449/1203
f 1065/1447/1201 1063/1448/1201 1066/1452/1204 1068/1451/1204
f 1066/1450/1202 1067/1449/1202 1070/1453/1205 1069/1454/1205
f 1067/1449/1203 1068/1451/1203 1071/1455/1206 1070/1453/1206
f 1068/1451/1204 1066/1452/1204 1069/1456/1207 1071/1455/1207
f 1069/1454/1205 1070/1453/1205 1044/1457/1208
f 1070/1453/1206 1071/1455/1206 1044/1458/1209
f 1071/1455/1207 1069/1456/1207 1044/1459/1210
f 1075/1460/1211 1074/1461/1211 1072/1462/1212
f 1076/1463/1213 1075/1460/1213 1072/1464/1214
f 1074/1465/1215 1076/1463/1215 1072/1466/1216
f 1074/1461/1211 1075/1460/1211 1078/1467/1217 1077/1468/1217
f 1075/1460/1213 1076/1463/1213 1079/1469/1218 1078/1467/1218
f 1076/1463/1215 1074/1465/1215 1077/1470/1219 1079/1469/1219
f 1077/1468/1217 1078/1467/1217 1081/1471/1220 1080/1472/1220
f 1078/1467/1218 1079/1469/1218 1082/1473/1221 1081/1471/1221
f 1079/1469/1219 1077/1470/1219 1080/1474/1222 1082/1473/1222
f 1080/1472/1220 1081/1471/1220 1084/1475/1223 1083/1476/1223
f 1081/1471/1221 1082/1473/1221 1085/1477/1224 1084/1475/1224
f 1082/1473/1222 1080/1474/1222 1083/1478/1225 1085/1477/1225
f 1083/1476/1223 1084/1475/1223 1087/1479/1226 1086/1480/1226
f 1084/1475/1224 1085/1477/1224 1088/1481/1227 1087/1479/1227
f 1085/1477/1225 1083/1478/1225 1086/1482/1228 1088/1481/1228
f 1086/1480/1226 1087/1479/1226 1090/1483/1229 1089/1484/1229
f 1087/1479/1227 1088/1481/1227 1091/1485/1230 1090/1483/1230
f 1088/1481/1228 1086/1482/1228 1089/1486/1231 1091/1485/1231
f 1089/1484/1229 1090/1483/1229 1093/1487/1232 1092/1488/1232
f 1090/1483/1230 1091/1485/1230 1094/1489/1233 1093/1487/1233
f 1091/1485/1231 1089/1486/1231 1092/1490/1234 1094/1489/1234
f 1092/1488/1232 1093/1487/1232 1096/1491/1235 1095/1492/1235
f 1093/1487/1233 1094/1489/1233 1097/1493/1236 1096/1491/1236
f 1094/1489/1234 1092/1490/1234 1095/1494/1237 1097/1493/1237
f 1095/1492/1235 1096/1491/1235 1099/1495/1238 1098/1496/1238
f 1096/1491/1236 1097/1493/1236 1100/1497/1239 1099/1495/1239
f 1097/1493/1237 1095/1494/1237 1098/1498/1240 1100/1497/1240
f 1098/1496/1238 1099/1495/1238 1073/1499/1241
f 1099/1495/1239 1100/1497/1239 1073/1500/1242
f 1100/1497/1240 1098/1498/1240 1073/1501/1243
f 1104/1502/1244 1103/1503/1244 1101/1504/1245
f 1105/1505/1246 1104/1502/1246 1101/1506/1247
f 1103/1507/1248 1105/1505/1248 1101/1508/1249
f 1103/1503/1244 1104/1502/1244 1107/1509/1250 1106/1510/1250
f 1104/1502/1246 1105/1505/1246 1108/1511/1251 1107/1509/1251
f 1105/1505/1248 1103/1507/1248 1106/1512/1252 1108/1511/1252
f 1106/1510/1250 1107/1509/1250 1110/1513/1253 1109/1514/1253
f 1107/1509/1251 1108/1511/1251 1111/1515/1254 1110/1513/1254
f 1108/1511/1252 1106/1512/1252 1109/1516/1255 1111/1515/1255
f 1109/1514/1253 1110/1513/1253 1113/1517/1256 1112/1518/1256
f 1110/1513/1254 1111/1515/1254 1114/1519/1257 1113/1517/1257
f 1111/1515/1255 1109/1516/1255 1112/1520/1258 1114/1519/1258
f 1112/1518/1256 1113/1517/1256 1116/1521/1259 1115/1522/1259
f 1113/1517/1257 1114/1519/1257 1117/1523/1260 1116/1521/1260
f 1114/1519/1258 1112/1520/1258 1115/1524/1261 1117/1523/1261
f 1115/1522/1259 1116/1521/1259 1119/1525/1262 1118/1526/1262
f 1116/1521/1260 1117/1523/1260 1120/1527/1263 1119/1525/1263
f 1117/1523/1261 1115/1524/1261 1118/1528/1264 1120/1527/1264
f 1118/1526/1262 1119/1525/1262 1122/1529/1265 1121/1530/1265
f 1119/1525/1263 1120/1527/1263 1123/1531/1266 1122/1529/1266
f 1120/1527/1264 1118/1528/1264 1121/1532/1267 1123/1531/1267
f 1121/1530/1265 1122/1529/1265 1125/1533/1268 1124/1534/1268
f 1122/1529/1266 1123/1531/1266 1126/1535/1269 1125/1533/1269
f 1123/1531/1267 1121/1532/1267 1124/1536/1270 1126/1535/1270
f 1124/1534/1268 1125/1533/1268 1128/1537/1271 1127/1538/1271
f 1125/1533/1269 1126/1535/1269 1129/1539/1272 1128/1537/1272
f 1126/1535/1270 1124/1536/1270 1127/1540/1273 1129/1539/1273
f 1127/1538/1271 1128/1537/1271 1102/1541/1274
f 1128/1537/1272 1129/1539/1272 1102/1542/1275
f 1129/1539/1273 1127/1540/1273 1102/1543/1276
f 1133/1544/1277 1132/1545/1277 1130/1546/1278
f 1134/1547/1279 1133/1544/1279 1130/1548/1280
f 1132/1549/1281 1134/1547/1281 1130/1550/1282
f 1132/1545/1277 1133/1544/1277 1136/1551/1283 1135/1552/1283
f 1133/1544/1279 1134/1547/1279 1137/1553/1284 1136/1551/1284
f 1134/1547/1281 1132/1549/1281 1135/1554/1285 1137/1553/1285
f 1135/1552/1283 1136/1551/1283 1139/1555/1286 1138/1556/1286
f 1136/1551/1284 1137/1553/1284 1140/1557/1287 1139/1555/1287
f 1137/1553/1285 1135/1554/1285 1138/1558/1288 1140/1557/1288
f 1138/1556/1286 1139/1555/1286 1142/1559/1289 1141/1560/1289
f 1139/1555/1287 1140/1557/1287 1143/1561/1290 1142/1559/1290
f 1140/1557/1288 1138/1558/1288 1141/1562/1291 1143/1561/1291
f 1141/1560/1289 1142/1559/1289 1145/1563/1292 1144/1564/1292
f 1142/1559/1290 1143/1561/1290 1146/1565/1293 1145/1563/1293
f 1143/1561/1291 1141/1562/1291 1144/1566/1294 1146/1565/1294
f 1144/1564/1292 1145/1563/1292 1148/1567/1295 1147/1568/1295
f 1145/1563/1293 1146/1565/1293 1149/1569/1296 1148/1567/1296
f 1146/1565/1294 1144/1566/1294 1147/1570/1297 1149/1569/1297
f 1147/1568/1295 1148/1567/1295 1151/1571/1298 1150/1572/1298
f 1148/1567/1296 1149/1569/1296 1152/1573/1299 1151/1571/1299
f 1149/1569/1297 1147/1570/1297 1150/1574/1300 1152/1573/1300
f 1150/1572/1298 1151/1571/1298 1154/1575/1301 1153/1576/1301
f 1151/1571/1299 1152/1573/1299 1155/1577/1302 1154/1575/1302
f 1152/1573/1300 1150/1574/1300 1153/1578/1303 1155/1577/1303
f 1153/1576/1301 1154/1575/1301 1157/1579/1304 1156/1580/1304
f 1154/1575/1302 1155/1577/1302 1158/1581/1305 1157/1579/1305
f 1155/1577/1303 1153/1578/1303 1156/1582/1306 1158/1581/1306
f 1156/1580/1304 1157/1579/1304 1131/1583/1307
f 1157/1579/1305 1158/1581/1305 1131/1584/1308
f 1158/1581/1306 1156/1582/1306 1131/1585/1309
f 1162/1586/1310 1161/1587/1310 1159/1588/1311
f 1163/1589/1312 1162/1586/1312 1159/1590/1313
f 1161/1591/1314 1163/1589/1314 1159/1592/1315
f 1161/1587/1310 1162/1586/1310 1165/1593/1316 1164/1594/1316
f 1162/1586/1312 1163/1589/1312 1166/1595/1317 1165/1593/1317
f 1163/1589/1314 1161/1591/1314 1164/1596/1318 1166/1595/1318
f 1164/1594/1316 1165/1593/1316 1168/1597/1319 1167/1598/1319
f 1165/1593/1317 1166/1595/1317 1169/1599/1320 1168/1597/1320
f 1166/1595/1318 1164/1596/1318 1167/1600/1321 1169/1599/1321
f 1167/1598/1319 1168/1597/1319 1171/1601/1322 1170/1602/1322
f 1168/1597/1320 1169/1599/1320 1172/1603/1323 1171/1601/1323
f 1169/1599/1321 1167/1600/1321 1170/1604/1324 1172/1603/1324
f 1170/1602/1322 1171/1601/1322 1174/1605/1325 1173/1606/1325
f 1171/1601/1323 1172/1603/1323 1175/1607/1326 1174/1605/1326
f 1172/1603/1324 1170/1604/1324 1173/1608/1327 1175/1607/1327
f 1173/1606/1325 1174/1605/1325 1177/1609/1328 1176/1610/1328
f 1174/1605/1326 1175/1607/1326 1178/1611/1329 1177/1609/1329
f 1175/1607/1327 1173/1608/1327 1176/1612/1330 1178/1611/1330
f 1176/1610/1328 1177/1609/1328 1180/1613/1331 1179/1614/1331
f 1177/1609/1329 1178/1611/1329 1181/1615/1332 1180/1613/1332
f 1178/1611/1330 1176/1612/1330 1179/1616/1333 1181/1615/1333
f 1179/1614/1331 1180/1613/1331 1183/1617/1334 1182/1618/1334
f 1180/1613/1332 1181/1615/1332 1184/1619/1335 1183/1617/1335
f 1181/1615/1333 1179/1616/1333 1182/1620/1336 1184/1619/1336
f 1182/1618/1334 1183/1617/1334 1186/1621/1337 1185/1622/1337
f 1183/1617/1335 1184/1619/1335 1187/1623/1338 1186/1621/1338
f 1184/1619/1336 1182/1620/1336 1185/1624/1339 1187/1623/1339
f 1185/1622/1337 1186/1621/1337 1160/1625/1340
f 1186/1621/1338 1187/1623/1338 1160/1626/1341
f 1187/1623/1339 1185/1624/1339 1160/1627/1342
f 1191/1628/1343 1190/1629/1343 1188/1630/1344
f 1192/1631/1345 1191/1628/1345 1188/1632/1346
f 1190/1633/1347 1192/1631/1347 1188/1634/1348
f 1190/1629/1343 1191/1628/1343 1194/1635/1349 1193/1636/1349
f 1191/1628/1345 1192/1631/1345 1195/1637/1350 1194/1635/1350
f 1192/1631/1347 1190/1633/1347 1193/1638/1351 1195/1637/1351
f 1193/1636/1349 1194/1635/1349 1197/1639/1352 1196/1640/1352
f 1194/1635/1350 1195/1637/1350 1198/1641/1353 1197/1639/1353
f 1195/1637/1351 1193/1638/1351 1196/1642/1354 1198/1641/1354
f 1196/1640/1352 1197/1639/1352 1200/1643/1355 1199/1644/1355
f 1197/1639/1353 1198/1641/1353 1201/1645/1356 1200/1643/1356
f 1198/1641/1354 1196/1642/1354 1199/1646/1357 1201/1645/1357
f 1199/1644/1355 1200/1643/1355 1203/1647/1358 1202/1648/1358
f 1200/1643/1356 1201/1645/1356 1204/1649/1359 1203/1647/1359
f 1201/1645/1357 1199/1646/1357 1202/1650/1360 1204/1649/1360
f 1202/1648/1358 1203/1647/1358 1206/1651/1361 1205/1652/1361
f 1203/1647/1359 1204/1649/1359 1207/1653/1362 1206/1651/1362
f 1204/1649/1360 1202/1650/1360 1205/1654/1363 1207/1653/1363
f 1205/1652/1361 1206/1651/1361 1209/1655/1364 1208/1656/1364
f 1206/1651/1362 1207/1653/1362 1210/1657/1365 1209/1655/1365
f 1207/1653/1363 1205/1654/1363 1208/1658/1366 1210/1657/1366
f 1208/1656/1364 1209/1655/1364 1212/1659/1367 1211/1660/1367
f 1209/1655/1365 1210/1657/1365 1213/1661/1368 1212/1659/1368
f 1210/1657/1366 1208/1658/1366 1211/1662/1369 1213/1661/1369
f 1211/1660/1367 1212/1659/1367 1215/1663/1370 1214/1664/1370
f 1212/1659/1368 1213/1661/1368 1216/1665/1371 1215/1663/1371
f 1213/1661/1369 1211/1662/1369 1214/1666/1372 1216/1665/1372
f 1214/1664/1370 1215/1663/1370 1189/1667/1373
f 1215/1663/1371 1216/1665/1371 1189/1668/1374
f 1216/1665/1372 1214/1666/1372 1189/1669/1375
f 1220/1670/1376 1219/1671/1376 1217/1672/1377
f 1221/1673/1378 1220/1670/1378 1217/1674/1379
f 1219/1675/1380 1221/1673/1380 1217/1676/1381
f 1219/1671/1376 1220/1670/1376 1223/1677/1382 1222/1678/1382
f 1220/1670/1378 1221/1673/1378 1224/1679/1383 1223/1677/1383
f 1221/1673/1380 1219/1675/1380 1222/1680/1384 1224/1679/1384
f 1222/1678/1382 1223/1677/1382 1226/1681/1385 1225/1682/1385
f 1223/1677/1383 1224/1679/1383 1227/1683/1386 1226/1681/1386
f 1224/1679/1384 1222/1680/1384 1225/1684/1387 1227/1683/1387
f 1225/1682/1385 1226/1681/1385 1229/1685/1388 1228/1686/1388
f 1226/1681/1386 1227/1683/1386 1230/1687/1389 1229/1685/1389
f 1227/1683/1387 1225/1684/1387 1228/1688/1390 1230/1687/1390
f 1228/1686/1388 1229/1685/1388 1232/1689/1391 1231/1690/1391
f 1229/1685/1389 1230/1687/1389 1233/1691/1392 1232/1689/1392
f 1230/1687/1390 1228/1688/1390 1231/1692/1393 1233/1691/1393
f 1231/1690/1391 1232/1689/1391 1235/1693/1394 1234/1694/1394
f 1232/1689/1392 1233/1691/1392 1236/1695/1395 1235/1693/1395
f 1233/1691/1393 1231/1692/1393 1234/1696/1396 1236/1695/1396
f 1234/1694/1394 1235/1693/1394 1238/1697/1397 1237/1698/1397
f 1235/1693/1395 1236/1695/1395 1239/1699/1398 1238/1697/1398
f 1236/1695/1396 1234/1696/1396 1237/1700/1399 1239/1699/1399
f 1237/1698/1397 1238/1697/1397 1241/1701/1400 1240/1702/1400
f 1238/1697/1398 1239/1699/1398 1242/1703/1401 1241/1701/1401
f 1239/1699/1399 1237/1700/1399 1240/1704/1402 1242/1703/1402
f 1240/1702/1400 1241/1701/1400 1244/1705/1403 1243/1706/1403
f 1241/1701/1401 1242/1703/1401 1245/1707/1404 1244/1705/1404
f 1242/1703/1402 1240/1704/1402 1243/1708/1405 1245/1707/1405
f 1243/1706/1403 1244/1705/1403 1218/1709/1406
f 1244/1705/1404 1245/1707/1404 1218/1710/1407
f 1245/1707/1405 1243/1708/1405 1218/1711/1408
f 1249/1712/1409 1248/1713/1409 1246/1714/1410
f 1250/1715/1411 1249/1712/1411 1246/1716/1412
f 1248/1717/1413 1250/1715/1413 1246/1718/1414
f 1248/1713/1409 1249/1712/1409 1252/1719/1415 1251/1720/1415
f 1249/1712/1411 1250/1715/1411 1253/1721/1416 1252/1719/1416
f 1250/1715/1413 1248/1717/1413 1251/1722/1417 1253/1721/1417
f 1251/1720/1415 1252/1719/1415 1255/1723/1418 1254/1724/1418
f 1252/1719/1416 1253/1721/1416 1256/1725/1419 1255/1723/1419
f 1253/1721/1417 1251/1722/1417 1254/1726/1420 1256/1725/1420
f 1254/1724/1418 1255/1723/1418 1258/1727/1421 1257/1728/1421
f 1255/1723/1419 1256/1725/1419 1259/1729/1422 1258/1727/1422
f 1256/1725/1420 1254/1726/1420 1257/1730/1423 1259/1729/1423
f 1257/1728/1421 1258/1727/1421 1261/1731/1424 1260/1732/1424
f 1258/1727/1422 1259/1729/1422 1262/1733/1425 1261/1731/1425
f 1259/1729/1423 1257/1730/1423 1260/1734/1426 1262/1733/1426
f 1260/1732/1424 1261/1731/1424 1264/1735/1427 1263/1736/1427
f 1261/1731/1425 1262/1733/1425 1265/1737/1428 1264/1735/1428
f 1262/1733/1426 1260/1734/1426 1263/1738/1429 1265/1737/1429
f 1263/1736/1427 1264/1735/1427 1267/1739/1430 1266/1740/1430
f 1264/1735/1428 1265/1737/1428 1268/1741/1431 1267/1739/1431
f 1265/1737/1429 1263/1738/1429 1266/1742/1432 1268/1741/1432
f 1266/1740/1430 1267/1739/1430 1270/1743/1433 1269/1744/1433
f 1267/1739/1431 1268/1741/1431 1271/1745/1434 1270/1743/1434
f 1268/1741/1432 1266/1742/1432 1269/1746/1435 1271/1745/1435
f 1269/1744/1433 1270/1743/1433 1273/1747/1436 1272/1748/1436
f 1270/1743/1434 1271/1745/1434 1274/1749/1437 1273/1747/1437
f 1271/1745/1435 1269/1746/1435 1272/1750/1438 1274/1749/1438
f 1272/1748/1436 1273/1747/1436 1247/1751/1439
f 1273/1747/1437 1274/1749/1437 1247/1752/1440
f 1274/1749/1438 1272/1750/1438 1247/1753/1441
f 1278/1754/1442 1277/1755/1442 1275/1756/1443
f 1279/1757/1444 1278/1754/1444 1275/1758/1445
f 1277/1759/1446 1279/1757/1446 1275/1760/1447
f 1277/1755/1442 1278/1754/1442 1281/1761/1448 1280/1762/1448
f 1278/1754/1444 1279/1757/1444 1282/1763/1449 1281/1761/1449
f 1279/1757/1446 1277/1759/1446 1280/1764/1450 1282/1763/1450
f 1280/1762/1448 1281/1761/1448 1284/1765/1451 1283/1766/1451
f 1281/1761/1449 1282/1763/1449 1285/1767/1452 1284/1765/1452
f 1282/1763/1450 1280/1764/1450 1283/1768/1453 1285/1767/1453
f 1283/1766/1451 1284/1765/1451 1287/1769/1454 1286/1770/1454
f 1284/1765/1452 1285/1767/1452 1288/1771/1455 1287/1769/1455
f 1285/1767/1453 1283/1768/1453 1286/1772/1456 1288/1771/1456
f 1286/1770/1454 1287/1769/1454 1290/1773/1457 1289/1774/1457
f 1287/1769/1455 1288/1771/1455 1291/1775/1458 1290/1773/1458
f 1288/1771/1456 1286/1772/1456 1289/1776/1459 1291/1775/1459
f 1289/1774/1457 1290/1773/1457 1293/1777/1460 1292/1778/1460
f 1290/1773/1458 1291/1775/1458 1294/1779/1461 1293/1777/1461
f 1291/1775/1459 1289/1776/1459 1292/1780/1462 1294/1779/1462
f 1292/1778/1460 1293/1777/1460 1296/1781/1463 1295/1782/1463
f 1293/1777/1461 1294/1779/1461 1297/1783/1464 1296/1781/1464
f 1294/1779/1462 1292/1780/1462 1295/1784/1465 1297/1783/1465
f 1295/1782/1463 1296/1781/1463 1299/1785/1466 1298/1786/1466
f 1296/1781/1464 1297/1783/1464 1300/1787/1467 1299/1785/1467
f 1297/1783/1465 1295/1784/1465 1298/1788/1468 1300/1787/1468
f 1298/1786/1466 1299/1785/1466 1302/1789/1469 1301/1790/1469
f 1299/1785/1467 1300/1787/1467 1303/1791/1470 1302/1789/1470
f 1300/1787/1468 1298/1788/1468 1301/1792/1471 1303/1791/1471
f 1301/1790/1469 1302/1789/1469 1305/1793/1472 1304/1794/1472
f 1302/1789/1470 1303/1791/1470 1306/1795/1473 1305/1793/1473
f 1303/1791/1471 1301/1792/1471 1304/1796/1474 1306/1795/1474
f 1304/1794/1472 1305/1793/1472 1276/1797/1475
f 1305/1793/1473 1306/1795/1473 1276/1798/1476
f 1306/1795/1474 1304/1796/1474 1276/1799/1477
f 1310/1800/1478 1309/1801/1478 1307/1802/1479
f 1311/1803/1480 1310/1800/1480 1307/1804/1481
f 1309/1805/1482 1311/1803/1482 1307/1806/1483
f 1309/1801/1478 1310/1800/1478 1313/1807/1484 1312/1808/1484
f 1310/1800/1480 1311/1803/1480 1314/1809/1485 1313/1807/1485
f 1311/1803/1482 1309/1805/1482 1312/1810/1486 1314/1809/1486
f 1312/1808/1484 1313/1807/1484 1316/1811/1487 1315/1812/1487
f 1313/1807/1485 1314/1809/1485 1317/1813/1488 1316/1811/1488
f 1314/1809/1486 1312/1810/1486 1315/1814/1489 1317/1813/1489
f 1315/1812/1487 1316/1811/1487 1319/1815/1490 1318/1816/1490
f 1316/1811/1488 1317/1813/1488 1320/1817/1491 1319/1815/1491
f 1317/1813/1489 1315/1814/1489 1318/1818/1492 1320/1817/1492
f 1318/1816/1490 1319/1815/1490 1322/1819/1493 1321/1820/1493
f 1319/1815/1491 1320/1817/1491 1323/1821/1494 1322/1819/1494
f 1320/1817/1492 1318/1818/1492 1321/1822/1495 1323/1821/1495
f 1321/1820/1493 1322/1819/1493 1325/1823/1496 1324/1824/1496
f 1322/1819/1494 1323/1821/1494 1326/1825/1497 1325/1823/1497
f 1323/1821/1495 1321/1822/1495 1324/1826/1498 1326/1825/1498
f 1324/1824/1496 1325/1823/1496 1328/1827/1499 1327/1828/1499
f 1325/1823/1497 1326/1825/1497 1329/1829/1500 1328/1827/1500
f 1326/1825/1498 1324/1826/1498 1327/1830/1501 1329/1829/1501
f 1327/1828/1499 1328/1827/1499 1331/1831/1502 1330/1832/1502
f 1328/1827/1500 1329/1829/1500 1332/1833/1503 1331/1831/1503
f 1329/1829/1501 1327/1830/1501 1330/1834/1504 1332/1833/1504
f 1330/1832/1502 1331/1831/1502 1334/1835/1505 1333/1836/1505
f 1331/1831/1503 1332/1833/1503 1335/1837/1506 1334/1835/1506
f 1332/1833/1504 1330/1834/1504 1333/1838/1507 1335/1837/1507
f 1333/1836/1505 1334/1835/1505 1337/1839/1508 1336/1840/1508
f 1334/1835/1506 1335/1837/1506 1338/1841/1509 1337/1839/1509
f 1335/1837/1507 1333/1838/1507 1336/1842/1510 1338/1841/1510
f 1336/1840/1508 1337/1839/1508 1308/1843/1511
f 1337/1839/1509 1338/1841/1509 1308/1844/1512
f 1338/1841/1510 1336/1842/1510 1308/1845/1513
f 1342/1846/1514 1341/1847/1514 1339/1848/1515
f 1343/1849/1516 1342/1846/1516 1339/1850/1517
f 1341/1851/1518 1343/1849/1518 1339/1852/1519
f 1341/1847/1514 1342/1846/1514 1345/1853/1520 1344/1854/1520
f 1342/1846/1516 1343/1849/1516 1346/1855/1521 1345/1853/1521
f 1343/1849/1518 1341/1851/1518 1344/1856/1522 1346/1855/1522
f 1344/1854/1520 1345/1853/1520 1348/1857/1523 1347/1858/1523
f 1345/1853/1521 1346/1855/1521 1349/1859/1524 1348/1857/1524
f 1346/1855/1522 1344/1856/1522 1347/1860/1525 1349/1859/1525
f 1347/1858/1523 1348/1857/1523 1351/1861/1526 1350/1862/1526
f 1348/1857/1524 1349/1859/1524 1352/1863/1527 1351/1861/1527
f 1349/1859/1525 1347/1860/1525 1350/1864/1528 1352/1863/1528
f 1350/1862/1526 1351/1861/1526 1354/1865/1529 1353/1866/1529
f 1351/1861/1527 1352/1863/1527 1355/1867/1530 1354/1865/1530
f 1352/1863/1528 1350/1864/1528 1353/1868/1531 1355/1867/1531
f 1353/1866/1529 1354/1865/1529 1357/1869/1532 1356/1870/1532
f 1354/1865/1530 1355/1867/1530 1358/1871/1533 1357/1869/1533
f 1355/1867/1531 1353/1868/1531 1356/1872/1534 1358/1871/1534
f 1356/1870/1532 1357/1869/1532 1360/1873/1535 1359/1874/1535
f 1357/1869/1533 1358/1871/1533 1361/1875/1536 1360/1873/1536
f 1358/1871/1534 1356/1872/1534 1359/1876/1537 1361/1875/1537
f 1359/1874/1535 1360/1873/1535 1363/1877/1538 1362/1878/1538
f 1360/1873/1536 1361/1875/1536 1364/1879/1539 1363/1877/1539
f 1361/1875/1537 1359/1876/1537 1362/1880/1540 1364/1879/1540
f 1362/1878/1538 1363/1877/1538 1366/1881/1541 1365/1882/1541
f 1363/1877/1539 1364/1879/1539 1367/1883/1542 1366/1881/1542
f 1364/1879/1540 1362/1880/1540 1365/1884/1543 1367/1883/1543
f 1365/1882/1541 1366/1881/1541 1369/1885/1544 1368/1886/1544
f 1366/1881/1542 1367/1883/1542 1370/1887/1545 1369/1885/1545
f 1367/1883/1543 1365/1884/1543 1368/1888/1546 1370/1887/1546
f 1368/1886/1544 1369/1885/1544 1340/1889/1547
f 1369/1885/1545 1370/1887/1545 1340/1890/1548
f 1370/1887/1546 1368/1888/1546 1340/1891/1549
f 1374/1892/1550 1373/1893/1550 1371/1894/1551
f 1375/1895/1552 1374/1892/1552 1371/1896/1553
f 1373/1897/1554 1375/1895/1554 1371/1898/1555
f 1373/1893/1550 1374/1892/1550 1377/1899/1556 1376/1900/1556
f 1374/1892/1552 1375/1895/1552 1378/1901/1557 1377/1899/1557
f 1375/1895/1554 1373/1897/1554 1376/1902/1558 1378/1901/1558
f 1376/1900/1556 1377/1899/1556 1380/1903/1559 1379/1904/1559
f 1377/1899/1557 1378/1901/1557 1381/1905/1560 1380/1903/1560
f 1378/1901/1558 1376/1902/1558 1379/1906/1561 1381/1905/1561
f 1379/1904/1559 1380/1903/1559 1383/1907/1562 1382/1908/1562
f 1380/1903/1560 1381/1905/1560 1384/1909/1563 1383/1907/1563
f 1381/1905/1561 1379/1906/1561 1382/1910/1564 1384/1909/1564
f 1382/1908/1562 1383/1907/1562 1386/1911/1565 1385/1912/1565
f 1383/1907/1563 1384/1909/1563 1387/1913/1566 1386/1911/1566
f 1384/1909/1564 1382/1910/1564 1385/1914/1567 1387/1913/1567
f 1385/1912/1565 1386/1911/1565 1389/1915/1568 1388/1916/1568
f 1386/1911/1566 1387/1913/1566 1390/1917/1569 1389/1915/1569
f 1387/1913/1567 1385/1914/1567 1388/1918/1570 1390/1917/1570
f 1388/1916/1568 1389/1915/1568 1392/1919/1571 1391/1920/1571
f 1389/1915/1569 1390/1917/1569 1393/1921/1572 1392/1919/1572
f 1390/1917/1570 1388/1918/1570 1391/1922/1573 1393/1921/1573
f 1391/1920/1571 1392/1919/1571 1395/1923/1574 1394/1924/1574
f 1392/1919/1572 1393/1921/1572 1396/1925/1575 1395/1923/1575
f 1393/1921/1573 1391/1922/1573 1394/1926/1576 1396/1925/1576
f 1394/1924/1574 1395/1923/1574 1398/1927/1577 1397/1928/1577
f 1395/1923/1575 1396/1925/1575 1399/1929/1578 1398/1927/1578
f 1396/1925/1576 1394/1926/1576 1397/1930/1579 1399/1929/1579
f 1397/1928/1577 1398/1927/1577 1401/1931/1580 1400/1932/1580
f 1398/1927/1578 1399/1929/1578 1402/1933/1581 1401/1931/1581
f 1399/1929/1579 1397/1930/1579 1400/1934/1582 1402/1933/1582
f 1400/1932/1580 1401/1931/1580 1372/1935/1583
f 1401/1931/1581 1402/1933/1581 1372/1936/1584
f 1402/1933/1582 1400/1934/1582 1372/1937/1585
f 1406/1938/1586 1405/1939/1586 1403/1940/1587
f 1407/1941/1588 1406/1938/1588 1403/1942/1589
f 1405/1943/1590 1407/1941/1590 1403/1944/1591
f 1405/1939/1586 1406/1938/1586 1409/1945/1592 1408/1946/1592
f 1406/1938/1588 1407/1941/1588 1410/1947/1593 1409/1945/1593
f 1407/1941/1590 1405/1943/1590 1408/1948/1594 1410/1947/1594
f 1408/1946/1592 1409/1945/1592 1412/1949/1595 1411/1950/1595
f 1409/1945/1593 1410/1947/1593 1413/1951/1596 1412/1949/1596
f 1410/1947/1594 1408/1948/1594 1411/1952/1597 1413/1951/1597
f 1411/1950/1595 1412/1949/1595 1415/1953/1598 1414/1954/1598
f 1412/1949/1596 1413/1951/1596 1416/1955/1599 1415/1953/1599
f 1413/1951/1597 1411/1952/1597 1414/1956/1600 1416/1955/1600
f 1414/1954/1598 1415/1953/1598 1418/1957/1601 1417/1958/1601
f 1415/1953/1599 1416/1955/1599 1419/1959/1602 1418/1957/1602
f 1416/1955/1600 1414/1956/1600 1417/1960/1603 1419/1959/1603
f 1417/1958/1601 1418/1957/1601 1421/1961/1604 1420/1962/1604
f 1418/1957/1602 1419/1959/1602 1422/1963/1605 1421/1961/1605
f 1419/1959/1603 1417/1960/1603 1420/1964/1606 1422/1963/1606
f 1420/1962/1604 1421/1961/1604 1424/1965/1607 1423/1966/1607
f 1421/1961/1605 1422/1963/1605 1425/1967/1608 1424/1965/1608
f 1422/1963/1606 1420/1964/1606 1423/1968/1609 1425/1967/1609
f 1423/1966/1607 1424/1965/1607 1427/1969/1610 1426/1970/1610
f 1424/1965/1608 1425/1967/1608 1428/1971/1611 1427/1969/1611
f 1425/1967/1609 1423/1968/1609 1426/1972/1612 1428/1971/1612
f 1426/1970/1610 1427/1969/1610 1430/1973/1613 1429/1974/1613
f 1427/1969/1611 1428/1971/1611 1431/1975/1614 1430/1973/1614
f 1428/1971/1612 1426/1972/1612 1429/1976/1615 1431/1975/1615
f 1429/1974/1613 1430/1973/1613 1433/1977/1616 1432/1978/1616
f 1430/1973/1614 1431/1975/1614 1434/1979/1617 1433/1977/1617
f 1431/1975/1615 1429/1976/1615 1432/1980/1618 1434/1979/1618
f 1432/1978/1616 1433/1977/1616 1404/1981/1619
f 1433/1977/1617 1434/1979/1617 1404/1982/1620
f 1434/1979/1618 1432/1980/1618 1404/1983/1621
f 1438/1984/1622 1437/1985/1622 1435/1986/1623
f 1439/1987/1624 1438/1984/1624 1435/1988/1625
f 1437/1989/1626 1439/1987/1626 1435/1990/1627
f 1437/1985/1622 1438/1984/1622 1441/1991/1628 1440/1992/1628
f 1438/1984/1624 1439/1987/1624 1442/1993/1629 1441/1991/1629
f 1439/1987/1626 1437/1989/1626 1440/1994/1630 1442/1993/1630
f 1440/1992/1628 1441/1991/1628 1444/1995/1631 1443/1996/1631
f 1441/1991/1629 1442/1993/1629 1445/1997/1632 1444/1995/1632
f 1442/1993/1630 1440/1994/1630 1443/1998/1633 1445/1997/1633
f 1443/1996/1631 1444/1995/1631 1447/1999/1634 1446/2000/1634
f 1444/1995/1632 1445/1997/1632 1448/2001/1635 1447/1999/1635
f 1445/1997/1633 1443/1998/1633 1446/2002/1636 1448/2001/1636
f 1446/2000/1634 1447/1999/1634 1450/2003/1637 1449/2004/1637
f 1447/1999/1635 1448/2001/1635 1451/2005/1638 1450/2003/1638
f 1448/2001/1636 1446/2002/1636 1449/2006/1639 1451/2005/1639
f 1449/2004/1637 1450/2003/1637 1453/2007/1640 1452/2008/1640
f 1450/2003/1638 1451/2005/1638 1454/2009/1641 1453/2007/1641
f 1451/2005/1639 1449/2006/1639 1452/2010/1642 1454/2009/1642
f 1452/2008/1640 1453/2007/1640 1456/2011/1643 1455/2012/1643
f 1453/2007/1641 1454/2009/1641 1457/2013/1644 1456/2011/1644
f 1454/2009/1642 1452/2010/1642 1455/2014/1645 1457/2013/1645
f 1455/2012/1643 1456/2011/1643 1459/2015/1646 1458/2016/1646
f 1456/2011/1644 1457/2013/1644 1460/2017/1647 1459/2015/1647
f 1457/2013/1645 1455/2014/1645 1458/2018/1648 1460/2017/1648
f 1458/2016/1646 1459/2015/1646 1462/2019/1649 1461/2020/1649
f 1459/2015/1647 1460/2017/1647 1463/2021/1650 1462/2019/1650
f 1460/2017/1648 1458/2018/1648 1461/2022/1651 1463/2021/1651
f 1461/2020/1649 1462/2019/1649 1465/2023/1652 1464/2024/1652
f 1462/2019/1650 1463/2021/1650 1466/2025/1653 1465/2023/1653
f 1463/2021/1651 1461/2022/1651 1464/2026/1654 1466/2025/1654
f 1464/2024/1652 1465/2023/1652 1436/2027/1655
f 1465/2023/1653 1466/2025/1653 1436/2028/1656
f 1466/2025/1654 1464/2026/1654 1436/2029/1657
f 1470/2030/1658 1469/2031/1658 1467/2032/1659
f 1471/2033/1660 1470/2030/1660 1467/2034/1661
f 1469/2035/1662 1471/2033/1662 1467/2036/1663
f 1469/2031/1658 1470/2030/1658 1473/2037/1664 1472/2038/1664
f 1470/2030/1660 1471/2033/1660 1474/2039/1665 1473/2037/1665
f 1471/2033/1662 1469/2035/1662 1472/2040/1666 1474/2039/1666
f 1472/2038/1664 1473/2037/1664 1476/2041/1667 1475/2042/1667
f 1473/2037/1665 1474/2039/1665 1477/2043/1668 1476/2041/1668
f 1474/2039/1666 1472/2040/1666 1475/2044/1669 1477/2043/1669
f 1475/2042/1667 1476/2041/1667 1479/2045/1670 1478/2046/1670
f 1476/2041/1668 1477/2043/1668 1480/2047/1671 1479/2045/1671
f 1477/2043/1669 1475/2044/1669 1478/2048/1672 1480/2047/1672
f 1478/2046/1670 1479/2045/1670 1482/2049/1673 1481/2050/1673
f 1479/2045/1671 1480/2047/1671 1483/2051/1674 1482/2049/1674
f 1480/2047/1672 1478/2048/1672 1481/2052/1675 1483/2051/1675
f 1481/2050/1673 1482/2049/1673 1485/2053/1676 1484/2054/1676
f 1482/2049/1674 1483/2051/1674 1486/2055/1677 1485/2053/1677
f 1483/2051/1675 1481/2052/1675 1484/2056/1678 1486/2055/1678
f 1484/2054/1676 1485/2053/1676 1488/2057/1679 1487/2058/1679
f 1485/2053/1677 1486/2055/1677 1489/2059/1680 1488/2057/1680
f 1486/2055/1678 1484/2056/1678 1487/2060/1681 1489/2059/1681
f 1487/2058/1679 1488/2057/1679 1491/2061/1682 1490/2062/1682
f 1488/2057/1680 1489/2059/1680 1492/2063/1683 1491/2061/1683
f 1489/2059/1681 1487/2060/1681 1490/2064/1684 1492/2063/1684
f 1490/2062/1682 1491/2061/1682 1494/2065/1685 1493/2066/1685
f 1491/2061/1683 1492/2063/1683 1495/2067/1686 1494/2065/1686
f 1492/2063/1684 1490/2064/1684 1493/2068/1687 1495/2067/1687
f 1493/2066/1685 1494/2065/1685 1497/2069/1688 1496/2070/1688
f 1494/2065/1686 1495/2067/1686 1498/2071/1689 1497/2069/1689
f 1495/2067/1687 1493/2068/1687 1496/2072/1690 1498/2071/1690
f 1496/2070/1688 1497/2069/1688 1468/2073/1691
f 1497/2069/1689 1498/2071/1689 1468/2074/1692
f 1498/2071/1690 1496/2072/1690 1468/2075/1693
f 1502/2076/1694 1501/2077/1694 1499/2078/1695
f 1503/2079/1696 1502/2076/1696 1499/2080/1697
f 1501/2081/1698 1503/2079/1698 1499/2082/1699
f 1501/2077/1694 1502/2076/1694 1505/2083/1700 1504/2084/1700
f 1502/2076/1696 1503/2079/1696 1506/2085/1701 1505/2083/1701
f 1503/2079/1698 1501/2081/1698 1504/2086/1702 1506/2085/1702
f 1504/2084/1700 1505/2083/1700 1508/2087/1703 1507/2088/1703
f 1505/2083/1701 1506/2085/1701 1509/2089/1704 1508/2087/1704
f 1506/2085/1702 1504/2086/1702 1507/2090/1705 1509/2089/1705
f 1507/2088/1703 1508/2087/1703 1511/2091/1706 1510/2092/1706
f 1508/2087/1704 1509/2089/1704 1512/2093/1707 1511/2091/1707
f 1509/2089/1705 1507/2090/1705 1510/2094/1708 1512/2093/1708
f 1510/2092/1706 1511/2091/1706 1514/2095/1709 1513/2096/1709
f 1511/2091/1707 1512/2093/1707 1515/2097/1710 1514/2095/1710
f 1512/2093/1708 1510/2094/1708 1513/2098/1711 1515/2097/1711
f 1513/2096/1709 1514/2095/1709 1517/2099/1712 1516/2100/1712
f 1514/2095/1710 1515/2097/1710 1518/2101/1713 1517/2099/1713
f 1515/2097/1711 1513/2098/1711 1516/2102/1714 1518/2101/1714
f 1516/2100/1712 1517/2099/1712 1520/2103/1715 1519/2104/1715
f 1517/2099/1713 1518/2101/1713 1521/2105/1716 1520/2103/1716
f 1518/2101/1714 1516/2102/1714 1519/2106/1717 1521/2105/1717
f 1519/2104/1715 1520/2103/1715 1523/2107/1718 1522/2108/1718
f 1520/2103/1716 1521/2105/1716 1524/2109/1719 1523/2107/1719
f 1521/2105/1717 1519/2106/1717 1522/2110/1720 1524/2109/1720
f 1522/2108/1718 1523/2107/1718 1526/2111/1721 1525/2112/1721
f 1523/2107/1719 1524/2109/1719 1527/2113/1722 1526/2111/1722
f 1524/2109/1720 1522/2110/1720 1525/2114/1723 1527/2113/1723
f 1525/2112/1721 1526/2111/1721 1529/2115/1724 1528/2116/1724
f 1526/2111/1722 1527/2113/1722 1530/2117/1725 1529/2115/1725
f 1527/2113/1723 1525/2114/1723 1528/2118/1726 1530/2117/1726
f 1528/2116/1724 1529/2115/1724 1500/2119/1727
f 1529/2115/1725 1530/2117/1725 1500/2120/1728
f 1530/2117/1726 1528/2118/1726 1500/2121/1729
f 1534/2122/1730 1533/2123/1730 1531/2124/1731
f 1535/2125/1732 1534/2122/1732 1531/2126/1733
f 1533/2127/1734 1535/2125/1734 1531/2128/1735
f 1533/2123/1730 1534/2122/1730 1537/2129/1736 1536/2130/1736
f 1534/2122/1732 1535/2125/1732 1538/2131/1737 1537/2129/1737
f 1535/2125/1734 1533/2127/1734 1536/2132/1738 1538/2131/1738
f 1536/2130/1736 1537/2129/1736 1540/2133/1739 1539/2134/1739
f 1537/2129/1737 1538/2131/1737 1541/2135/1740 1540/2133/1740
f 1538/2131/1738 1536/2132/1738 1539/2136/1741 1541/2135/1741
f 1539/2134/1739 1540/2133/1739 1543/2137/1742 1542/2138/1742
f 1540/2133/1740 1541/2135/1740 1544/2139/1743 1543/2137/1743
f 1541/2135/1741 1539/2136/1741 1542/2140/1744 1544/2139/1744
f 1542/2138/1742 1543/2137/1742 1546/2141/1745 1545/2142/1745
f 1543/2137/1743 1544/2139/1743 1547/2143/1746 1546/2141/1746
f 1544/2139/1744 1542/2140/1744 1545/2144/1747 1547/2143/1747
f 1545/2142/1745 1546/2141/1745 1549/2145/1748 1548/2146/1748
f 1546/2141/1746 1547/2143/1746 1550/2147/1749 1549/2145/1749
f 1547/2143/1747 1545/2144/1747 1548/2148/1750 1550/2147/1750
f 1548/2146/1748 1549/2145/1748 1532/2149/1751
f 1549/2145/1749 1550/2147/1749 1532/2150/1752
f 1550/2147/1750 1548/2148/1750 1532/2151/1753
f 1554/2152/1754 1553/2153/1754 1551/2154/1755
f 1555/2155/1756 1554/2152/1756 1551/2156/1757
f 1553/2157/1758 1555/2155/1758 1551/2158/1759
f 1553/2153/1754 1554/2152/1754 1557/2159/1760 1556/2160/1760
f 1554/2152/1756 1555/2155/1756 1558/2161/1761 1557/2159/1761
f 1555/2155/1758 1553/2157/1758 1556/2162/1762 1558/2161/1762
f 1556/2160/1760 1557/2159/1760 1560/2163/1763 1559/2164/1763
f 1557/2159/1761 1558/2161/1761 1561/2165/1764 1560/2163/1764
f 1558/2161/1762 1556/2162/1762 1559/2166/1765 1561/2165/1765
f 1559/2164/1763 1560/2163/1763 1563/2167/1766 1562/2168/1766
f 1560/2163/1764 1561/2165/1764 1564/2169/1767 1563/2167/1767
f 1561/2165/1765 1559/2166/1765 1562/2170/1768 1564/2169/1768
f 1562/2168/1766 1563/2167/1766 1566/2171/1769 1565/2172/1769
f 1563/2167/1767 1564/2169/1767 1567/2173/1770 1566/2171/1770
f 1564/2169/1768 1562/2170/1768 1565/2174/1771 1567/2173/1771
f 1565/2172/1769 1566/2171/1769 1569/2175/1772 1568/2176/1772
f 1566/2171/1770 1567/2173/1770 1570/2177/1773 1569/2175/1773
f 1567/2173/1771 1565/2174/1771 1568/2178/1774 1570/2177/1774
f 1568/2176/1772 1569/2175/1772 1552/2179/1775
f 1569/2175/1773 1570/2177/1773 1552/2180/1776
f 1570/2177/1774 1568/2178/1774 1552/2181/1777
f 1574/2182/1778 1573/2183/1778 1571/2184/1779
f 1575/2185/1780 1574/2182/1780 1571/2186/1781
f 1573/2187/1782 1575/2185/1782 1571/2188/1783
f 1573/2183/1778 1574/2182/1778 1577/2189/1784 1576/2190/1784
f 1574/2182/1780 1575/2185/1780 1578/2191/1785 1577/2189/1785
f 1575/2185/1782 1573/2187/1782 1576/2192/1786 1578/2191/1786
f 1576/2190/1784 1577/2189/1784 1580/2193/1787 1579/2194/1787
f 1577/2189/1785 1578/2191/1785 1581/2195/1788 1580/2193/1788
f 1578/2191/1786 1576/2192/1786 1579/2196/1789 1581/2195/1789
f 1579/2194/1787 1580/2193/1787 1583/2197/1790 1582/2198/1790
f 1580/2193/1788 1581/2195/1788 1584/2199/1791 1583/2197/1791
f 1581/2195/1789 1579/2196/1789 1582/2200/1792 1584/2199/1792
f 1582/2198/1790 1583/2197/1790 1586/2201/1793 1585/2202/1793
f 1583/2197/1791 1584/2199/1791 1587/2203/1794 1586/2201/1794
f 1584/2199/1792 1582/2200/1792 1585/2204/1795 1587/2203/1795
f 1585/2202/1793 1586/2201/1793 1589/2205/1796 1588/2206/1796
f 1586/2201/1794 1587/2203/1794 1590/2207/1797 1589/2205/1797
f 1587/2203/1795 1585/2204/1795 1588/2208/1798 1590/2207/1798
f 1588/2206/1796 1589/2205/1796 1572/2209/1799
f 1589/2205/1797 1590/2207/1797 1572/2210/1800
f 1590/2207/1798 1588/2208/1798 1572/2211/1801
f 1594/2212/1802 1593/2213/1802 1591/2214/1803
f 1595/2215/1804 1594/2212/1804 1591/2216/1805
f 1593/2217/1806 1595/2215/1806 1591/2218/1807
f 1593/2213/1802 1594/2212/1802 1597/2219/1808 1596/2220/1808
f 1594/2212/1804 1595/2215/1804 1598/2221/1809 1597/2219/1809
f 1595/2215/1806 1593/2217/1806 1596/2222/1810 1598/2221/1810
f 1596/2220/1808 1597/2219/1808 1600/2223/1811 1599/2224/1811
f 1597/2219/1809 1598/2221/1809 1601/2225/1812 1600/2223/1812
f 1598/2221/1810 1596/2222/1810 1599/2226/1813 1601/2225/1813
f 1599/2224/1811 1600/2223/1811 1603/2227/1814 1602/2228/1814
f 1600/2223/1812 1601/2225/1812 1604/2229/1815 1603/2227/1815
f 1601/2225/1813 1599/2226/1813 1602/2230/1816 1604/2229/1816
f 1602/2228/1814 1603/2227/1814 1606/2231/1817 1605/2232/1817
f 1603/2227/1815 1604/2229/1815 1607/2233/1818 1606/2231/1818
f 1604/2229/1816 1602/2230/1816 1605/2234/1819 1607/2233/1819
f 1605/2232/1817 1606/2231/1817 1609/2235/1820 1608/2236/1820
f 1606/2231/1818 1607/2233/1818 1610/2237/1821 1609/2235/1821
f 1607/2233/1819 1605/2234/1819 1608/2238/1822 1610/2237/1822
f 1608/2236/1820 1609/2235/1820 1592/2239/1823
f 1609/2235/1821 1610/2237/1821 1592/2240/1824
f 1610/2237/1822 1608/2238/1822 1592/2241/1825
f 1614/2242/1826 1613/2243/1826 1611/2244/1827
f 1615/2245/1828 1614/2242/1828 1611/2246/1829
f 1613/2247/1830 1615/2245/1830 1611/2248/1831
f 1613/2243/1826 1614/2242/1826 1617/2249/1832 1616/2250/1832
f 1614/2242/1828 1615/2245/1828 1618/2251/1833 1617/2249/1833
f 1615/2245/1830 1613/2247/1830 1616/2252/1834 1618/2251/1834
f 1616/2250/1832 1617/2249/1832 1620/2253/1835 1619/2254/1835
f 1617/2249/1833 1618/2251/1833 1621/2255/1836 1620/2253/1836
f 1618/2251/1834 1616/2252/1834 1619/2256/1837 1621/2255/1837
f 1619/2254/1835 1620/2253/1835 1623/2257/1838 1622/2258/1838
f 1620/2253/1836 1621/2255/1836 1624/2259/1839 1623/2257/1839
f 1621/2255/1837 1619/2256/1837 1622/2260/1840 1624/2259/1840
f 1622/2258/1838 1623/2257/1838 1626/2261/1841 1625/2262/1841
f 1623/2257/1839 1624/2259/1839 1627/2263/1842 1626/2261/1842
f 1624/2259/1840 1622/2260/1840 1625/2264/1843 1627/2263/1843
f 1625/2262/1841 1626/2261/1841 1629/2265/1844 1628/2266/1844
f 1626/2261/1842 1627/2263/1842 1630/2267/1845 1629/2265/1845
f 1627/2263/1843 1625/2264/1843 1628/2268/1846 1630/2267/1846
f 1628/2266/1844 1629/2265/1844 1612/2269/1847
f 1629/2265/1845 1630/2267/1845 1612/2270/1848
f 1630/2267/1846 1628/2268/1846 1612/2271/1849
f 1634/2272/1850 1633/2273/1850 1631/2274/1851
f 1635/2275/1852 1634/2272/1852 1631/2276/1853
f 1633/2277/1854 1635/2275/1854 1631/2278/1855
f 1633/2273/1850 1634/2272/1850 1637/2279/1856 1636/2280/1856
f 1634/2272/1852 1635/2275/1852 1638/2281/1857 1637/2279/1857
f 1635/2275/1854 1633/2277/1854 1636/2282/1858 1638/2281/1858
f 1636/2280/1856 1637/2279/1856 1640/2283/1859 1639/2284/1859
f 1637/2279/1857 1638/2281/1857 1641/2285/1860 1640/2283/1860
f 1638/2281/1858 1636/2282/1858 1639/2286/1861 1641/2285/1861
f 1639/2284/1859 1640/2283/1859 1643/2287/1862 1642/2288/1862
f 1640/2283/1860 1641/2285/1860 1644/2289/1863 1643/2287/1863
f 1641/2285/1861 1639/2286/1861 1642/2290/1864 1644/2289/1864
f 1642/2288/1862 1643/2287/1862 1646/2291/1865 1645/2292/1865
f 1643/2287/1863 1644/2289/1863 1647/2293/1866 1646/2291/1866
f 1644/2289/1864 1642/2290/1864 1645/2294/1867 1647/2293/1867
f 1645/2292/1865 1646/2291/1865 1649/2295/1868 1648/2296/1868
f 1646/2291/1866 1647/2293/1866 1650/2297/1869 1649/2295/1869
f 1647/2293/1867 1645/2294/1867 1648/2298/1870 1650/2297/1870
f 1648/2296/1868 1649/2295/1868 1632/2299/1871
f 1649/2295/1869 1650/2297/1869 1632/2300/1872
f 1650/2297/1870 1648/2298/1870 1632/2301/1873
f 1654/2302/1874 1653/2303/1874 1651/2304/1875
f 1655/2305/1876 1654/2302/1876 1651/2306/1877
f 1653/2307/1878 1655/2305/1878 1651/2308/1879
f 1653/2303/1874 1654/2302/1874 1657/2309/1880 1656/2310/1880
f 1654/2302/1876 1655/2305/1876 1658/2311/1881 1657/2309/1881
f 1655/2305/1878 1653/2307/1878 1656/2312/1882 1658/2311/1882
f 1656/2310/1880 1657/2309/1880 1660/2313/1883 1659/2314/1883
f 1657/2309/1881 1658/2311/1881 1661/2315/1884 1660/2313/1884
f 1658/2311/1882 1656/2312/1882 1659/2316/1885 1661/2315/1885
f 1659/2314/1883 1660/2313/1883 1663/2317/1886 1662/2318/1886
f 1660/2313/1884 1661/2315/1884 1664/2319/1887 1663/2317/1887
f 1661/2315/1885 1659/2316/1885 1662/2320/1888 1664/2319/1888
f 1662/2318/1886 1663/2317/1886 1666/2321/1889 1665/2322/1889
f 1663/2317/1887 1664/2319/1887 1667/2323/1890 1666/2321/1890
f 1664/2319/1888 1662/2320/1888 1665/2324/1891 1667/2323/1891
f 1665/2322/1889 1666/2321/1889 1669/2325/1892 1668/2326/1892
f 1666/2321/1890 1667/2323/1890 1670/2327/1893 1669/2325/1893
f 1667/2323/1891 1665/2324/1891 1668/2328/1894 1670/2327/1894
f 1668/2326/1892 1669/2325/1892 1652/2329/1895
f 1669/2325/1893 1670/2327/1893 1652/2330/1896
f 1670/2327/1894 1668/2328/1894 1652/2331/1897
f 1674/2332/1898 1673/2333/1898 1671/2334/1899
f 1675/2335/1900 1674/2332/1900 1671/2336/1901
f 1673/2337/1902 1675/2335/1902 1671/2338/1903
f 1673/2333/1898 1674/2332/1898 1677/2339/1904 1676/2340/1904
f 1674/2332/1900 1675/2335/1900 1678/2341/1905 1677/2339/1905
f 1675/2335/1902 1673/2337/1902 1676/2342/1906 1678/2341/1906
f 1676/2340/1904 1677/2339/1904 1680/2343/1907 1679/2344/1907
f 1677/2339/1905 1678/2341/1905 1681/2345/1908 1680/2343/1908
f 1678/2341/1906 1676/2342/1906 1679/2346/1909 1681/2345/1909
f 1679/2344/1907 1680/2343/1907 1683/2347/1910 1682/2348/1910
f 1680/2343/1908 1681/2345/1908 1684/2349/1911 1683/2347/1911
f 1681/2345/1909 1679/2346/1909 1682/2350/1912 1684/2349/1912
f 1682/2348/1910 1683/2347/1910 1686/2351/1913 1685/2352/1913
f 1683/2347/1911 1684/2349/1911 1687/2353/1914 1686/2351/1914
f 1684/2349/1912 1682/2350/1912 1685/2354/1915 1687/2353/1915
f 1685/2352/1913 1686/2351/1913 1689/2355/1916 1688/2356/1916
f 1686/2351/1914 1687/2353/1914 1690/2357/1917 1689/2355/1917
f 1687/2353/1915 1685/2354/1915 1688/2358/1918 1690/2357/1918
f 1688/2356/1916 1689/2355/1916 1672/2359/1919
f 1689/2355/1917 1690/2357/1917 1672/2360/1920
f 1690/2357/1918 1688/2358/1918 1672/2361/1921
f 1694/2362/1922 1693/2363/1922 1691/2364/1923
f 1695/2365/1924 1694/2362/1924 1691/2366/1925
f 1693/2367/1926 1695/2365/1926 1691/2368/1927
f 1693/2363/1922 1694/2362/1922 1697/2369/1928 1696/2370/1928
f 1694/2362/1924 1695/2365/1924 1698/2371/1929 1697/2369/1929
f 1695/2365/1926 1693/2367/1926 1696/2372/1930 1698/2371/1930
f 1696/2370/1928 1697/2369/1928 1700/2373/1931 1699/2374/1931
f 1697/2369/1929 1698/2371/1929 1701/2375/1932 1700/2373/1932
f 1698/2371/1930 1696/2372/1930 1699/2376/1933 1701/2375/1933
f 1699/2374/1931 1700/2373/1931 1703/2377/1934 1702/2378/1934
f 1700/2373/1932 1701/2375/1932 1704/2379/1935 1703/2377/1935
f 1701/2375/1933 1699/2376/1933 1702/2380/1936 1704/2379/1936
f 1702/2378/1934 1703/2377/1934 1706/2381/1937 1705/2382/1937
f 1703/2377/1935 1704/2379/1935 1707/2383/1938 1706/2381/1938
f 1704/2379/1936 1702/2380/1936 1705/2384/1939 1707/2383/1939
f 1705/2382/1937 1706/2381/1937 1709/2385/1940 1708/2386/1940
f 1706/2381/1938 1707/2383/1938 1710/2387/1941 1709/2385/1941
f 1707/2383/1939 1705/2384/1939 1708/2388/1942 1710/2387/1942
f 1708/2386/1940 1709/2385/1940 1712/2389/1943 1711/2390/1943
f 1709/2385/1941 1710/2387/1941 1713/2391/1944 1712/2389/1944
f 1710/2387/1942 1708/2388/1942 1711/2392/1945 1713/2391/1945
f 1711/2390/1943 1712/2389/1943 1715/2393/1946 1714/2394/1946
f 1712/2389/1944 1713/2391/1944 1716/2395/1947 1715/2393/1947
f 1713/2391/1945 1711/2392/1945 1714/2396/1948 1716/2395/1948
f 1714/2394/1946 1715/2393/1946 1692/2397/1949
f 1715/2393/1947 1716/2395/1947 1692/2398/1950
f 1716/2395/1948 1714/2396/1948 1692/2399/1951
f 1720/2400/1952 1719/2401/1952 1717/2402/1953
f 1721/2403/1954 1720/2400/1954 1717/2404/1955
f 1719/2405/1956 1721/2403/1956 1717/2406/1957
f 1719/2401/1952 1720/2400/1952 1723/2407/1958 1722/2408/1958
f 1720/2400/1954 1721/2403/1954 1724/2409/1959 1723/2407/1959
f 1721/2403/1956 1719/2405/1956 1722/2410/1960 1724/2409/1960
f 1722/2408/1958 1723/2407/1958 1726/2411/1961 1725/2412/1961
f 1723/2407/1959 1724/2409/1959 1727/2413/1962 1726/2411/1962
f 1724/2409/1960 1722/2410/1960 1725/2414/1963 1727/2413/1963
f 1725/2412/1961 1726/2411/1961 1729/2415/1964 1728/2416/1964
f 1726/2411/1962 1727/2413/1962 1730/2417/1965 1729/2415/1965
f 1727/2413/1963 1725/2414/1963 1728/2418/1966 1730/2417/1966
f 1728/2416/1964 1729/2415/1964 1732/2419/1967 1731/2420/1967
f 1729/2415/1965 1730/2417/1965 1733/2421/1968 1732/2419/1968
f 1730/2417/1966 1728/2418/1966 1731/2422/1969 1733/2421/1969
f 1731/2420/1967 1732/2419/1967 1735/2423/1970 1734/2424/1970
f 1732/2419/1968 1733/2421/1968 1736/2425/1971 1735/2423/1971
f 1733/2421/1969 1731/2422/1969 1734/2426/1972 1736/2425/1972
f 1734/2424/1970 1735/2423/1970 1738/2427/1973 1737/2428/1973
f 1735/2423/1971 1736/2425/1971 1739/2429/1974 1738/2427/1974
f 1736/2425/1972 1734/2426/1972 1737/2430/1975 1739/2429/1975
f 1737/2428/1973 1738/2427/1973 1741/2431/1976 1740/2432/1976
f 1738/2427/1974 1739/2429/1974 1742/2433/1977 1741/2431/1977
f 1739/2429/1975 1737/2430/1975 1740/2434/1978 1742/2433/1978
f 1740/2432/1976 1741/2431/1976 1718/2435/1979
f 1741/2431/1977 1742/2433/1977 1718/2436/1980
f 1742/2433/1978 1740/2434/1978 1718/2437/1981
f 1746/2438/1982 1745/2439/1982 1743/2440/1983
f 1747/2441/1984 1746/2438/1984 1743/2442/1985
f 1745/2443/1986 1747/2441/1986 1743/2444/1987
f 1745/2439/1982 1746/2438/1982 1749/2445/1988 1748/2446/1988
f 1746/2438/1984 1747/2441/1984 1750/2447/1989 1749/2445/1989
f 1747/2441/1986 1745/2443/1986 1748/2448/1990 1750/2447/1990
f 1748/2446/1988 1749/2445/1988 1752/2449/1991 1751/2450/1991
f 1749/2445/1989 1750/2447/1989 1753/2451/1992 1752/2449/1992
f 1750/2447/1990 1748/2448/1990 1751/2452/1993 1753/2451/1993
f 1751/2450/1991 1752/2449/1991 1755/2453/1994 1754/2454/1994
f 1752/2449/1992 1753/2451/1992 1756/2455/1995 1755/2453/1995
f 1753/2451/1993 1751/2452/1993 1754/2456/1996 1756/2455/1996
f 1754/2454/1994 1755/2453/1994 1758/2457/1997 1757/2458/1997
f 1755/2453/1995 1756/2455/1995 1759/2459/1998 1758/2457/1998
f 1756/2455/1996 1754/2456/1996 1757/2460/1999 1759/2459/1999
f 1757/2458/1997 1758/2457/1997 1761/2461/2000 1760/2462/2000
f 1758/2457/1998 1759/2459/1998 1762/2463/2001 1761/2461/2001
f 1759/2459/1999 1757/2460/1999 1760/2464/2002 1762/2463/2002
f 1760/2462/2000 1761/2461/2000 1764/2465/2003 1763/2466/2003
f 1761/2461/2001 1762/2463/2001 1765/2467/2004 1764/2465/2004
f 1762/2463/2002 1760/2464/2002 1763/2468/2005 1765/2467/2005
f 1763/2466/2003 1764/2465/2003 1767/2469/2006 1766/2470/2006
f 1764/2465/2004 1765/2467/2004 1768/2471/2007 1767/2469/2007
f 1765/2467/2005 1763/2468/2005 1766/2472/2008 1768/2471/2008
f 1766/2470/2006 1767/2469/2006 1744/2473/2009
f 1767/2469/2007 1768/2471/2007 1744/2474/2010
f 1768/2471/2008 1766/2472/2008 1744/2475/2011
f 1772/2476/2012 1771/2477/2012 1769/2478/2013
f 1773/2479/2014 1772/2476/2014 1769/2480/2015
f 1771/2481/2016 1773/2479/2016 1769/2482/2017
f 1771/2477/2012 1772/2476/2012 1775/2483/2018 1774/2484/2018
f 1772/2476/2014 1773/2479/2014 1776/2485/2019 1775/2483/2019
f 1773/2479/2016 1771/2481/2016 1774/2486/2020 1776/2485/2020
f 1774/2484/2018 1775/2483/2018 1778/2487/2021 1777/2488/2021
f 1775/2483/2019 1776/2485/2019 1779/2489/2022 1778/2487/2022
f 1776/2485/2020 1774/2486/2020 1777/2490/2023 1779/2489/2023
f 1777/2488/2021 1778/2487/2021 1781/2491/2024 1780/2492/2024
f 1778/2487/2022 1779/2489/2022 1782/2493/2025 1781/2491/2025
f 1779/2489/2023 1777/2490/2023 1780/2494/2026 1782/2493/2026
f 1780/2492/2024 1781/2491/2024 1784/2495/2027 1783/2496/2027
f 1781/2491/2025 1782/2493/2025 1785/2497/2028 1784/2495/2028
f 1782/2493/2026 1780/2494/2026 1783/2498/2029 1785/2497/2029
f 1783/2496/2027 1784/2495/2027 1787/2499/2030 1786/2500/2030
f 1784/2495/2028 1785/2497/2028 1788/2501/2031 1787/2499/2031
f 1785/2497/2029 1783/2498/2029 1786/2502/2032 1788/2501/2032
f 1786/2500/2030 1787/2499/2030 1790/2503/2033 1789/2504/2033
f 1787/2499/2031 1788/2501/2031 1791/2505/2034 1790/2503/2034
f 1788/2501/2032 1786/2502/2032 1789/2506/2035 1791/2505/2035
f 1789/2504/2033 1790/2503/2033 1793/2507/2036 1792/2508/2036
f 1790/2503/2034 1791/2505/2034 1794/2509/2037 1793/2507/2037
f 1791/2505/2035 1789/2506/2035 1792/2510/2038 1794/2509/2038
f 1792/2508/2036 1793/2507/2036 1770/2511/2039
f 1793/2507/2037 1794/2509/2037 1770/2512/2040
f 1794/2509/2038 1792/2510/2038 1770/2513/2041
f 1798/2514/2042 1797/2515/2042 1795/2516/2043
f 1799/2517/2044 1798/2514/2044 1795/2518/2045
f 1797/2519/2046 1799/2517/2046 1795/2520/2047
f 1797/2515/2042 1798/2514/2042 1801/2521/2048 1800/2522/2048
f 1798/2514/2044 1799/2517/2044 1802/2523/2049 1801/2521/2049
f 1799/2517/2046 1797/2519/2046 1800/2524/2050 1802/2523/2050
f 1800/2522/2048 1801/2521/2048 1804/2525/2051 1803/2526/2051
f 1801/2521/2049 1802/2523/2049 1805/2527/2052 1804/2525/2052
f 1802/2523/2050 1800/2524/2050 1803/2528/2053 1805/2527/2053
f 1803/2526/2051 1804/2525/2051 1807/2529/2054 1806/2530/2054
f 1804/2525/2052 1805/2527/2052 1808/2531/2055 1807/2529/2055
f 1805/2527/2053 1803/2528/2053 1806/2532/2056 1808/2531/2056
f 1806/2530/2054 1807/2529/2054 1810/2533/2057 1809/2534/2057
f 1807/2529/2055 1808/2531/2055 1811/2535/2058 1810/2533/2058
f 1808/2531/2056 1806/2532/2056 1809/2536/2059 1811/2535/2059
f 1809/2534/2057 1810/2533/2057 1813/2537/2060 1812/2538/2060
f 1810/2533/2058 1811/2535/2058 1814/2539/2061 1813/2537/2061
f 1811/2535/2059 1809/2536/2059 1812/2540/2062 1814/2539/2062
f 1812/2538/2060 1813/2537/2060 1816/2541/2063 1815/2542/2063
f 1813/2537/2061 1814/2539/2061 1817/2543/2064 1816/2541/2064
f 1814/2539/2062 1812/2540/2062 1815/2544/2065 1817/2543/2065
f 1815/2542/2063 1816/2541/2063 1819/2545/2066 1818/2546/2066
f 1816/2541/2064 1817/2543/2064 1820/2547/2067 1819/2545/2067
f 1817/2543/2065 1815/2544/2065 1818/2548/2068 1820/2547/2068
f 1818/2546/2066 1819/2545/2066 1796/2549/2069
f 1819/2545/2067 1820/2547/2067 1796/2550/2070
f 1820/2547/2068 1818/2548/2068 1796/2551/2071
f 1824/2552/2072 1823/2553/2072 1821/2554/2073
f 1825/2555/2074 1824/2552/2074 1821/2556/2075
f 1823/2557/2076 1825/2555/2076 1821/2558/2077
f 1823/2553/2072 1824/2552/2072 1827/2559/2078 1826/2560/2078
f 1824/2552/2074 1825/2555/2074 1828/2561/2079 1827/2559/2079
f 1825/2555/2076 1823/2557/2076 1826/2562/2080 1828/2561/2080
f 1826/2560/2078 1827/2559/2078 1830/2563/2081 1829/2564/2081
f 1827/2559/2079 1828/2561/2079 1831/2565/2082 1830/2563/2082
f 1828/2561/2080 1826/2562/2080 1829/2566/2083 1831/2565/2083
f 1829/2564/2081 1830/2563/2081 1833/2567/2084 1832/2568/2084
f 1830/2563/2082 1831/2565/2082 1834/2569/2085 1833/2567/2085
f 1831/2565/2083 1829/2566/2083 1832/2570/2086 1834/2569/2086
f 1832/2568/2084 1833/2567/2084 1836/2571/2087 1835/2572/2087
f 1833/2567/2085 1834/2569/2085 1837/2573/2088 1836/2571/2088
f 1834/2569/2086 1832/2570/2086 1835/2574/2089 1837/2573/2089
f 1835/2572/2087 1836/2571/2087 1839/2575/2090 1838/2576/2090
f 1836/2571/2088 1837/2573/2088 1840/2577/2091 1839/2575/2091
f 1837/2573/2089 1835/2574/2089 1838/2578/2092 1840/2577/2092
f 1838/2576/2090 1839/2575/2090 1842/2579/2093 1841/2580/2093
f 1839/2575/2091 1840/2577/2091 1843/2581/2094 1842/2579/2094
f 1840/2577/2092 1838/2578/2092 1841/2582/2095 1843/2581/2095
f 1841/2580/2093 1842/2579/2093 1845/2583/2096 1844/2584/2096
f 1842/2579/2094 1843/2581/2094 1846/2585/2097 1845/2583/2097
f 1843/2581/2095 1841/2582/2095 1844/2586/2098 1846/2585/2098
f 1844/2584/2096 1845/2583/2096 1822/2587/2099
f 1845/2583/2097 1846/2585/2097 1822/2588/2100
f 1846/2585/2098 1844/2586/2098 1822/2589/2101
f 1850/2590/2102 1849/2591/2102 1847/2592/2103
f 1851/2593/2104 1850/2590/2104 1847/2594/2105
f 1849/2595/2106 1851/2593/2106 1847/2596/2107
f 1849/2591/2102 1850/2590/2102 1853/2597/2108 1852/2598/2108
f 1850/2590/2104 1851/2593/2104 1854/2599/2109 1853/2597/2109
f 1851/2593/2106 1849/2595/2106 1852/2600/2110 1854/2599/2110
f 1852/2598/2108 1853/2597/2108 1856/2601/2111 1855/2602/2111
f 1853/2597/2109 1854/2599/2109 1857/2603/2112 1856/2601/2112
f 1854/2599/2110 1852/2600/2110 1855/2604/2113 1857/2603/2113
f 1855/2602/2111 1856/2601/2111 1859/2605/2114 1858/2606/2114
f 1856/2601/2112 1857/2603/2112 1860/2607/2115 1859/2605/2115
f 1857/2603/2113 1855/2604/2113 1858/2608/2116 1860/2607/2116
f 1858/2606/2114 1859/2605/2114 1862/2609/2117 1861/2610/2117
f 1859/2605/2115 1860/2607/2115 1863/2611/2118 1862/2609/2118
f 1860/2607/2116 1858/2608/2116 1861/2612/2119 1863/2611/2119
f 1861/2610/2117 1862/2609/2117 1865/2613/2120 1864/2614/2120
f 1862/2609/2118 1863/2611/2118 1866/2615/2121 1865/2613/2121
f 1863/2611/2119 1861/2612/2119 1864/2616/2122 1866/2615/2122
f 1864/2614/2120 1865/2613/2120 1868/2617/2123 1867/2618/2123
f 1865/2613/2121 1866/2615/2121 1869/2619/2124 1868/2617/2124
f 1866/2615/2122 1864/2616/2122 1867/2620/2125 1869/2619/2125
f 1867/2618/2123 1868/2617/2123 1871/2621/2126 1870/2622/2126
f 1868/2617/2124 1869/2619/2124 1872/2623/2127 1871/2621/2127
f 1869/2619/2125 1867/2620/2125 1870/2624/2128 1872/2623/2128
f 1870/2622/2126 1871/2621/2126 1848/2625/2129
f 1871/2621/2127 1872/2623/2127 1848/2626/2130
f 1872/2623/2128 1870/2624/2128 1848/2627/2131
f 1876/2628/2132 1875/2629/2132 1873/2630/2133
f 1877/2631/2134 1876/2628/2134 1873/2632/2135
f 1875/2633/2136 1877/2631/2136 1873/2634/2137
f 1875/2629/2132 1876/2628/2132 1879/2635/2138 1878/2636/2138
f 1876/2628/2134 1877/2631/2134 1880/2637/2139 1879/2635/2139
f 1877/2631/2136 1875/2633/2136 1878/2638/2140 1880/2637/2140
f 1878/2636/2138 1879/2635/2138 1882/2639/2141 1881/2640/2141
f 1879/2635/2139 1880/2637/2139 1883/2641/2142 1882/2639/2142
f 1880/2637/2140 1878/2638/2140 1881/2642/2143 1883/2641/2143
f 1881/2640/2141 1882/2639/2141 1885/2643/2144 1884/2644/2144
f 1882/2639/2142 1883/2641/2142 1886/2645/2145 1885/2643/2145
f 1883/2641/2143 1881/2642/2143 1884/2646/2146 1886/2645/2146
f 1884/2644/2144 1885/2643/2144 1888/2647/2147 1887/2648/2147
f 1885/2643/2145 1886/2645/2145 1889/2649/2148 1888/2647/2148
f 1886/2645/2146 1884/2646/2146 1887/2650/2149 1889/2649/2149
f 1887/2648/2147 1888/2647/2147 1891/2651/2150 1890/2652/2150
f 1888/2647/2148 1889/2649/2148 1892/2653/2151 1891/2651/2151
f 1889/2649/2149 1887/2650/2149 1890/2654/2152 1892/2653/2152
f 1890/2652/2150 1891/2651/2150 1894/2655/2153 1893/2656/2153
f 1891/2651/2151 1892/2653/2151 1895/2657/2154 1894/2655/2154
f 1892/2653/2152 1890/2654/2152 1893/2658/2155 1895/2657/2155
f 1893/2656/2153 1894/2655/2153 1897/2659/2156 1896/2660/2156
f 1894/2655/2154 1895/2657/2154 1898/2661/2157 1897/2659/2157
f 1895/2657/2155 1893/2658/2155 1896/2662/2158 1898/2661/2158
f 1896/2660/2156 1897/2659/2156 1900/2663/2159 1899/2664/2159
f 1897/2659/2157 1898/2661/2157 1901/2665/2160 1900/2663/2160
f 1898/2661/2158 1896/2662/2158 1899/2666/2161 1901/2665/2161
f 1899/2664/2159 1900/2663/2159 1874/2667/2162
f 1900/2663/2160 1901/2665/2160 1874/2668/2163
f 1901/2665/2161 1899/2666/2161 1874/2669/2164
f 1905/2670/2165 1904/2671/2165 1902/2672/2166
f 1906/2673/2167 1905/2670/2167 1902/2674/2168
f 1904/2675/2169 1906/2673/2169 1902/2676/2170
f 1904/2671/2165 1905/2670/2165 1908/2677/2171 1907/2678/2171
f 1905/2670/2167 1906/2673/2167 1909/2679/2172 1908/2677/2172
f 1906/2673/2169 1904/2675/2169 1907/2680/2173 1909/2679/2173
f 1907/2678/2171 1908/2677/2171 1911/2681/2174 1910/2682/2174
f 1908/2677/2172 1909/2679/2172 1912/2683/2175 1911/2681/2175
f 1909/2679/2173 1907/2680/2173 1910/2684/2176 1912/2683/2176
f 1910/2682/2174 1911/2681/2174 1914/2685/2177 1913/2686/2177
f 1911/2681/2175 1912/2683/2175 1915/2687/2178 1914/2685/2178
f 1912/2683/2176 1910/2684/2176 1913/2688/2179 1915/2687/2179
f 1913/2686/2177 1914/2685/2177 1917/2689/2180 1916/2690/2180
f 1914/2685/2178 1915/2687/2178 1918/2691/2181 1917/2689/2181
f 1915/2687/2179 1913/2688/2179 1916/2692/2182 1918/2691/2182
f 1916/2690/2180 1917/2689/2180 1920/2693/2183 1919/2694/2183
f 1917/2689/2181 1918/2691/2181 1921/2695/2184 1920/2693/2184
f 1918/2691/2182 1916/2692/2182 1919/2696/2185 1921/2695/2185
f 1919/2694/2183 1920/2693/2183 1923/2697/2186 1922/2698/2186
f 1920/2693/2184 1921/2695/2184 1924/2699/2187 1923/2697/2187
f 1921/2695/2185 1919/2696/2185 1922/2700/2188 1924/2699/2188
f 1922/2698/2186 1923/2697/2186 1926/2701/2189 1925/2702/2189
f 1923/2697/2187 1924/2699/2187 1927/2703/2190 1926/2701/2190
f 1924/2699/2188 1922/2700/2188 1925/2704/2191 1927/2703/2191
f 1925/2702/2189 1926/2701/2189 1903/2705/2192
f 1926/2701/2190 1927/2703/2190 1903/2706/2193
f 1927/2703/2191 1925/2704/2191 1903/2707/2194
f 1931/2708/2195 1930/2709/2195 1928/2710/2196
f 1932/2711/2197 1931/2708/2197 1928/2712/2198
f 1930/2713/2199 1932/2711/2199 1928/2714/2200
f 1930/2709/2195 1931/2708/2195 1934/2715/2201 1933/2716/2201
f 1931/2708/2197 1932/2711/2197 1935/2717/2202 1934/2715/2202
f 1932/2711/2199 1930/2713/2199 1933/2718/2203 1935/2717/2203
f 1933/2716/2201 1934/2715/2201 1937/2719/2204 1936/2720/2204
f 1934/2715/2202 1935/2717/2202 1938/2721/2205 1937/2719/2205
f 1935/2717/2203 1933/2718/2203 1936/2722/2206 1938/2721/2206
f 1936/2720/2204 1937/2719/2204 1940/2723/2207 1939/2724/2207
f 1937/2719/2205 1938/2721/2205 1941/2725/2208 1940/2723/2208
f 1938/2721/2206 1936/2722/2206 1939/2726/2209 1941/2725/2209
f 1939/2724/2207 1940/2723/2207 1943/2727/2210 1942/2728/2210
f 1940/2723/2208 1941/2725/2208 1944/2729/2211 1943/2727/2211
f 1941/2725/2209 1939/2726/2209 1942/2730/2212 1944/2729/2212
f 1942/2728/2210 1943/2727/2210 1946/2731/2213 1945/2732/2213
f 1943/2727/2211 1944/2729/2211 1947/2733/2214 1946/2731/2214
f 1944/2729/2212 1942/2730/2212 1945/2734/2215 1947/2733/2215
f 1945/2732/2213 1946/2731/2213 1949/2735/2216 1948/2736/2216
f 1946/2731/2214 1947/2733/2214 1950/2737/2217 1949/2735/2217
f 1947/2733/2215 1945/2734/2215 1948/2738/2218 1950/2737/2218
f 1948/2736/2216 1949/2735/2216 1952/2739/2219 1951/2740/2219
f 1949/2735/2217 1950/2737/2217 1953/2741/2220 1952/2739/2220
f 1950/2737/2218 1948/2738/2218 1951/2742/2221 1953/2741/2221
f 1951/2740/2219 1952/2739/2219 1929/2743/2222
f 1952/2739/2220 1953/2741/2220 1929/2744/2223
f 1953/2741/2221 1951/2742/2221 1929/2745/2224
f 1957/2746/2225 1956/2747/2225 1954/2748/2226
f 1958/2749/2227 1957/2746/2227 1954/2750/2228
f 1956/2751/2229 1958/2749/2229 1954/2752/2230
f 1956/2747/2225 1957/2746/2225 1960/2753/2231 1959/2754/2231
f 1957/2746/2227 1958/2749/2227 1961/2755/2232 1960/2753/2232
f 1958/2749/2229 1956/2751/2229 1959/2756/2233 1961/2755/2233
f 1959/2754/2231 1960/2753/2231 1963/2757/2234 1962/2758/2234
f 1960/2753/2232 1961/2755/2232 1964/2759/2235 1963/2757/2235
f 1961/2755/2233 1959/2756/2233 1962/2760/2236 1964/2759/2236
f 1962/2758/2234 1963/2757/2234 1966/2761/2237 1965/2762/2237
f 1963/2757/2235 1964/2759/2235 1967/2763/2238 1966/2761/2238
f 1964/2759/2236 1962/2760/2236 1965/2764/2239 1967/2763/2239
f 1965/2762/2237 1966/2761/2237 1969/2765/2240 1968/2766/2240
f 1966/2761/2238 1967/2763/2238 1970/2767/2241 1969/2765/2241
f 1967/2763/2239 1965/2764/2239 1968/2768/2242 1970/2767/2242
f 1968/2766/2240 1969/2765/2240 1972/2769/2243 1971/2770/2243
f 1969/2765/2241 1970/2767/2241 1973/2771/2244 1972/2769/2244
f 1970/2767/2242 1968/2768/2242 1971/2772/2245 1973/2771/2245
f 1971/2770/2243 1972/2769/2243 1975/2773/2246 1974/2774/2246
f 1972/2769/2244 1973/2771/2244 1976/2775/2247 1975/2773/2247
f 1973/2771/2245 1971/2772/2245 1974/2776/2248 1976/2775/2248
f 1974/2774/2246 1975/2773/2246 1978/2777/2249 1977/2778/2249
f 1975/2773/2247 1976/2775/2247 1979/2779/2250 1978/2777/2250
f 1976/2775/2248 1974/2776/2248 1977/2780/2251 1979/2779/2251
f 1977/2778/2249 1978/2777/2249 1955/2781/2252
f 1978/2777/2250 1979/2779/2250 1955/2782/2253
f 1979/2779/2251 1977/2780/2251 1955/2783/2254
f 1983/2784/2255 1982/2785/2255 1980/2786/2256
f 1984/2787/2257 1983/2784/2257 1980/2788/2258
f 1982/2789/2259 1984/2787/2259 1980/2790/2260
f 1982/2785/2255 1983/2784/2255 1986/2791/2261 1985/2792/2261
f 1983/2784/2257 1984/2787/2257 1987/2793/2262 1986/2791/2262
f 1984/2787/2259 1982/2789/2259 1985/2794/2263 1987/2793/2263
f 1985/2792/2261 1986/2791/2261 1989/2795/2264 1988/2796/2264
f 1986/2791/2262 1987/2793/2262 1990/2797/2265 1989/2795/2265
f 1987/2793/2263 1985/2794/2263 1988/2798/2266 1990/2797/2266
f 1988/2796/2264 1989/2795/2264 1992/2799/2267 1991/2800/2267
f 1989/2795/2265 1990/2797/2265 1993/2801/2268 1992/2799/2268
f 1990/2797/2266 1988/2798/2266 1991/2802/2269 1993/2801/2269
f 1991/2800/2267 1992/2799/2267 1995/2803/2270 1994/2804/2270
f 1992/2799/2268 1993/2801/2268 1996/2805/2271 1995/2803/2271
f 1993/2801/2269 1991/2802/2269 1994/2806/2272 1996/2805/2272
f 1994/2804/2270 1995/2803/2270 1998/2807/2273 1997/2808/2273
f 1995/2803/2271 1996/2805/2271 1999/2809/2274 1998/2807/2274
f 1996/2805/2272 1994/2806/2272 1997/2810/2275 1999/2809/2275
f 1997/2808/2273 1998/2807/2273 2001/2811/2276 2000/2812/2276
f 1998/2807/2274 1999/2809/2274 2002/2813/2277 2001/2811/2277
f 1999/2809/2275 1997/2810/2275 2000/2814/2278 2002/2813/2278
f 2000/2812/2276 2001/2811/2276 2004/2815/2279 2003/2816/2279
f 2001/2811/2277 2002/2813/2277 2005/2817/2280 2004/2815/2280
f 2002/2813/2278 2000/2814/2278 2003/2818/2281 2005/2817/2281
f 2003/2816/2279 2004/2815/2279 1981/2819/2282
f 2004/2815/2280 2005/2817/2280 1981/2820/2283
f 2005/2817/2281 2003/2818/2281 1981/2821/2284
f 2009/2822/2285 2008/2823/2285 2006/2824/2286
f 2010/2825/2287 2009/2822/2287 2006/2826/2288
f 2008/2827/2289 2010/2825/2289 2006/2828/2290
f 2008/2823/2285 2009/2822/2285 2012/2829/2291 2011/2830/2291
f 2009/2822/2287 2010/2825/2287 2013/2831/2292 2012/2829/2292
f 2010/2825/2289 2008/2827/2289 2011/2832/2293 2013/2831/2293
f 2011/2830/2291 2012/2829/2291 2015/2833/2294 2014/2834/2294
f 2012/2829/2292 2013/2831/2292 2016/2835/2295 2015/2833/2295
f 2013/2831/2293 2011/2832/2293 2014/2836/2296 2016/2835/2296
f 2014/2834/2294 2015/2833/2294 2007/2837/2297
f 2015/2833/2295 2016/2835/2295 2007/2838/2298
f 2016/2835/2296 2014/2836/2296 2007/2839/2299
f 2020/2840/2300 2019/2841/2300 2017/2842/2301
f 2021/2843/2302 2020/2840/2302 2017/2844/2303
f 2019/2845/2304 2021/2843/2304 2017/2846/2305
f 2019/2841/2300 2020/2840/2300 2023/2847/2306 2022/2848/2306
f 2020/2840/2302 2021/2843/2302 2024/2849/2307 2023/2847/2307
f 2021/2843/2304 2019/2845/2304 2022/2850/2308 2024/2849/2308
f 2022/2848/2306 2023/2847/2306 2026/2851/2309 2025/2852/2309
f 2023/2847/2307 2024/2849/2307 2027/2853/2310 2026/2851/2310
f 2024/2849/2308 2022/2850/2308 2025/2854/2311 2027/2853/2311
f 2025/2852/2309 2026/2851/2309 2018/2855/2312
f 2026/2851/2310 2027/2853/2310 2018/2856/2313
f 2027/2853/2311 2025/2854/2311 2018/2857/2314
f 2031/2858/2315 2030/2859/2315 2028/2860/2316
f 2032/2861/2317 2031/2858/2317 2028/2862/2318
f 2030/2863/2319 2032/2861/2319 2028/2864/2320
f 2030/2859/2315 2031/2858/2315 2034/2865/2321 2033/2866/2321
f 2031/2858/2317 2032/2861/2317 2035/2867/2322 2034/2865/2322
f 2032/2861/2319 2030/2863/2319 2033/2868/2323 2035/2867/2323
f 2033/2866/2321 2034/2865/2321 2037/2869/2324 2036/2870/2324
f 2034/2865/2322 2035/2867/2322 2038/2871/2325 2037/2869/2325
f 2035/2867/2323 2033/2868/2323 2036/2872/2326 2038/2871/2326
f 2036/2870/2324 2037/2869/2324 2029/2873/2327
f 2037/2869/2325 2038/2871/2325 2029/2874/2328
f 2038/2871/2326 2036/2872/2326 2029/2875/2329
f 2042/2876/2330 2041/2877/2330 2039/2878/2331
f 2043/2879/2332 2042/2876/2332 2039/2880/2333
f 2041/2881/2334 2043/2879/2334 2039/2882/2335
f 2041/2877/2330 2042/2876/2330 2045/2883/2336 2044/2884/2336
f 2042/2876/2332 2043/2879/2332 2046/2885/2337 2045/2883/2337
f 2043/2879/2334 2041/2881/2334 2044/2886/2338 2046/2885/2338
f 2044/2884/2336 2045/2883/2336 2048/2887/2339 2047/2888/2339
f 2045/2883/2337 2046/2885/2337 2049/2889/2340 2048/2887/2340
f 2046/2885/2338 2044/2886/2338 2047/2890/2341 2049/2889/2341
f 2047/2888/2339 2048/2887/2339 2040/2891/2342
f 2048/2887/2340 2049/2889/2340 2040/2892/2343
f 2049/2889/2341 2047/2890/2341 2040/2893/2344
f 2053/2894/2345 2052/2895/2345 2050/2896/2346
f 2054/2897/2347 2053/2894/2347 2050/2898/2348
f 2052/2899/2349 2054/2897/2349 2050/2900/2350
f 2052/2895/2345 2053/2894/2345 2056/2901/2351 2055/2902/2351
f 2053/2894/2347 2054/2897/2347 2057/2903/2352 2056/2901/2352
f 2054/2897/2349 2052/2899/2349 2055/2904/2353 2057/2903/2353
f 2055/2902/2351 2056/2901/2351 2059/2905/2354 2058/2906/2354
f 2056/2901/2352 2057/2903/2352 2060/2907/2355 2059/2905/2355
f 2057/2903/2353 2055/2904/2353 2058/2908/2356 2060/2907/2356
f 2058/2906/2354 2059/2905/2354 2051/2909/2357
f 2059/2905/2355 2060/2907/2355 2051/2910/2358
f 2060/2907/2356 2058/2908/2356 2051/2911/2359
f 2064/2912/2360 2063/2913/2360 2061/2914/2361
f 2065/2915/2362 2064/2912/2362 2061/2916/2363
f 2063/2917/2364 2065/2915/2364 2061/2918/2365
f 2063/2913/2360 2064/2912/2360 2067/2919/2366 2066/2920/2366
f 2064/2912/2362 2065/2915/2362 2068/2921/2367 2067/2919/2367
f 2065/2915/2364 2063/2917/2364 2066/2922/2368 2068/2921/2368
f 2066/2920/2366 2067/2919/2366 2070/2923/2369 2069/2924/2369
f 2067/2919/2367 2068/2921/2367 2071/2925/2370 2070/2923/2370
f 2068/2921/2368 2066/2922/2368 2069/2926/2371 2071/2925/2371
f 2069/2924/2369 2070/2923/2369 2062/2927/2372
f 2070/2923/2370 2071/2925/2370 2062/2928/2373
f 2071/2925/2371 2069/2926/2371 2062/2929/2374
f 2075/2930/2375 2074/2931/2375 2072/2932/2376
f 2076/2933/2377 2075/2930/2377 2072/2934/2378
f 2074/2935/2379 2076/2933/2379 2072/2936/2380
f 2074/2931/2375 2075/2930/2375 2078/2937/2381 2077/2938/2381
f 2075/2930/2377 2076/2933/2377 2079/2939/2382 2078/2937/2382
f 2076/2933/2379 2074/2935/2379 2077/2940/2383 2079/2939/2383
f 2077/2938/2381 2078/2937/2381 2081/2941/2384 2080/2942/2384
f 2078/2937/2382 2079/2939/2382 2082/2943/2385 2081/2941/2385
f 2079/2939/2383 2077/2940/2383 2080/2944/2386 2082/2943/2386
f 2080/2942/2384 2081/2941/2384 2073/2945/2387
f 2081/2941/2385 2082/2943/2385 2073/2946/2388
f 2082/2943/2386 2080/2944/2386 2073/2947/2389
f 2086/2948/2390 2085/2949/2390 2083/2950/2391
f 2087/2951/2392 2086/2948/2392 2083/2952/2393
f 2085/2953/2394 2087/2951/2394 2083/2954/2395
f 2085/2949/2390 2086/2948/2390 2089/2955/2396 2088/2956/2396
f 2086/2948/2392 2087/2951/2392 2090/2957/2397 2089/2955/2397
f 2087/2951/2394 2085/2953/2394 2088/2958/2398 2090/2957/2398
f 2088/2956/2396 2089/2955/2396 2092/2959/2399 2091/2960/2399
f 2089/2955/2397 2090/2957/2397 2093/2961/2400 2092/2959/2400
f 2090/2957/2398 2088/2958/2398 2091/2962/2401 2093/2961/2401
f 2091/2960/2399 2092/2959/2399 2084/2963/2402
f 2092/2959/2400 2093/2961/2400 2084/2964/2403
f 2093/2961/2401 2091/2962/2401 2084/2965/2404
f 2097/2966/2405 2096/2967/2405 2094/2968/2406
f 2098/2969/2407 2097/2966/2407 2094/2970/2408
f 2096/2971/2409 2098/2969/2409 2094/2972/2410
f 2096/2967/2405 2097/2966/2405 2100/2973/2411 2099/2974/2411
f 2097/2966/2407 2098/2969/2407 2101/2975/2412 2100/2973/2412
f 2098/2969/2409 2096/2971/2409 2099/2976/2413 2101/2975/2413
f 2099/2974/2411 2100/2973/2411 2103/2977/2414 2102/2978/2414
f 2100/2973/2412 2101/2975/2412 2104/2979/2415 2103/2977/2415
f 2101/2975/2413 2099/2976/2413 2102/2980/2416 2104/2979/2416
f 2102/2978/2414 2103/2977/2414 2095/2981/2417
f 2103/2977/2415 2104/2979/2415 2095/2982/2418
f 2104/2979/2416 2102/2980/2416 2095/2983/2419
f 2108/2984/2420 2107/2985/2420 2105/2986/2421
f 2109/2987/2422 2108/2984/2422 2105/2988/2423
f 2107/2989/2424 2109/2987/2424 2105/2990/2425
f 2107/2985/2420 2108/2984/2420 2111/2991/2426 2110/2992/2426
f 2108/2984/2422 2109/2987/2422 2112/2993/2427 2111/2991/2427
f 2109/2987/2424 2107/2989/2424 2110/2994/2428 2112/2993/2428
f 2110/2992/2426 2111/2991/2426 2114/2995/2429 2113/2996/2429
f 2111/2991/2427 2112/2993/2427 2115/2997/2430 2114/2995/2430
f 2112/2993/2428 2110/2994/2428 2113/2998/2431 2115/2997/2431
f 2113/2996/2429 2114/2995/2429 2117/2999/2432 2116/3000/2432
f 2114/2995/2430 2115/2997/2430 2118/3001/2433 2117/2999/2433
f 2115/2997/2431 2113/2998/2431 2116/3002/2434 2118/3001/2434
f 2116/3000/2432 2117/2999/2432 2120/3003/2435 2119/3004/2435
f 2117/2999/2433 2118/3001/2433 2121/3005/2436 2120/3003/2436
f 2118/3001/2434 2116/3002/2434 2119/3006/2437 2121/3005/2437
f 2119/3004/2435 2120/3003/2435 2123/3007/2438 2122/3008/2438
f 2120/3003/2436 2121/3005/2436 2124/3009/2439 2123/3007/2439
f 2121/3005/2437 2119/3006/2437 2122/3010/2440 2124/3009/2440
f 2122/3008/2438 2123/3007/2438 2126/3011/2441 2125/3012/2441
f 2123/3007/2439 2124/3009/2439 2127/3013/2442 2126/3011/2442
f 2124/3009/2440 2122/3010/2440 2125/3014/2443 2127/3013/2443
f 2125/3012/2441 2126/3011/2441 2129/3015/2444 2128/3016/2444
f 2126/3011/2442 2127/3013/2442 2130/3017/2445 2129/3015/2445
f 2127/3013/2443 2125/3014/2443 2128/3018/2446 2130/3017/2446
f 2128/3016/2444 2129/3015/2444 2132/3019/2447 2131/3020/2447
f 2129/3015/2445 2130/3017/2445 2133/3021/2448 2132/3019/2448
f 2130/3017/2446 2128/3018/2446 2131/3022/2449 2133/3021/2449
f 2131/3020/2447 2132/3019/2447 2106/3023/2450
f 2132/3019/2448 2133/3021/2448 2106/3024/2451
f 2133/3021/2449 2131/3022/2449 2106/3025/2452
